user_id;education;car_flg;flat_flg;gender;salary;age;previous_purchases_flg;in_users_base_flg;number_of_previous_products
0;primary;0;1.0;0;8643.0;61.0;0;0;3.0
1;secondary;0;0.0;0;5537.0;44.0;0;1;11.0
2;primary;1;1.0;0;8985.0;50.0;0;1;39.0
3;secondary;1;0.0;0;5547.0;57.0;0;1;8.0
4;higher;0;0.0;1;9211.0;54.0;0;1;7.0
5;secondary;0;1.0;0;10004.0;63.0;0;1;9.0
6;higher;1;1.0;0;7748.0;44.0;0;1;10.0
7;secondary;0;1.0;1;9924.0;51.0;1;1;17.0
8;higher;1;1.0;1;9428.0;47.0;0;1;12.0
9;secondary;1;1.0;0;5320.0;59.0;1;1;1.0
10;higher;1;0.0;0;12174.0;45.0;0;0;
11;secondary;1;0.0;0;11259.0;43.0;0;1;6.0
12;primary;1;1.0;1;5816.0;52.0;0;1;13.0
13;secondary;1;1.0;0;9000.0;50.0;0;0;6.0
14;secondary;1;0.0;0;8354.0;68.0;0;1;8.0
15;secondary;1;1.0;0;7446.0;57.0;1;0;12.0
16;primary;0;1.0;0;9010.0;51.0;0;1;12.0
17;higher;1;0.0;0;10034.0;57.0;0;0;4.0
18;higher;1;;0;7933.0;52.0;0;0;39.0
19;secondary;0;0.0;1;8864.0;60.0;0;0;34.0
20;higher;1;0.0;0;7547.0;51.0;0;1;38.0
21;higher;0;1.0;0;12030.0;56.0;0;1;13.0
22;higher;1;1.0;0;8355.0;43.0;0;1;
23;primary;0;1.0;1;8917.0;61.0;0;1;12.0
24;higher;0;0.0;0;6280.0;51.0;0;0;4.0
25;higher;1;1.0;0;7145.0;60.0;0;1;1.0
26;primary;0;1.0;0;6744.0;44.0;0;1;10.0
27;higher;0;0.0;0;6486.0;48.0;0;1;3.0
28;higher;1;1.0;0;14619.0;48.0;0;1;14.0
29;higher;0;1.0;0;10888.0;54.0;0;1;12.0
30;secondary;1;0.0;1;9132.0;;0;0;10.0
31;higher;1;0.0;1;4396.0;52.0;0;1;
32;secondary;0;1.0;0;6455.0;49.0;1;1;11.0
33;secondary;1;1.0;1;7392.0;51.0;0;1;7.0
34;primary;1;0.0;0;5679.0;54.0;0;1;4.0
35;secondary;0;1.0;0;9716.0;44.0;0;1;8.0
36;higher;1;1.0;1;8779.0;59.0;1;1;11.0
37;primary;0;1.0;0;7145.0;;0;1;11.0
38;primary;1;0.0;0;12111.0;50.0;0;1;2.0
39;primary;1;1.0;0;9389.0;48.0;1;1;32.0
40;primary;1;0.0;1;;63.0;0;1;5.0
41;higher;0;0.0;0;4432.0;48.0;0;1;33.0
42;primary;0;0.0;0;10634.0;53.0;0;1;7.0
43;primary;1;1.0;0;8423.0;52.0;0;0;7.0
44;secondary;0;1.0;0;8824.0;51.0;0;0;10.0
45;secondary;0;1.0;0;7745.0;56.0;0;1;7.0
46;secondary;1;0.0;1;9735.0;63.0;0;1;11.0
47;secondary;1;1.0;0;4545.0;46.0;0;0;9.0
48;higher;1;1.0;1;5472.0;50.0;0;1;0.0
49;primary;0;1.0;1;6576.0;49.0;0;1;11.0
50;higher;0;0.0;1;7857.0;59.0;0;0;10.0
51;secondary;1;1.0;1;8274.0;53.0;0;1;4.0
52;primary;0;1.0;1;6057.0;33.0;1;1;11.0
53;primary;1;1.0;0;6482.0;57.0;0;1;15.0
54;higher;0;1.0;0;5065.0;44.0;0;0;
55;secondary;0;1.0;0;7768.0;54.0;0;1;15.0
56;secondary;0;1.0;1;8629.0;55.0;0;1;4.0
57;higher;1;0.0;1;6572.0;50.0;0;1;3.0
58;primary;0;0.0;0;12985.0;46.0;0;1;8.0
59;higher;1;1.0;0;8644.0;52.0;0;1;10.0
60;higher;1;0.0;0;8125.0;61.0;0;1;8.0
61;higher;1;0.0;0;6407.0;38.0;0;1;6.0
62;secondary;0;1.0;0;6170.0;48.0;0;1;10.0
63;higher;0;1.0;0;9688.0;50.0;0;0;6.0
64;higher;1;0.0;0;5180.0;51.0;0;0;12.0
65;primary;1;1.0;1;6446.0;43.0;1;1;7.0
66;primary;0;0.0;1;10005.0;54.0;0;1;
67;secondary;1;0.0;0;8368.0;55.0;0;1;14.0
68;primary;1;1.0;0;12735.0;44.0;0;1;9.0
69;secondary;1;0.0;0;9009.0;50.0;0;1;14.0
70;primary;1;1.0;0;5772.0;55.0;0;1;9.0
71;primary;1;0.0;0;10033.0;41.0;0;1;9.0
72;secondary;1;1.0;0;8040.0;49.0;1;0;8.0
73;higher;1;0.0;0;6479.0;51.0;1;0;10.0
74;higher;1;0.0;1;8731.0;53.0;1;1;10.0
75;primary;0;1.0;0;8170.0;51.0;0;1;4.0
76;secondary;0;0.0;1;5468.0;47.0;0;1;10.0
77;secondary;1;1.0;1;9922.0;;0;1;11.0
78;secondary;1;0.0;0;6325.0;57.0;0;1;6.0
79;secondary;0;1.0;0;6347.0;49.0;0;1;2.0
80;secondary;1;1.0;0;6403.0;66.0;0;1;6.0
81;higher;1;0.0;0;11392.0;53.0;0;1;2.0
82;higher;1;0.0;0;9808.0;58.0;0;1;9.0
83;secondary;1;0.0;0;5591.0;50.0;0;1;
84;secondary;1;1.0;0;7421.0;49.0;0;1;14.0
85;higher;0;1.0;0;6483.0;;0;1;12.0
86;secondary;1;0.0;0;5685.0;49.0;0;1;9.0
87;primary;1;1.0;1;7407.0;62.0;1;0;18.0
88;primary;0;1.0;0;6735.0;58.0;0;1;
89;higher;0;0.0;0;10193.0;;0;1;11.0
90;secondary;1;0.0;0;7193.0;46.0;0;1;9.0
91;primary;1;1.0;1;6869.0;45.0;0;1;10.0
92;higher;1;1.0;0;7252.0;51.0;0;1;11.0
93;primary;1;1.0;0;7961.0;57.0;0;1;8.0
94;secondary;0;0.0;0;6297.0;48.0;0;0;5.0
95;higher;1;1.0;0;10431.0;55.0;0;0;6.0
96;primary;1;1.0;0;6082.0;;0;0;8.0
97;secondary;0;0.0;0;11045.0;48.0;0;1;25.0
98;secondary;0;0.0;0;4333.0;24.0;1;1;12.0
99;secondary;1;1.0;0;10769.0;57.0;0;1;6.0
100;secondary;1;0.0;0;7438.0;43.0;1;1;8.0
101;primary;1;1.0;1;10390.0;44.0;0;1;9.0
102;secondary;1;0.0;0;5375.0;49.0;0;1;11.0
103;primary;0;1.0;0;7046.0;57.0;0;1;8.0
104;secondary;1;0.0;0;12176.0;50.0;0;1;18.0
105;higher;1;0.0;1;5464.0;37.0;1;1;7.0
106;secondary;1;1.0;0;8812.0;58.0;0;1;12.0
107;primary;1;0.0;0;7603.0;38.0;1;1;14.0
108;secondary;1;1.0;0;10665.0;61.0;0;1;10.0
109;higher;1;1.0;1;6315.0;42.0;0;1;9.0
110;higher;0;1.0;1;6290.0;;0;1;10.0
111;secondary;1;0.0;1;9383.0;48.0;0;0;8.0
112;secondary;1;0.0;0;9993.0;47.0;0;1;4.0
113;secondary;1;0.0;0;11520.0;45.0;0;1;11.0
114;primary;0;1.0;1;6407.0;52.0;0;1;
115;secondary;1;1.0;1;11269.0;45.0;0;0;12.0
116;higher;1;1.0;1;;53.0;0;1;3.0
117;higher;0;1.0;0;10111.0;45.0;0;1;7.0
118;primary;0;1.0;0;7448.0;53.0;0;1;17.0
119;higher;0;1.0;1;7242.0;43.0;1;0;0.0
120;secondary;0;0.0;0;4168.0;60.0;0;1;7.0
121;secondary;1;1.0;0;7147.0;46.0;0;1;12.0
122;secondary;1;0.0;0;7395.0;59.0;0;1;32.0
123;higher;0;1.0;0;8727.0;43.0;0;1;9.0
124;secondary;0;1.0;1;6077.0;59.0;0;1;6.0
125;secondary;1;1.0;0;6654.0;59.0;0;0;6.0
126;primary;1;0.0;0;8843.0;65.0;0;1;5.0
127;primary;1;0.0;1;6832.0;50.0;0;1;11.0
128;higher;1;1.0;1;6880.0;28.0;1;1;8.0
129;higher;0;0.0;1;7108.0;52.0;0;1;0.0
130;higher;1;0.0;0;6247.0;49.0;0;1;11.0
131;higher;0;;0;7881.0;52.0;0;1;4.0
132;higher;1;0.0;1;7634.0;55.0;1;1;23.0
133;higher;1;0.0;1;8386.0;36.0;1;0;13.0
134;secondary;1;0.0;0;8350.0;53.0;0;1;14.0
135;primary;1;0.0;1;8753.0;48.0;1;1;8.0
136;primary;0;1.0;0;7498.0;52.0;0;1;10.0
137;secondary;1;1.0;0;7211.0;63.0;0;1;0.0
138;secondary;0;;0;7681.0;52.0;0;1;7.0
139;secondary;1;1.0;0;11267.0;44.0;0;1;6.0
140;higher;0;0.0;0;9838.0;57.0;0;1;10.0
141;secondary;1;0.0;1;8886.0;52.0;0;0;
142;higher;1;1.0;1;7683.0;44.0;1;1;4.0
143;secondary;1;0.0;0;7270.0;50.0;0;1;8.0
144;primary;0;1.0;0;7337.0;49.0;0;1;10.0
145;higher;1;1.0;0;6474.0;53.0;1;0;10.0
146;primary;1;0.0;0;5892.0;48.0;1;1;6.0
147;secondary;1;0.0;0;5978.0;46.0;0;1;11.0
148;primary;1;1.0;0;6403.0;51.0;1;1;0.0
149;secondary;1;0.0;0;6205.0;61.0;0;1;8.0
150;higher;1;0.0;1;9295.0;51.0;0;0;9.0
151;secondary;1;1.0;0;14562.0;48.0;0;1;9.0
152;primary;1;1.0;0;6980.0;54.0;0;1;13.0
153;higher;1;0.0;0;7049.0;52.0;0;1;12.0
154;primary;1;1.0;0;6422.0;53.0;0;1;10.0
155;secondary;1;0.0;1;10467.0;51.0;0;1;0.0
156;secondary;1;0.0;0;8345.0;53.0;0;1;13.0
157;secondary;1;1.0;0;8418.0;58.0;0;1;12.0
158;secondary;0;0.0;0;10873.0;46.0;0;1;7.0
159;primary;0;0.0;0;10335.0;60.0;0;1;9.0
160;higher;1;0.0;1;8570.0;47.0;0;1;8.0
161;primary;0;0.0;0;11978.0;45.0;0;1;6.0
162;higher;1;1.0;0;7130.0;61.0;0;1;9.0
163;secondary;0;0.0;1;11407.0;52.0;0;1;6.0
164;secondary;0;1.0;0;8492.0;49.0;0;1;
165;primary;0;1.0;0;6338.0;58.0;0;1;13.0
166;primary;1;0.0;1;10203.0;44.0;0;1;5.0
167;primary;0;0.0;0;7879.0;53.0;0;1;9.0
168;primary;0;0.0;1;8323.0;48.0;0;1;10.0
169;higher;0;1.0;1;5782.0;45.0;0;1;11.0
170;higher;1;0.0;1;5758.0;41.0;0;0;9.0
171;higher;0;1.0;0;14238.0;42.0;0;1;6.0
172;primary;1;0.0;1;6384.0;64.0;1;1;
173;secondary;1;0.0;0;6520.0;50.0;1;1;3.0
174;primary;1;0.0;1;6388.0;50.0;0;1;9.0
175;secondary;1;0.0;0;7811.0;56.0;0;0;7.0
176;higher;0;0.0;0;5770.0;43.0;0;1;9.0
177;secondary;1;0.0;0;10724.0;53.0;0;1;12.0
178;secondary;0;1.0;0;10421.0;53.0;0;1;5.0
179;primary;1;1.0;1;7132.0;57.0;0;1;14.0
180;secondary;1;1.0;1;5902.0;49.0;0;1;11.0
181;primary;0;1.0;1;9373.0;53.0;1;1;12.0
182;primary;1;0.0;1;5913.0;45.0;0;1;12.0
183;secondary;1;0.0;1;8171.0;52.0;1;1;7.0
184;higher;0;0.0;1;6133.0;55.0;1;1;
185;primary;0;1.0;1;4801.0;50.0;0;1;
186;higher;0;1.0;0;6991.0;;1;1;6.0
187;secondary;1;0.0;0;10240.0;53.0;0;1;7.0
188;secondary;0;0.0;0;15541.0;38.0;0;1;6.0
189;secondary;1;1.0;0;6880.0;53.0;0;1;8.0
190;secondary;1;1.0;1;7289.0;69.0;1;1;24.0
191;primary;1;1.0;1;4681.0;44.0;0;1;12.0
192;higher;0;1.0;1;8438.0;43.0;0;0;9.0
193;secondary;1;1.0;1;7149.0;53.0;0;1;9.0
194;secondary;0;1.0;1;5553.0;50.0;1;0;31.0
195;higher;0;0.0;1;4322.0;;1;1;10.0
196;primary;0;1.0;0;8781.0;50.0;0;1;11.0
197;higher;1;0.0;1;8330.0;40.0;1;0;
198;primary;1;1.0;1;6543.0;49.0;1;1;7.0
199;primary;0;0.0;1;5707.0;50.0;0;1;13.0
200;secondary;0;0.0;1;6512.0;58.0;0;1;5.0
201;secondary;1;1.0;0;8463.0;42.0;0;0;12.0
202;higher;0;1.0;0;8568.0;36.0;0;1;3.0
203;secondary;0;1.0;0;9436.0;55.0;0;1;14.0
204;higher;1;0.0;1;12191.0;49.0;0;0;5.0
205;secondary;1;0.0;0;8538.0;38.0;1;1;10.0
206;secondary;0;1.0;0;5960.0;53.0;0;1;9.0
207;higher;1;0.0;1;5509.0;56.0;0;1;11.0
208;secondary;0;0.0;0;7892.0;62.0;0;0;7.0
209;secondary;1;0.0;0;7666.0;32.0;1;1;36.0
210;higher;0;0.0;0;;44.0;0;1;34.0
211;secondary;1;1.0;0;7083.0;51.0;0;1;6.0
212;primary;1;0.0;1;7191.0;52.0;0;1;5.0
213;higher;0;0.0;1;6504.0;30.0;0;1;11.0
214;secondary;1;0.0;0;6950.0;60.0;0;1;12.0
215;primary;1;1.0;0;10199.0;;0;1;11.0
216;higher;1;1.0;0;7478.0;43.0;0;1;6.0
217;secondary;0;0.0;0;8045.0;52.0;0;0;12.0
218;higher;0;1.0;0;8386.0;52.0;0;0;15.0
219;primary;1;1.0;0;9186.0;;0;1;
220;higher;0;1.0;1;4988.0;46.0;0;1;12.0
221;higher;1;1.0;0;5436.0;34.0;0;1;14.0
222;primary;1;0.0;0;6550.0;51.0;0;1;4.0
223;secondary;0;0.0;0;11985.0;45.0;0;1;13.0
224;primary;1;1.0;0;4903.0;53.0;0;1;
225;higher;0;1.0;1;8736.0;44.0;0;1;7.0
226;primary;1;1.0;0;10421.0;46.0;0;1;12.0
227;higher;1;1.0;0;9417.0;47.0;0;1;7.0
228;higher;1;1.0;0;9591.0;41.0;0;1;6.0
229;secondary;1;0.0;1;5960.0;50.0;0;1;
230;higher;1;1.0;1;6746.0;55.0;0;1;11.0
231;primary;1;0.0;0;10820.0;;0;1;8.0
232;higher;0;1.0;0;8006.0;49.0;0;1;8.0
233;secondary;0;0.0;1;6123.0;42.0;0;1;10.0
234;primary;1;0.0;0;9235.0;46.0;0;1;11.0
235;higher;0;1.0;1;8373.0;57.0;0;0;
236;higher;1;0.0;0;10333.0;49.0;0;1;12.0
237;higher;1;1.0;0;11970.0;38.0;0;1;
238;higher;0;0.0;0;6945.0;37.0;0;0;
239;primary;1;1.0;0;10749.0;43.0;0;1;13.0
240;higher;1;0.0;0;9161.0;41.0;0;0;6.0
241;secondary;1;0.0;0;7512.0;56.0;0;0;12.0
242;primary;1;1.0;0;7275.0;57.0;0;0;4.0
243;higher;1;1.0;1;8986.0;45.0;0;1;13.0
244;secondary;0;0.0;0;7393.0;47.0;0;1;6.0
245;secondary;1;0.0;0;9600.0;63.0;0;0;8.0
246;higher;1;1.0;0;5433.0;41.0;1;1;11.0
247;secondary;0;0.0;1;11760.0;62.0;0;1;5.0
248;secondary;1;0.0;0;7663.0;49.0;0;0;3.0
249;higher;1;1.0;1;8268.0;45.0;1;1;10.0
250;secondary;1;0.0;0;6726.0;39.0;0;1;12.0
251;higher;0;1.0;1;8213.0;37.0;0;0;6.0
252;secondary;0;0.0;1;7892.0;61.0;0;0;9.0
253;secondary;1;1.0;0;6254.0;52.0;0;1;
254;primary;0;0.0;0;8220.0;60.0;0;0;11.0
255;higher;1;1.0;1;9742.0;42.0;1;1;11.0
256;higher;0;1.0;1;6915.0;46.0;0;1;11.0
257;secondary;0;1.0;0;8986.0;58.0;0;0;11.0
258;secondary;1;1.0;0;10407.0;52.0;0;0;10.0
259;primary;1;0.0;1;7084.0;46.0;1;0;10.0
260;higher;1;1.0;0;9501.0;55.0;0;0;34.0
261;secondary;0;1.0;1;11107.0;54.0;0;1;8.0
262;primary;0;1.0;0;7792.0;64.0;0;0;10.0
263;primary;1;1.0;0;11049.0;42.0;0;1;9.0
264;secondary;1;0.0;1;9555.0;48.0;0;1;
265;primary;1;0.0;0;10360.0;55.0;0;1;10.0
266;higher;1;1.0;1;4716.0;63.0;0;1;3.0
267;primary;1;1.0;0;7096.0;59.0;0;1;7.0
268;higher;1;0.0;0;11527.0;;0;1;4.0
269;secondary;0;1.0;0;7035.0;49.0;0;1;10.0
270;higher;0;1.0;1;7916.0;46.0;1;1;13.0
271;higher;1;1.0;1;8083.0;46.0;1;1;
272;higher;1;1.0;1;5396.0;30.0;1;1;
273;secondary;1;1.0;0;9428.0;49.0;0;1;7.0
274;secondary;1;1.0;1;6858.0;53.0;0;1;2.0
275;primary;0;0.0;1;10182.0;45.0;0;1;3.0
276;secondary;0;1.0;1;7680.0;55.0;0;1;11.0
277;secondary;0;0.0;1;6514.0;43.0;0;1;13.0
278;higher;1;0.0;1;9569.0;55.0;0;1;8.0
279;secondary;1;1.0;1;11197.0;65.0;0;1;1.0
280;secondary;1;1.0;1;5755.0;44.0;0;1;10.0
281;primary;0;1.0;1;6121.0;45.0;0;0;
282;primary;0;1.0;1;7931.0;57.0;1;1;11.0
283;higher;1;0.0;1;9600.0;47.0;0;1;10.0
284;secondary;1;1.0;0;7817.0;56.0;0;1;12.0
285;higher;1;0.0;1;7640.0;43.0;0;1;
286;primary;1;0.0;0;9671.0;44.0;0;0;4.0
287;higher;1;1.0;0;14129.0;43.0;0;0;
288;secondary;1;1.0;1;7434.0;48.0;1;1;39.0
289;higher;1;1.0;1;10626.0;46.0;0;1;38.0
290;secondary;1;0.0;0;9859.0;58.0;1;0;6.0
291;secondary;0;0.0;0;;55.0;0;0;
292;higher;1;0.0;0;7179.0;43.0;0;1;8.0
293;secondary;1;1.0;0;8042.0;48.0;0;1;8.0
294;higher;1;1.0;1;7721.0;53.0;0;1;7.0
295;primary;1;1.0;0;9970.0;41.0;1;0;12.0
296;primary;1;1.0;0;6857.0;;0;1;6.0
297;secondary;0;1.0;0;7081.0;37.0;1;1;1.0
298;secondary;1;0.0;0;11535.0;51.0;0;1;3.0
299;primary;1;0.0;0;6067.0;49.0;0;0;
300;primary;1;0.0;1;5342.0;37.0;1;1;8.0
301;higher;1;0.0;0;7183.0;56.0;0;0;9.0
302;secondary;1;0.0;1;5978.0;;1;1;6.0
303;higher;1;1.0;0;12573.0;40.0;0;1;14.0
304;primary;1;1.0;1;5896.0;55.0;0;1;11.0
305;primary;0;;1;6887.0;18.0;1;0;3.0
306;higher;0;1.0;1;8141.0;53.0;0;1;8.0
307;higher;1;1.0;0;13773.0;50.0;0;0;12.0
308;secondary;1;0.0;1;6701.0;58.0;0;1;12.0
309;primary;0;0.0;1;11129.0;50.0;0;0;13.0
310;higher;1;0.0;0;7143.0;69.0;0;1;5.0
311;higher;1;1.0;1;6006.0;46.0;0;1;12.0
312;higher;1;0.0;1;8031.0;52.0;0;1;
313;higher;0;1.0;0;7867.0;53.0;0;1;8.0
314;secondary;1;1.0;0;10836.0;55.0;1;0;4.0
315;higher;1;1.0;0;12320.0;43.0;0;1;6.0
316;higher;1;1.0;0;6902.0;48.0;0;1;6.0
317;higher;1;1.0;0;7668.0;46.0;0;1;
318;primary;0;1.0;0;10976.0;52.0;0;1;12.0
319;primary;1;1.0;0;7906.0;48.0;0;1;0.0
320;secondary;1;1.0;0;11387.0;50.0;0;1;12.0
321;higher;1;1.0;1;6609.0;36.0;1;1;6.0
322;higher;1;1.0;0;8804.0;58.0;0;1;15.0
323;secondary;0;0.0;1;4861.0;53.0;0;1;7.0
324;secondary;0;1.0;0;6373.0;30.0;1;1;7.0
325;secondary;0;1.0;0;8689.0;54.0;0;0;10.0
326;higher;0;1.0;1;10890.0;44.0;0;1;9.0
327;secondary;1;1.0;0;6153.0;45.0;0;1;8.0
328;higher;1;0.0;0;10644.0;55.0;0;1;0.0
329;secondary;0;1.0;1;5912.0;47.0;1;0;12.0
330;secondary;1;0.0;1;12168.0;51.0;0;1;11.0
331;higher;1;0.0;0;7478.0;56.0;0;1;
332;secondary;0;1.0;0;6394.0;48.0;1;1;1.0
333;higher;1;1.0;1;10024.0;50.0;0;1;8.0
334;secondary;0;1.0;0;6671.0;56.0;0;1;9.0
335;secondary;0;1.0;0;8662.0;52.0;0;1;11.0
336;higher;1;0.0;0;5143.0;49.0;0;1;9.0
337;higher;0;1.0;1;6505.0;37.0;1;1;10.0
338;secondary;1;1.0;0;8500.0;50.0;0;1;5.0
339;primary;1;0.0;1;8522.0;43.0;0;1;13.0
340;primary;1;1.0;0;8085.0;57.0;1;1;1.0
341;secondary;0;0.0;0;7302.0;50.0;0;1;5.0
342;higher;1;;0;8046.0;66.0;0;1;11.0
343;secondary;1;1.0;1;10541.0;54.0;0;1;8.0
344;secondary;0;0.0;0;6028.0;53.0;0;1;7.0
345;secondary;1;1.0;0;7833.0;56.0;0;1;
346;secondary;1;1.0;0;6919.0;49.0;0;1;5.0
347;primary;1;1.0;0;9948.0;57.0;0;0;10.0
348;secondary;1;1.0;0;10766.0;51.0;0;1;4.0
349;secondary;0;0.0;1;8934.0;51.0;0;1;11.0
350;primary;1;1.0;0;6836.0;45.0;0;1;5.0
351;secondary;1;1.0;1;5747.0;40.0;1;1;10.0
352;higher;0;0.0;0;9007.0;44.0;0;0;
353;secondary;1;0.0;1;;64.0;0;1;6.0
354;higher;1;1.0;0;8373.0;49.0;0;0;3.0
355;higher;1;0.0;1;6646.0;55.0;0;1;12.0
356;higher;1;1.0;0;8661.0;62.0;1;0;4.0
357;secondary;0;0.0;0;6884.0;59.0;0;1;5.0
358;higher;1;0.0;1;9382.0;60.0;0;1;6.0
359;secondary;0;1.0;0;12751.0;58.0;0;1;8.0
360;secondary;1;1.0;0;7452.0;49.0;1;1;14.0
361;higher;0;1.0;0;8218.0;53.0;0;0;6.0
362;secondary;0;0.0;0;12517.0;37.0;0;1;2.0
363;secondary;0;1.0;0;9358.0;47.0;0;1;9.0
364;primary;1;1.0;1;12019.0;58.0;0;1;0.0
365;secondary;1;1.0;0;9669.0;61.0;1;1;1.0
366;secondary;1;1.0;0;5862.0;55.0;0;0;7.0
367;primary;1;1.0;1;;46.0;0;1;9.0
368;primary;0;1.0;0;7625.0;47.0;0;1;5.0
369;secondary;0;0.0;0;11178.0;47.0;0;1;14.0
370;secondary;1;1.0;0;12250.0;49.0;0;1;36.0
371;higher;1;1.0;0;6527.0;48.0;0;1;7.0
372;secondary;0;0.0;0;6999.0;57.0;0;0;6.0
373;primary;1;1.0;1;12414.0;53.0;0;0;10.0
374;primary;1;1.0;0;6781.0;60.0;0;1;
375;higher;0;0.0;0;7341.0;59.0;0;1;
376;primary;1;1.0;1;10905.0;49.0;0;1;12.0
377;primary;0;0.0;1;14287.0;52.0;0;1;9.0
378;higher;0;1.0;0;10341.0;54.0;0;1;11.0
379;higher;0;1.0;1;7633.0;42.0;1;1;12.0
380;primary;1;1.0;0;12441.0;50.0;0;1;5.0
381;primary;0;1.0;1;8406.0;52.0;1;1;9.0
382;higher;0;1.0;0;11854.0;49.0;1;1;
383;higher;0;0.0;0;9662.0;51.0;0;1;10.0
384;primary;0;0.0;0;9694.0;;0;1;8.0
385;primary;1;1.0;0;8320.0;54.0;0;1;4.0
386;higher;1;0.0;0;9993.0;57.0;0;1;2.0
387;primary;1;0.0;1;7018.0;55.0;0;1;
388;primary;0;0.0;0;6775.0;52.0;0;0;7.0
389;primary;0;1.0;0;9864.0;53.0;0;1;6.0
390;secondary;1;0.0;0;10408.0;48.0;0;0;11.0
391;higher;1;;0;10554.0;44.0;0;1;11.0
392;primary;1;0.0;0;11820.0;54.0;0;1;2.0
393;higher;1;1.0;0;6943.0;54.0;0;0;4.0
394;higher;1;1.0;0;7764.0;49.0;0;1;9.0
395;secondary;1;1.0;0;12012.0;45.0;0;1;
396;secondary;1;1.0;0;8593.0;50.0;1;0;10.0
397;secondary;1;0.0;0;8238.0;33.0;1;0;5.0
398;secondary;1;1.0;0;12148.0;56.0;0;0;8.0
399;primary;1;1.0;0;6712.0;51.0;0;1;5.0
400;primary;0;0.0;0;9237.0;54.0;0;1;12.0
401;higher;1;0.0;0;10966.0;42.0;0;1;18.0
402;secondary;0;1.0;1;11979.0;58.0;0;1;10.0
403;higher;0;1.0;0;7931.0;60.0;0;1;2.0
404;higher;0;0.0;0;8789.0;57.0;0;1;11.0
405;secondary;0;1.0;0;8343.0;54.0;0;1;
406;secondary;0;0.0;1;;53.0;0;0;11.0
407;secondary;1;1.0;0;11433.0;50.0;0;1;3.0
408;higher;1;1.0;0;6607.0;41.0;0;1;8.0
409;higher;1;0.0;0;8114.0;52.0;0;1;1.0
410;higher;0;1.0;1;6796.0;62.0;0;1;1.0
411;higher;1;0.0;0;11871.0;43.0;0;1;5.0
412;higher;1;1.0;0;10825.0;47.0;0;0;10.0
413;higher;0;0.0;0;7642.0;48.0;0;1;11.0
414;secondary;0;1.0;1;11763.0;56.0;0;1;1.0
415;secondary;0;1.0;0;6460.0;57.0;0;0;11.0
416;primary;1;1.0;0;7014.0;47.0;0;1;13.0
417;higher;1;1.0;0;4946.0;35.0;1;1;8.0
418;primary;0;0.0;0;7652.0;62.0;0;1;12.0
419;higher;1;1.0;1;11298.0;48.0;1;0;4.0
420;primary;0;0.0;0;6904.0;61.0;0;1;7.0
421;secondary;1;0.0;0;7270.0;49.0;0;1;7.0
422;higher;1;1.0;1;7496.0;55.0;0;1;3.0
423;secondary;0;1.0;0;10182.0;55.0;0;0;13.0
424;secondary;0;0.0;1;10218.0;54.0;0;1;9.0
425;secondary;1;0.0;0;;53.0;0;1;0.0
426;primary;1;1.0;0;6697.0;55.0;0;1;0.0
427;higher;1;0.0;1;8605.0;59.0;0;1;9.0
428;secondary;0;0.0;0;11382.0;44.0;0;1;10.0
429;primary;0;1.0;1;6987.0;54.0;0;1;12.0
430;primary;1;0.0;0;6269.0;50.0;0;1;7.0
431;secondary;0;0.0;0;6555.0;42.0;1;0;9.0
432;secondary;0;0.0;0;10501.0;42.0;0;1;7.0
433;higher;1;1.0;1;9016.0;47.0;0;0;10.0
434;primary;1;0.0;1;10036.0;54.0;0;0;11.0
435;higher;1;0.0;1;11601.0;48.0;0;1;2.0
436;secondary;1;0.0;0;;54.0;0;1;
437;primary;1;1.0;0;10437.0;45.0;0;1;
438;primary;0;0.0;1;5243.0;52.0;0;1;7.0
439;higher;0;0.0;0;5877.0;55.0;0;1;11.0
440;primary;1;0.0;1;8959.0;49.0;0;1;12.0
441;higher;1;0.0;1;5409.0;60.0;0;1;6.0
442;higher;1;0.0;1;8852.0;65.0;0;1;11.0
443;secondary;0;1.0;0;8520.0;50.0;0;1;4.0
444;secondary;1;1.0;1;;33.0;0;0;11.0
445;secondary;0;;1;7897.0;55.0;0;1;4.0
446;primary;1;1.0;0;10597.0;54.0;0;1;7.0
447;higher;0;1.0;0;5668.0;45.0;0;1;12.0
448;primary;0;0.0;0;3974.0;48.0;0;0;12.0
449;higher;1;0.0;0;5676.0;47.0;0;1;9.0
450;higher;1;0.0;0;8650.0;40.0;0;1;13.0
451;higher;0;1.0;0;5101.0;31.0;1;1;17.0
452;higher;1;0.0;0;11694.0;62.0;0;0;13.0
453;higher;1;1.0;1;7058.0;54.0;1;1;11.0
454;higher;1;1.0;0;7016.0;61.0;0;1;0.0
455;primary;0;0.0;0;7023.0;59.0;0;1;4.0
456;primary;1;0.0;0;7125.0;58.0;0;1;5.0
457;higher;1;0.0;1;10217.0;51.0;0;1;
458;primary;1;0.0;0;9416.0;54.0;1;1;10.0
459;higher;1;0.0;0;7103.0;57.0;0;1;13.0
460;higher;1;0.0;0;7353.0;63.0;0;1;11.0
461;higher;1;1.0;0;10337.0;47.0;0;1;2.0
462;primary;1;0.0;0;13058.0;52.0;0;0;11.0
463;primary;0;0.0;0;10233.0;57.0;0;1;9.0
464;secondary;0;1.0;0;9901.0;61.0;0;1;
465;secondary;1;;0;8364.0;53.0;1;1;15.0
466;primary;0;0.0;0;9507.0;40.0;0;0;12.0
467;secondary;1;1.0;0;5916.0;55.0;0;1;
468;secondary;1;1.0;0;10718.0;44.0;0;1;0.0
469;secondary;1;0.0;0;6786.0;51.0;0;1;4.0
470;secondary;0;;0;9091.0;45.0;0;1;0.0
471;primary;1;1.0;0;5353.0;46.0;0;1;11.0
472;primary;0;1.0;0;7849.0;58.0;0;1;10.0
473;primary;1;1.0;0;6347.0;41.0;0;1;0.0
474;primary;1;0.0;0;6412.0;56.0;0;1;10.0
475;primary;0;0.0;1;10265.0;47.0;0;1;11.0
476;primary;0;1.0;0;7837.0;56.0;0;1;3.0
477;secondary;1;0.0;0;12593.0;55.0;0;1;12.0
478;primary;1;1.0;0;;60.0;0;0;8.0
479;higher;1;1.0;1;7084.0;53.0;1;1;34.0
480;higher;1;1.0;0;10116.0;60.0;0;1;0.0
481;primary;1;0.0;1;13223.0;55.0;0;1;
482;primary;1;0.0;1;9932.0;54.0;1;1;
483;primary;1;1.0;0;10794.0;61.0;0;1;8.0
484;higher;0;1.0;0;13309.0;40.0;0;1;4.0
485;primary;1;1.0;0;12720.0;48.0;0;1;12.0
486;higher;0;1.0;0;7009.0;42.0;0;1;8.0
487;higher;1;0.0;0;6630.0;65.0;0;1;12.0
488;primary;0;1.0;0;7964.0;50.0;0;0;5.0
489;primary;1;1.0;0;5861.0;55.0;0;1;4.0
490;secondary;0;1.0;1;8073.0;51.0;1;0;10.0
491;primary;0;0.0;1;9863.0;51.0;1;1;8.0
492;higher;0;0.0;0;8412.0;53.0;0;1;3.0
493;secondary;1;0.0;0;10257.0;56.0;0;1;10.0
494;higher;1;0.0;1;10247.0;53.0;0;1;11.0
495;primary;1;1.0;0;6886.0;73.0;0;0;5.0
496;primary;1;0.0;0;5358.0;48.0;1;1;
497;primary;1;0.0;1;6445.0;50.0;0;0;9.0
498;primary;0;1.0;0;7643.0;56.0;1;1;19.0
499;higher;1;0.0;1;6597.0;52.0;0;1;0.0
500;higher;0;1.0;0;10415.0;52.0;0;1;
501;higher;1;1.0;1;7800.0;60.0;0;1;12.0
502;primary;0;1.0;0;6767.0;57.0;0;1;8.0
503;higher;0;0.0;0;12010.0;53.0;0;1;10.0
504;secondary;0;0.0;1;12045.0;47.0;0;0;
505;secondary;1;0.0;1;6480.0;40.0;1;1;10.0
506;higher;1;0.0;0;6082.0;42.0;1;0;11.0
507;higher;0;1.0;0;7330.0;54.0;0;1;2.0
508;secondary;1;1.0;0;7934.0;54.0;0;1;11.0
509;secondary;1;0.0;0;8726.0;56.0;0;0;8.0
510;higher;0;0.0;1;6554.0;56.0;0;1;9.0
511;higher;1;0.0;0;10745.0;50.0;0;1;9.0
512;secondary;1;0.0;0;7795.0;55.0;0;0;11.0
513;higher;1;1.0;1;9812.0;47.0;0;0;12.0
514;primary;1;0.0;0;6071.0;57.0;0;1;5.0
515;primary;1;0.0;1;8881.0;51.0;0;0;
516;primary;1;0.0;0;6472.0;54.0;0;0;10.0
517;primary;0;0.0;0;6168.0;57.0;0;1;9.0
518;secondary;0;1.0;0;10166.0;57.0;0;0;10.0
519;secondary;1;0.0;1;;57.0;0;1;10.0
520;higher;0;0.0;1;7840.0;42.0;0;1;9.0
521;secondary;0;1.0;1;6313.0;56.0;0;1;11.0
522;secondary;1;;1;10298.0;48.0;0;1;27.0
523;secondary;1;0.0;1;10792.0;50.0;0;1;12.0
524;higher;0;0.0;1;7851.0;44.0;0;1;12.0
525;primary;1;0.0;0;7788.0;47.0;0;1;23.0
526;primary;0;0.0;0;9640.0;51.0;0;1;9.0
527;primary;0;1.0;0;8932.0;53.0;1;0;8.0
528;secondary;1;0.0;0;9055.0;55.0;0;1;
529;secondary;1;1.0;0;9845.0;55.0;0;1;10.0
530;higher;1;0.0;0;4442.0;55.0;1;1;12.0
531;higher;1;1.0;0;7172.0;60.0;0;1;9.0
532;higher;0;1.0;0;9244.0;49.0;0;1;35.0
533;secondary;1;0.0;0;7171.0;45.0;0;1;8.0
534;primary;0;1.0;0;8674.0;56.0;0;1;8.0
535;secondary;0;0.0;0;6581.0;45.0;0;1;7.0
536;higher;1;;0;8396.0;34.0;1;1;2.0
537;primary;1;1.0;1;6899.0;54.0;0;1;13.0
538;secondary;0;1.0;0;9167.0;58.0;0;1;6.0
539;higher;1;0.0;1;7259.0;42.0;1;0;19.0
540;higher;0;0.0;0;6199.0;57.0;1;0;19.0
541;secondary;1;1.0;0;10573.0;61.0;0;1;4.0
542;primary;1;0.0;0;6886.0;46.0;0;1;8.0
543;secondary;1;0.0;0;10166.0;48.0;0;1;7.0
544;secondary;0;0.0;0;11742.0;44.0;0;1;10.0
545;primary;1;1.0;0;5332.0;;1;1;7.0
546;higher;0;0.0;1;8059.0;52.0;0;0;12.0
547;higher;0;1.0;1;7272.0;35.0;1;1;1.0
548;higher;1;1.0;1;7109.0;65.0;1;0;10.0
549;secondary;0;0.0;1;6580.0;50.0;0;1;9.0
550;higher;0;1.0;0;6334.0;49.0;0;1;3.0
551;higher;1;0.0;0;7932.0;50.0;1;0;14.0
552;higher;1;0.0;1;6270.0;37.0;1;1;29.0
553;secondary;1;1.0;1;6912.0;47.0;0;1;1.0
554;primary;1;1.0;1;8081.0;56.0;0;1;6.0
555;secondary;1;0.0;1;6266.0;55.0;1;1;12.0
556;higher;1;1.0;1;7009.0;50.0;0;1;13.0
557;secondary;1;0.0;0;8013.0;49.0;0;1;10.0
558;primary;0;1.0;1;8778.0;51.0;1;0;11.0
559;primary;1;1.0;1;12795.0;59.0;0;1;3.0
560;primary;1;1.0;0;5284.0;48.0;0;1;6.0
561;primary;1;0.0;0;6909.0;40.0;1;1;5.0
562;secondary;1;0.0;1;7823.0;58.0;0;0;10.0
563;secondary;1;1.0;1;9808.0;47.0;0;1;3.0
564;secondary;0;;1;7271.0;52.0;0;1;12.0
565;higher;1;0.0;0;5568.0;47.0;0;1;
566;higher;1;0.0;0;7474.0;38.0;0;1;
567;higher;0;1.0;1;8477.0;44.0;0;1;13.0
568;primary;0;;1;8781.0;58.0;0;1;7.0
569;primary;1;1.0;0;7241.0;46.0;0;0;1.0
570;secondary;0;0.0;1;7548.0;54.0;0;1;
571;primary;1;0.0;1;6317.0;44.0;0;1;6.0
572;secondary;1;0.0;0;12168.0;45.0;0;1;8.0
573;higher;1;1.0;0;6736.0;50.0;0;0;12.0
574;secondary;1;1.0;1;7359.0;;0;1;7.0
575;secondary;0;1.0;1;5185.0;52.0;1;1;8.0
576;primary;0;1.0;1;2100.0;57.0;1;1;6.0
577;higher;1;0.0;0;6937.0;50.0;0;1;10.0
578;primary;0;1.0;0;5843.0;44.0;1;1;5.0
579;secondary;0;1.0;0;10095.0;45.0;0;1;12.0
580;higher;0;0.0;0;6819.0;63.0;0;1;5.0
581;higher;0;1.0;1;4592.0;53.0;1;1;9.0
582;secondary;1;1.0;1;7127.0;62.0;0;1;11.0
583;higher;1;1.0;0;7837.0;49.0;0;1;12.0
584;secondary;0;1.0;0;7770.0;59.0;0;1;3.0
585;primary;1;1.0;1;10080.0;61.0;0;1;4.0
586;secondary;0;1.0;0;8239.0;53.0;0;1;10.0
587;higher;0;0.0;1;6445.0;51.0;1;1;6.0
588;secondary;1;0.0;1;12795.0;54.0;1;1;13.0
589;primary;1;1.0;0;7852.0;56.0;0;1;
590;higher;1;0.0;1;6801.0;55.0;0;1;4.0
591;higher;1;0.0;0;12743.0;55.0;0;1;8.0
592;higher;1;1.0;0;8043.0;55.0;1;0;
593;secondary;0;0.0;0;12977.0;56.0;1;1;13.0
594;secondary;0;0.0;1;7954.0;46.0;1;1;8.0
595;secondary;1;1.0;1;6222.0;53.0;0;0;31.0
596;primary;1;1.0;1;8069.0;64.0;0;1;35.0
597;higher;1;1.0;0;6316.0;;0;1;8.0
598;higher;0;0.0;1;10222.0;59.0;0;0;11.0
599;primary;0;1.0;1;13127.0;;0;1;7.0
600;higher;0;0.0;0;7610.0;38.0;1;0;10.0
601;higher;0;1.0;1;13376.0;44.0;1;1;6.0
602;higher;1;1.0;0;12853.0;50.0;0;1;11.0
603;secondary;0;0.0;0;8804.0;51.0;0;0;5.0
604;higher;1;0.0;1;8261.0;52.0;0;1;4.0
605;secondary;0;1.0;1;6354.0;52.0;1;1;4.0
606;higher;1;0.0;1;7240.0;45.0;0;1;9.0
607;primary;1;0.0;0;7970.0;52.0;0;1;7.0
608;primary;1;1.0;0;9862.0;54.0;0;1;10.0
609;secondary;1;0.0;0;8026.0;55.0;0;0;
610;higher;0;1.0;0;7484.0;46.0;0;1;7.0
611;secondary;0;0.0;1;14687.0;;0;1;6.0
612;secondary;0;0.0;0;8655.0;59.0;1;1;12.0
613;primary;0;1.0;1;7351.0;51.0;0;1;
614;higher;1;0.0;0;8927.0;54.0;0;1;2.0
615;higher;1;1.0;0;6063.0;44.0;0;0;11.0
616;higher;1;1.0;1;9035.0;49.0;1;1;11.0
617;higher;1;0.0;0;11866.0;55.0;0;1;13.0
618;higher;1;1.0;0;6557.0;60.0;0;1;10.0
619;primary;1;0.0;0;7888.0;48.0;0;1;16.0
620;secondary;1;0.0;0;6116.0;50.0;0;1;7.0
621;higher;0;0.0;0;7747.0;56.0;0;1;4.0
622;secondary;0;1.0;0;7528.0;60.0;0;1;11.0
623;higher;1;1.0;1;7370.0;53.0;1;1;12.0
624;secondary;0;0.0;0;8473.0;61.0;1;1;7.0
625;higher;1;1.0;1;6682.0;63.0;1;1;9.0
626;primary;1;1.0;0;9814.0;50.0;0;1;5.0
627;higher;0;1.0;1;8670.0;49.0;1;1;5.0
628;higher;1;1.0;0;5210.0;42.0;1;1;9.0
629;secondary;0;1.0;0;11735.0;51.0;0;1;6.0
630;secondary;0;1.0;1;8900.0;48.0;1;1;7.0
631;secondary;1;1.0;0;7108.0;59.0;0;1;12.0
632;primary;1;1.0;1;6551.0;54.0;1;1;5.0
633;secondary;0;0.0;0;6675.0;56.0;0;1;4.0
634;secondary;1;0.0;1;7550.0;61.0;0;1;9.0
635;higher;1;1.0;0;9713.0;56.0;0;0;7.0
636;higher;0;1.0;1;8521.0;37.0;1;1;
637;higher;1;0.0;1;5310.0;49.0;1;1;8.0
638;higher;1;0.0;1;7267.0;45.0;0;1;3.0
639;primary;1;0.0;1;6618.0;35.0;0;1;9.0
640;primary;1;0.0;1;10251.0;48.0;0;1;30.0
641;higher;1;1.0;1;7324.0;63.0;0;1;8.0
642;higher;1;0.0;0;10238.0;47.0;0;0;10.0
643;primary;0;0.0;0;8505.0;44.0;0;0;9.0
644;higher;1;0.0;1;9687.0;56.0;0;0;1.0
645;secondary;0;0.0;1;6926.0;59.0;0;1;10.0
646;secondary;1;0.0;0;8534.0;35.0;1;0;9.0
647;primary;0;0.0;0;13456.0;46.0;0;0;10.0
648;secondary;1;1.0;1;7209.0;32.0;1;1;12.0
649;primary;1;0.0;0;10279.0;57.0;0;1;7.0
650;secondary;1;1.0;0;9483.0;52.0;0;1;1.0
651;higher;0;0.0;0;7733.0;58.0;0;1;11.0
652;primary;1;0.0;1;5772.0;43.0;1;1;12.0
653;secondary;1;1.0;0;9727.0;51.0;0;1;
654;higher;1;1.0;0;6557.0;41.0;0;1;6.0
655;secondary;1;1.0;0;7618.0;48.0;0;1;8.0
656;secondary;1;0.0;0;15749.0;52.0;0;1;14.0
657;secondary;1;0.0;0;8556.0;53.0;1;1;12.0
658;secondary;1;0.0;0;5404.0;58.0;0;0;2.0
659;secondary;0;1.0;1;7869.0;48.0;1;1;10.0
660;primary;1;1.0;1;7031.0;50.0;0;0;10.0
661;higher;1;0.0;0;10218.0;48.0;0;1;3.0
662;primary;1;0.0;0;7329.0;55.0;0;1;8.0
663;higher;0;0.0;0;10286.0;43.0;0;0;5.0
664;secondary;1;0.0;1;6544.0;51.0;0;1;0.0
665;higher;1;1.0;1;7871.0;57.0;1;1;5.0
666;higher;1;1.0;1;7502.0;40.0;1;1;9.0
667;higher;1;1.0;0;7788.0;30.0;1;1;10.0
668;secondary;1;1.0;0;12847.0;35.0;0;1;10.0
669;primary;1;0.0;0;10600.0;50.0;0;0;26.0
670;higher;0;1.0;0;10747.0;46.0;0;1;11.0
671;primary;1;;0;8504.0;58.0;0;1;
672;secondary;1;1.0;0;9487.0;50.0;0;0;4.0
673;higher;1;1.0;0;6662.0;60.0;0;1;12.0
674;primary;1;0.0;0;6469.0;58.0;0;0;7.0
675;higher;0;0.0;0;9886.0;57.0;0;1;13.0
676;secondary;1;0.0;0;5478.0;69.0;1;1;8.0
677;higher;1;1.0;1;;54.0;0;1;8.0
678;higher;1;1.0;0;6726.0;56.0;0;1;10.0
679;higher;0;0.0;0;9791.0;55.0;0;1;0.0
680;primary;1;1.0;0;6375.0;44.0;0;1;14.0
681;secondary;1;0.0;0;15836.0;43.0;0;0;11.0
682;secondary;0;1.0;0;7679.0;55.0;0;1;9.0
683;higher;0;1.0;0;10364.0;61.0;0;1;
684;higher;1;0.0;0;6802.0;61.0;0;1;9.0
685;secondary;0;1.0;0;4371.0;57.0;1;1;12.0
686;secondary;0;1.0;1;10850.0;59.0;0;1;11.0
687;primary;0;1.0;0;9144.0;57.0;0;1;10.0
688;higher;0;1.0;1;12101.0;54.0;1;0;11.0
689;higher;1;0.0;0;8721.0;61.0;0;1;7.0
690;primary;0;1.0;0;5736.0;50.0;1;1;5.0
691;primary;1;0.0;0;5883.0;42.0;0;1;9.0
692;higher;1;1.0;0;9197.0;64.0;0;1;0.0
693;primary;1;0.0;0;6467.0;61.0;0;1;11.0
694;primary;0;0.0;0;12661.0;48.0;0;1;7.0
695;primary;1;1.0;1;10015.0;58.0;0;1;4.0
696;higher;1;0.0;0;11600.0;53.0;0;1;6.0
697;secondary;0;0.0;0;6096.0;49.0;0;1;9.0
698;secondary;0;0.0;1;10061.0;49.0;1;0;
699;primary;1;0.0;1;7517.0;53.0;0;1;5.0
700;secondary;0;1.0;1;6265.0;64.0;0;1;10.0
701;primary;1;0.0;0;6015.0;46.0;0;1;3.0
702;higher;0;1.0;0;10961.0;39.0;0;0;10.0
703;secondary;1;0.0;0;9268.0;52.0;0;1;3.0
704;higher;0;1.0;0;6148.0;43.0;0;1;9.0
705;secondary;0;0.0;0;9788.0;45.0;0;1;5.0
706;higher;1;1.0;0;6025.0;48.0;0;0;8.0
707;secondary;0;1.0;0;12645.0;53.0;0;1;8.0
708;higher;1;0.0;0;11423.0;56.0;0;0;9.0
709;primary;1;1.0;0;8737.0;65.0;0;1;9.0
710;higher;0;1.0;1;5814.0;31.0;0;1;9.0
711;higher;1;0.0;0;8714.0;53.0;0;1;12.0
712;higher;0;0.0;0;9212.0;52.0;0;1;
713;higher;0;1.0;0;8680.0;49.0;0;1;
714;secondary;1;1.0;1;9634.0;47.0;1;1;6.0
715;higher;1;0.0;0;6645.0;58.0;1;1;5.0
716;secondary;0;1.0;0;7939.0;56.0;0;1;
717;higher;0;1.0;1;7234.0;59.0;0;1;4.0
718;secondary;1;0.0;1;6350.0;46.0;0;1;13.0
719;primary;0;1.0;0;7506.0;54.0;0;1;10.0
720;primary;0;0.0;1;8597.0;44.0;0;1;10.0
721;secondary;1;0.0;0;5582.0;47.0;0;1;8.0
722;secondary;0;0.0;0;9734.0;55.0;0;1;0.0
723;secondary;1;0.0;0;6341.0;;0;1;12.0
724;higher;0;1.0;0;7250.0;43.0;0;1;11.0
725;primary;1;1.0;0;10164.0;46.0;0;1;2.0
726;primary;0;0.0;1;8590.0;58.0;0;0;12.0
727;higher;1;1.0;0;8012.0;62.0;0;1;12.0
728;secondary;1;1.0;0;7397.0;55.0;0;1;5.0
729;higher;1;1.0;0;11914.0;46.0;0;0;7.0
730;secondary;1;1.0;0;8781.0;50.0;0;1;9.0
731;higher;1;0.0;0;9958.0;45.0;0;0;14.0
732;primary;0;0.0;1;7032.0;58.0;0;1;4.0
733;secondary;1;1.0;1;8462.0;41.0;1;1;11.0
734;secondary;1;0.0;0;6699.0;64.0;0;1;6.0
735;secondary;0;1.0;1;8164.0;66.0;1;1;7.0
736;primary;0;1.0;1;5921.0;40.0;0;1;8.0
737;secondary;0;1.0;0;4404.0;49.0;0;1;11.0
738;primary;1;0.0;1;7542.0;52.0;0;1;1.0
739;secondary;1;1.0;0;9908.0;56.0;0;1;11.0
740;higher;1;0.0;0;9818.0;58.0;0;0;4.0
741;higher;1;1.0;0;11398.0;52.0;0;1;10.0
742;primary;0;1.0;0;6524.0;53.0;0;0;6.0
743;primary;0;1.0;0;7934.0;59.0;0;1;1.0
744;secondary;0;0.0;0;6573.0;63.0;0;1;0.0
745;secondary;1;1.0;1;7846.0;56.0;0;1;28.0
746;primary;1;0.0;0;5794.0;39.0;0;1;9.0
747;higher;0;0.0;1;7945.0;47.0;0;1;3.0
748;secondary;1;0.0;0;6530.0;49.0;0;1;37.0
749;secondary;1;1.0;0;6882.0;54.0;0;1;12.0
750;higher;1;0.0;1;9906.0;46.0;1;1;14.0
751;secondary;0;0.0;0;7794.0;63.0;0;1;11.0
752;secondary;0;0.0;0;8706.0;49.0;0;0;20.0
753;primary;0;1.0;1;6736.0;63.0;1;1;5.0
754;higher;0;0.0;0;7750.0;58.0;0;0;12.0
755;higher;1;1.0;1;10403.0;57.0;0;1;9.0
756;primary;1;0.0;0;7061.0;53.0;0;1;11.0
757;higher;0;0.0;1;5321.0;56.0;0;0;11.0
758;secondary;1;1.0;0;6623.0;49.0;0;1;11.0
759;secondary;1;0.0;0;9344.0;57.0;0;1;4.0
760;higher;1;0.0;1;11281.0;60.0;0;1;
761;higher;1;0.0;0;8799.0;50.0;0;0;4.0
762;secondary;1;1.0;0;7631.0;53.0;0;1;10.0
763;higher;0;1.0;0;5049.0;;0;1;12.0
764;secondary;0;0.0;0;10793.0;49.0;0;1;11.0
765;higher;1;1.0;0;9636.0;46.0;1;1;9.0
766;secondary;0;0.0;0;8450.0;56.0;0;1;11.0
767;secondary;1;1.0;1;11941.0;49.0;0;0;13.0
768;primary;1;0.0;0;5926.0;54.0;0;0;6.0
769;secondary;0;1.0;0;8005.0;44.0;0;1;23.0
770;primary;1;0.0;1;6996.0;45.0;0;1;
771;higher;1;0.0;1;9770.0;48.0;0;1;
772;primary;0;0.0;0;6883.0;59.0;0;1;2.0
773;higher;1;1.0;0;8371.0;58.0;0;1;11.0
774;secondary;1;1.0;1;7201.0;40.0;1;1;2.0
775;higher;1;0.0;0;8427.0;58.0;0;1;8.0
776;primary;0;0.0;1;12435.0;51.0;0;1;0.0
777;higher;0;1.0;0;9862.0;;0;1;8.0
778;primary;0;1.0;1;7517.0;48.0;0;0;12.0
779;primary;0;0.0;0;5644.0;48.0;1;0;0.0
780;secondary;0;1.0;0;10863.0;52.0;0;1;
781;secondary;1;0.0;0;7344.0;58.0;0;1;2.0
782;primary;1;1.0;1;7353.0;47.0;0;1;29.0
783;primary;1;1.0;1;8205.0;46.0;1;1;8.0
784;secondary;1;1.0;1;7776.0;53.0;1;1;10.0
785;higher;0;0.0;0;7628.0;52.0;0;0;9.0
786;primary;1;0.0;1;7460.0;58.0;0;1;5.0
787;higher;1;1.0;1;6521.0;51.0;0;1;8.0
788;secondary;1;1.0;1;10628.0;51.0;0;1;9.0
789;secondary;1;1.0;0;7951.0;52.0;0;0;2.0
790;primary;1;1.0;1;8618.0;54.0;0;1;13.0
791;higher;0;1.0;0;11836.0;54.0;0;0;9.0
792;higher;0;0.0;0;7440.0;59.0;0;1;6.0
793;higher;1;1.0;1;6480.0;45.0;0;1;10.0
794;primary;1;0.0;1;11024.0;51.0;0;1;
795;higher;1;0.0;0;9604.0;55.0;0;1;11.0
796;higher;1;0.0;0;6512.0;46.0;0;1;8.0
797;higher;0;0.0;0;7951.0;48.0;0;1;12.0
798;primary;0;0.0;1;6671.0;51.0;0;1;10.0
799;primary;1;0.0;1;6027.0;55.0;1;1;4.0
800;higher;1;0.0;0;7451.0;45.0;0;0;11.0
801;higher;1;1.0;0;8516.0;57.0;0;1;11.0
802;higher;1;1.0;1;8168.0;56.0;0;1;
803;secondary;1;0.0;0;7070.0;51.0;0;1;
804;primary;0;0.0;0;5906.0;49.0;0;1;6.0
805;higher;0;0.0;1;6206.0;38.0;1;1;4.0
806;primary;1;1.0;0;7465.0;59.0;0;1;8.0
807;higher;1;1.0;0;9092.0;47.0;0;1;10.0
808;secondary;0;0.0;0;8982.0;57.0;0;1;12.0
809;primary;1;1.0;1;7338.0;44.0;0;1;11.0
810;primary;0;0.0;1;6046.0;45.0;0;0;2.0
811;higher;1;1.0;0;5443.0;45.0;0;1;4.0
812;higher;0;1.0;0;7799.0;60.0;0;1;11.0
813;primary;1;0.0;1;5128.0;65.0;0;1;11.0
814;higher;1;0.0;0;;44.0;0;1;10.0
815;primary;1;1.0;0;10420.0;;0;1;7.0
816;higher;0;1.0;1;9299.0;48.0;1;1;13.0
817;secondary;1;0.0;1;7758.0;52.0;0;0;10.0
818;secondary;1;1.0;1;9455.0;46.0;1;1;10.0
819;secondary;0;1.0;1;7781.0;55.0;0;1;11.0
820;higher;1;1.0;1;11775.0;57.0;0;1;7.0
821;higher;0;0.0;1;11937.0;35.0;0;1;
822;higher;1;1.0;0;6102.0;54.0;0;1;13.0
823;primary;1;0.0;0;6661.0;56.0;0;0;9.0
824;secondary;1;1.0;0;9506.0;57.0;0;1;
825;secondary;1;0.0;0;9775.0;54.0;0;0;12.0
826;primary;1;0.0;0;8015.0;54.0;0;1;10.0
827;primary;0;1.0;0;9083.0;56.0;0;1;8.0
828;secondary;0;0.0;1;10467.0;55.0;0;1;13.0
829;primary;1;0.0;0;7911.0;57.0;0;1;
830;secondary;1;0.0;0;6831.0;49.0;0;0;0.0
831;higher;0;0.0;0;12041.0;44.0;0;1;9.0
832;higher;0;1.0;1;6037.0;58.0;1;0;
833;primary;1;0.0;0;6137.0;48.0;0;1;2.0
834;higher;0;1.0;0;;60.0;1;0;38.0
835;higher;1;0.0;0;6812.0;51.0;0;0;12.0
836;secondary;1;0.0;0;12059.0;50.0;0;1;8.0
837;secondary;0;0.0;0;9123.0;56.0;0;0;10.0
838;secondary;1;0.0;0;6805.0;49.0;0;1;6.0
839;higher;0;0.0;1;9963.0;55.0;0;1;8.0
840;secondary;1;1.0;1;6765.0;50.0;1;1;11.0
841;primary;1;0.0;0;7384.0;49.0;0;0;11.0
842;primary;1;0.0;1;5270.0;42.0;1;0;9.0
843;higher;1;0.0;0;6873.0;62.0;0;0;7.0
844;primary;0;1.0;0;11311.0;48.0;0;1;8.0
845;higher;0;0.0;1;5262.0;53.0;0;1;10.0
846;higher;1;0.0;0;10863.0;;0;1;10.0
847;primary;1;1.0;1;8156.0;58.0;0;1;10.0
848;higher;1;1.0;0;5517.0;47.0;0;1;12.0
849;higher;0;0.0;0;7188.0;41.0;1;1;12.0
850;secondary;1;1.0;1;6917.0;53.0;0;0;9.0
851;secondary;0;1.0;0;4855.0;49.0;0;1;29.0
852;primary;0;0.0;1;7721.0;;0;0;4.0
853;primary;1;1.0;1;6727.0;61.0;1;1;9.0
854;secondary;1;0.0;0;11122.0;53.0;0;1;4.0
855;secondary;1;1.0;0;6212.0;50.0;1;1;9.0
856;higher;1;1.0;1;6296.0;51.0;0;1;9.0
857;primary;1;0.0;1;8796.0;51.0;0;0;8.0
858;secondary;0;1.0;0;7066.0;46.0;0;0;5.0
859;secondary;1;0.0;0;8647.0;58.0;0;1;10.0
860;secondary;0;0.0;0;8266.0;55.0;0;1;9.0
861;primary;0;1.0;1;7065.0;55.0;0;0;10.0
862;higher;1;1.0;1;12684.0;45.0;0;1;1.0
863;secondary;0;0.0;0;5850.0;46.0;0;1;6.0
864;primary;1;1.0;0;7974.0;46.0;0;1;8.0
865;higher;1;1.0;0;6389.0;41.0;1;1;7.0
866;higher;1;0.0;0;;47.0;0;1;6.0
867;primary;0;1.0;1;5869.0;49.0;0;0;14.0
868;secondary;1;0.0;0;6878.0;55.0;0;1;10.0
869;higher;1;0.0;0;7387.0;52.0;0;1;16.0
870;secondary;1;1.0;0;7862.0;33.0;1;1;4.0
871;higher;0;1.0;1;7517.0;44.0;1;0;12.0
872;higher;1;1.0;0;10331.0;45.0;0;0;36.0
873;primary;0;1.0;0;10070.0;53.0;0;0;7.0
874;higher;1;0.0;0;5912.0;56.0;0;1;0.0
875;higher;1;1.0;0;11095.0;48.0;0;1;8.0
876;higher;1;0.0;0;6210.0;45.0;0;1;11.0
877;secondary;0;0.0;1;7818.0;64.0;0;1;4.0
878;higher;1;1.0;1;10977.0;42.0;0;0;8.0
879;secondary;1;0.0;1;8899.0;56.0;0;0;10.0
880;higher;1;1.0;0;5635.0;51.0;0;1;36.0
881;secondary;0;1.0;0;6905.0;61.0;0;1;8.0
882;primary;1;0.0;1;6638.0;37.0;0;0;0.0
883;secondary;1;1.0;1;5980.0;44.0;0;1;0.0
884;secondary;1;0.0;0;6944.0;47.0;0;1;8.0
885;primary;1;1.0;0;5390.0;50.0;0;1;11.0
886;primary;1;0.0;1;5495.0;58.0;0;0;8.0
887;primary;1;1.0;0;11355.0;47.0;0;0;10.0
888;higher;0;1.0;0;8269.0;;0;1;35.0
889;secondary;1;1.0;1;8512.0;49.0;1;0;0.0
890;primary;1;0.0;1;11999.0;53.0;0;1;2.0
891;higher;0;0.0;0;;52.0;1;1;
892;secondary;1;1.0;0;10227.0;51.0;0;1;8.0
893;higher;1;0.0;1;7500.0;47.0;0;1;2.0
894;secondary;1;0.0;1;7383.0;63.0;0;0;1.0
895;higher;1;1.0;0;10500.0;57.0;0;1;8.0
896;higher;1;0.0;0;4758.0;47.0;1;1;10.0
897;higher;0;0.0;1;5127.0;44.0;0;0;7.0
898;secondary;1;1.0;0;5825.0;51.0;0;1;7.0
899;secondary;0;1.0;1;10096.0;56.0;0;1;7.0
900;primary;0;1.0;0;6864.0;;0;1;12.0
901;secondary;1;1.0;0;;55.0;0;1;8.0
902;primary;1;0.0;0;10451.0;52.0;0;0;8.0
903;primary;1;0.0;1;7103.0;48.0;0;1;8.0
904;secondary;0;0.0;0;8958.0;44.0;0;1;12.0
905;higher;0;1.0;0;9584.0;56.0;0;0;9.0
906;secondary;0;1.0;1;7256.0;47.0;0;1;33.0
907;secondary;1;1.0;0;7724.0;58.0;0;1;2.0
908;higher;1;0.0;0;8919.0;61.0;0;0;0.0
909;primary;1;0.0;1;7632.0;48.0;0;0;11.0
910;secondary;1;0.0;0;5931.0;50.0;0;1;14.0
911;higher;0;1.0;0;7137.0;49.0;0;1;3.0
912;higher;1;1.0;0;6602.0;50.0;0;1;7.0
913;primary;1;1.0;0;8394.0;56.0;0;0;5.0
914;higher;1;1.0;0;8177.0;52.0;0;1;3.0
915;primary;1;0.0;0;8627.0;62.0;0;1;9.0
916;secondary;0;1.0;1;11082.0;48.0;1;1;10.0
917;secondary;1;1.0;0;7408.0;60.0;0;0;7.0
918;higher;1;1.0;0;11641.0;49.0;0;1;17.0
919;higher;1;0.0;1;7852.0;40.0;0;1;11.0
920;higher;0;0.0;1;4981.0;32.0;1;1;11.0
921;primary;1;0.0;1;7958.0;44.0;0;0;10.0
922;primary;1;;0;9956.0;53.0;0;1;5.0
923;primary;0;1.0;0;12454.0;47.0;0;1;5.0
924;secondary;0;0.0;0;5980.0;51.0;0;1;3.0
925;primary;1;0.0;0;9719.0;53.0;0;1;7.0
926;secondary;1;0.0;1;8854.0;53.0;0;0;12.0
927;primary;0;0.0;0;8979.0;52.0;0;0;3.0
928;primary;0;0.0;0;9840.0;47.0;0;0;10.0
929;higher;1;0.0;0;11229.0;43.0;0;1;0.0
930;higher;1;1.0;0;5512.0;42.0;0;1;14.0
931;primary;1;0.0;1;4914.0;21.0;1;1;11.0
932;higher;1;1.0;0;9250.0;41.0;0;1;10.0
933;secondary;0;0.0;0;6283.0;39.0;1;1;4.0
934;secondary;0;0.0;1;7558.0;43.0;1;1;5.0
935;secondary;1;0.0;0;12917.0;51.0;0;1;12.0
936;primary;0;1.0;0;10581.0;50.0;0;1;
937;primary;1;0.0;0;10501.0;50.0;0;0;21.0
938;primary;1;1.0;0;7084.0;50.0;0;1;0.0
939;secondary;1;1.0;0;9395.0;50.0;0;1;
940;higher;1;0.0;0;6469.0;54.0;0;0;
941;higher;1;0.0;0;7605.0;60.0;0;1;9.0
942;secondary;1;1.0;1;7416.0;56.0;0;1;14.0
943;higher;1;1.0;0;11772.0;60.0;0;0;9.0
944;secondary;1;0.0;0;7762.0;58.0;0;1;11.0
945;secondary;1;0.0;0;6700.0;52.0;0;0;8.0
946;higher;1;1.0;0;6453.0;51.0;0;1;13.0
947;primary;0;1.0;0;7294.0;58.0;0;1;7.0
948;primary;1;1.0;0;7618.0;52.0;1;1;12.0
949;primary;1;0.0;0;4907.0;55.0;0;1;11.0
950;secondary;1;1.0;1;7541.0;51.0;0;1;9.0
951;higher;0;0.0;0;6844.0;48.0;0;1;11.0
952;higher;0;1.0;0;8207.0;49.0;0;0;8.0
953;secondary;1;0.0;0;8906.0;46.0;0;1;8.0
954;higher;1;0.0;0;4222.0;48.0;1;1;4.0
955;higher;1;0.0;1;8543.0;41.0;1;1;11.0
956;secondary;0;1.0;0;5754.0;38.0;0;1;11.0
957;secondary;1;0.0;0;4841.0;54.0;0;1;8.0
958;secondary;0;1.0;0;11478.0;51.0;0;0;6.0
959;higher;1;1.0;0;2973.0;41.0;1;0;31.0
960;higher;1;0.0;1;10017.0;41.0;1;0;1.0
961;primary;0;1.0;0;7017.0;54.0;1;1;5.0
962;secondary;0;0.0;0;11102.0;49.0;0;1;6.0
963;higher;0;0.0;0;10853.0;46.0;0;1;10.0
964;secondary;1;1.0;0;7495.0;51.0;0;1;
965;higher;1;1.0;0;6893.0;54.0;0;1;9.0
966;higher;1;1.0;0;7038.0;45.0;0;1;3.0
967;secondary;1;0.0;0;7530.0;56.0;0;1;6.0
968;secondary;1;1.0;1;11269.0;49.0;1;1;23.0
969;primary;0;0.0;0;6550.0;47.0;0;1;8.0
970;secondary;0;1.0;0;6788.0;50.0;0;1;10.0
971;higher;1;1.0;0;5685.0;55.0;0;1;10.0
972;primary;0;0.0;0;;44.0;1;1;0.0
973;higher;1;1.0;0;7425.0;36.0;0;1;
974;primary;1;1.0;1;7102.0;51.0;0;1;10.0
975;secondary;1;0.0;0;;60.0;0;1;10.0
976;primary;1;0.0;0;6396.0;;0;1;5.0
977;higher;0;1.0;1;5982.0;50.0;1;1;
978;primary;1;1.0;0;6232.0;52.0;0;0;6.0
979;higher;1;1.0;0;11844.0;53.0;0;1;6.0
980;primary;1;0.0;1;6542.0;52.0;1;1;8.0
981;secondary;0;0.0;1;5304.0;42.0;1;1;
982;higher;1;0.0;1;8269.0;52.0;1;1;
983;primary;1;0.0;0;8609.0;50.0;0;1;9.0
984;higher;1;1.0;1;5525.0;45.0;0;1;1.0
985;secondary;1;0.0;0;7225.0;55.0;1;1;
986;primary;1;0.0;0;10383.0;66.0;0;1;10.0
987;primary;0;0.0;1;6802.0;46.0;0;0;7.0
988;higher;0;0.0;0;7390.0;54.0;1;1;11.0
989;secondary;1;0.0;0;6419.0;52.0;0;1;32.0
990;primary;1;0.0;0;9683.0;58.0;0;1;5.0
991;secondary;1;0.0;0;8203.0;47.0;0;1;6.0
992;higher;0;1.0;1;8153.0;54.0;0;1;11.0
993;secondary;1;1.0;0;9915.0;49.0;0;0;0.0
994;secondary;1;1.0;0;7197.0;50.0;0;1;12.0
995;higher;1;0.0;0;5739.0;49.0;1;1;10.0
996;higher;0;0.0;1;5416.0;49.0;0;1;15.0
997;primary;0;0.0;0;8605.0;;0;0;8.0
998;secondary;1;0.0;1;5837.0;48.0;0;1;11.0
999;secondary;1;0.0;1;9844.0;49.0;0;1;9.0
1000;secondary;0;0.0;0;8611.0;57.0;0;1;8.0
1001;higher;0;1.0;0;7660.0;55.0;0;1;3.0
1002;higher;1;0.0;0;9052.0;45.0;0;1;6.0
1003;higher;1;0.0;0;6717.0;45.0;0;1;14.0
1004;higher;0;1.0;0;6482.0;52.0;1;1;10.0
1005;secondary;1;0.0;0;6136.0;55.0;0;1;11.0
1006;secondary;0;0.0;1;5641.0;53.0;0;1;38.0
1007;secondary;1;1.0;1;6750.0;59.0;0;1;5.0
1008;secondary;1;0.0;0;6807.0;50.0;1;1;5.0
1009;primary;1;0.0;0;11379.0;55.0;1;1;3.0
1010;secondary;1;1.0;0;10369.0;46.0;0;1;5.0
1011;higher;1;1.0;0;6952.0;40.0;0;1;10.0
1012;secondary;0;1.0;0;6886.0;46.0;0;1;7.0
1013;higher;0;1.0;0;10617.0;50.0;0;1;8.0
1014;secondary;1;1.0;0;12410.0;49.0;0;1;7.0
1015;secondary;1;0.0;1;6076.0;57.0;0;1;9.0
1016;primary;1;0.0;0;6827.0;57.0;0;1;3.0
1017;secondary;1;1.0;1;7183.0;52.0;0;1;
1018;higher;0;1.0;0;10311.0;52.0;0;0;5.0
1019;secondary;1;1.0;1;8689.0;39.0;1;1;10.0
1020;primary;1;1.0;0;5576.0;49.0;0;1;8.0
1021;primary;1;0.0;1;7331.0;44.0;0;1;3.0
1022;secondary;1;1.0;0;8799.0;55.0;0;1;1.0
1023;primary;1;0.0;0;10366.0;49.0;0;1;2.0
1024;higher;0;0.0;0;10430.0;56.0;0;1;9.0
1025;higher;0;1.0;0;6261.0;53.0;0;1;8.0
1026;primary;1;1.0;1;5648.0;56.0;1;0;9.0
1027;secondary;0;0.0;1;10452.0;51.0;0;1;10.0
1028;primary;0;1.0;1;4886.0;61.0;0;1;0.0
1029;higher;0;0.0;1;6853.0;51.0;0;1;7.0
1030;higher;0;1.0;1;9132.0;54.0;0;1;5.0
1031;higher;1;0.0;1;5982.0;42.0;0;1;7.0
1032;primary;0;0.0;0;6588.0;42.0;0;1;7.0
1033;secondary;0;1.0;0;10693.0;46.0;0;0;
1034;secondary;1;1.0;1;6776.0;51.0;1;1;9.0
1035;secondary;0;0.0;0;11204.0;56.0;0;1;7.0
1036;secondary;1;0.0;1;11069.0;46.0;1;1;13.0
1037;secondary;0;0.0;0;9766.0;47.0;0;1;6.0
1038;higher;0;0.0;0;9365.0;55.0;0;1;3.0
1039;secondary;1;1.0;0;6394.0;59.0;0;1;10.0
1040;secondary;0;1.0;0;9590.0;42.0;1;1;11.0
1041;secondary;0;0.0;1;5035.0;62.0;1;1;9.0
1042;higher;1;1.0;0;7024.0;52.0;0;1;9.0
1043;higher;0;1.0;0;7015.0;45.0;0;0;10.0
1044;higher;0;1.0;0;6796.0;53.0;0;1;9.0
1045;higher;0;;0;8463.0;44.0;0;1;24.0
1046;higher;0;0.0;1;10799.0;48.0;0;1;12.0
1047;secondary;1;0.0;1;10764.0;53.0;0;0;10.0
1048;higher;1;1.0;0;8541.0;59.0;0;1;13.0
1049;higher;1;0.0;1;5852.0;57.0;0;1;
1050;primary;1;1.0;0;6864.0;53.0;0;1;7.0
1051;secondary;1;1.0;1;7868.0;61.0;0;1;6.0
1052;higher;1;0.0;1;6918.0;57.0;1;0;8.0
1053;primary;0;0.0;0;8654.0;33.0;1;1;6.0
1054;primary;1;1.0;0;5413.0;43.0;0;1;7.0
1055;higher;1;0.0;0;10239.0;48.0;1;1;5.0
1056;secondary;1;1.0;1;6549.0;54.0;0;0;4.0
1057;primary;1;0.0;1;6376.0;55.0;0;1;0.0
1058;primary;1;0.0;1;7748.0;;0;0;2.0
1059;higher;1;0.0;0;8250.0;45.0;0;1;7.0
1060;primary;0;1.0;0;6932.0;62.0;0;1;11.0
1061;secondary;1;0.0;0;12057.0;51.0;0;1;11.0
1062;secondary;0;1.0;1;11949.0;47.0;0;0;
1063;secondary;1;1.0;0;8600.0;50.0;0;1;11.0
1064;primary;0;0.0;0;4945.0;55.0;0;1;6.0
1065;higher;1;;0;8565.0;46.0;1;1;12.0
1066;secondary;0;1.0;0;7396.0;58.0;1;1;6.0
1067;secondary;1;1.0;0;10574.0;54.0;0;1;6.0
1068;secondary;0;1.0;1;15304.0;37.0;0;0;3.0
1069;primary;1;1.0;1;11235.0;55.0;0;1;2.0
1070;secondary;0;0.0;0;5643.0;62.0;0;1;9.0
1071;higher;0;1.0;1;9885.0;54.0;1;1;
1072;higher;1;0.0;1;5699.0;55.0;0;1;10.0
1073;higher;0;1.0;0;6890.0;48.0;0;1;9.0
1074;primary;1;0.0;0;8115.0;44.0;0;0;7.0
1075;primary;0;1.0;0;7685.0;41.0;0;1;8.0
1076;higher;0;0.0;1;7259.0;49.0;0;0;3.0
1077;secondary;1;1.0;0;12095.0;;0;1;13.0
1078;secondary;0;0.0;1;10024.0;44.0;1;1;8.0
1079;primary;1;1.0;0;12551.0;50.0;0;1;7.0
1080;higher;1;0.0;1;7794.0;57.0;1;1;11.0
1081;higher;1;1.0;0;5954.0;55.0;0;0;11.0
1082;higher;1;0.0;0;7360.0;57.0;0;1;5.0
1083;higher;1;0.0;0;6111.0;58.0;0;1;3.0
1084;secondary;1;1.0;0;9055.0;;0;0;22.0
1085;secondary;1;1.0;0;8461.0;52.0;0;0;10.0
1086;primary;1;1.0;0;7579.0;48.0;0;1;11.0
1087;primary;1;1.0;0;7696.0;48.0;0;1;13.0
1088;secondary;0;0.0;0;6126.0;56.0;1;1;7.0
1089;secondary;1;0.0;1;12818.0;53.0;1;0;5.0
1090;higher;0;0.0;1;6472.0;31.0;0;1;6.0
1091;higher;1;1.0;0;6784.0;40.0;0;1;3.0
1092;secondary;1;0.0;0;11807.0;46.0;0;1;11.0
1093;higher;0;1.0;0;6724.0;55.0;0;1;10.0
1094;higher;0;1.0;1;7094.0;36.0;0;1;7.0
1095;primary;1;0.0;1;4932.0;63.0;0;1;9.0
1096;secondary;0;0.0;1;8728.0;50.0;0;1;9.0
1097;primary;0;0.0;1;7919.0;47.0;0;1;8.0
1098;secondary;1;0.0;1;6026.0;41.0;0;0;9.0
1099;primary;1;1.0;0;5090.0;52.0;0;0;10.0
1100;higher;1;1.0;1;12191.0;51.0;0;1;9.0
1101;higher;1;1.0;1;7525.0;53.0;0;1;13.0
1102;higher;1;1.0;0;6330.0;59.0;0;1;6.0
1103;higher;1;1.0;1;7169.0;40.0;1;1;11.0
1104;primary;0;1.0;1;8822.0;59.0;0;1;2.0
1105;higher;1;0.0;0;8456.0;49.0;0;1;4.0
1106;higher;0;0.0;0;13015.0;57.0;0;0;10.0
1107;secondary;1;1.0;1;9876.0;59.0;0;1;11.0
1108;higher;0;0.0;1;8153.0;46.0;1;0;
1109;primary;0;0.0;1;8225.0;53.0;0;0;11.0
1110;primary;0;1.0;0;11043.0;48.0;0;1;13.0
1111;secondary;0;1.0;0;6263.0;47.0;1;1;12.0
1112;higher;1;0.0;1;6286.0;50.0;0;1;11.0
1113;secondary;0;1.0;1;10405.0;51.0;0;1;12.0
1114;primary;0;0.0;1;6881.0;57.0;0;0;4.0
1115;secondary;1;1.0;0;10482.0;58.0;0;1;
1116;secondary;1;0.0;0;7130.0;53.0;0;1;7.0
1117;primary;1;0.0;0;12207.0;44.0;0;1;9.0
1118;primary;1;1.0;1;13543.0;46.0;0;0;5.0
1119;primary;1;1.0;0;8728.0;50.0;0;1;7.0
1120;primary;1;0.0;0;6364.0;55.0;0;1;8.0
1121;secondary;0;0.0;0;6422.0;60.0;0;1;10.0
1122;higher;1;1.0;1;11459.0;48.0;0;1;1.0
1123;higher;1;0.0;0;8948.0;36.0;0;1;1.0
1124;higher;1;0.0;0;7271.0;57.0;0;1;13.0
1125;primary;1;1.0;1;5187.0;50.0;0;1;10.0
1126;primary;1;0.0;0;6738.0;54.0;0;1;11.0
1127;primary;1;0.0;0;8435.0;57.0;0;1;11.0
1128;primary;1;0.0;1;9780.0;59.0;0;1;8.0
1129;higher;1;1.0;1;6819.0;48.0;1;1;5.0
1130;primary;0;0.0;1;7042.0;55.0;1;1;
1131;higher;0;1.0;1;5831.0;54.0;0;1;10.0
1132;primary;0;1.0;0;11469.0;44.0;0;1;14.0
1133;higher;0;0.0;0;9175.0;54.0;0;1;11.0
1134;secondary;1;1.0;1;8489.0;46.0;1;1;9.0
1135;primary;1;1.0;0;6539.0;49.0;1;0;10.0
1136;secondary;0;1.0;1;7060.0;56.0;0;1;5.0
1137;higher;0;1.0;0;10043.0;53.0;0;1;9.0
1138;higher;1;1.0;1;6749.0;57.0;0;1;5.0
1139;primary;1;1.0;0;5891.0;59.0;0;1;12.0
1140;secondary;1;0.0;1;13366.0;42.0;0;1;
1141;primary;1;1.0;0;;50.0;0;1;10.0
1142;primary;1;1.0;1;7348.0;54.0;1;1;5.0
1143;higher;1;0.0;1;6583.0;47.0;1;1;6.0
1144;primary;1;0.0;0;6646.0;57.0;0;1;
1145;higher;1;0.0;0;5794.0;53.0;0;1;10.0
1146;secondary;1;1.0;0;10763.0;50.0;0;1;6.0
1147;higher;1;0.0;0;6389.0;44.0;0;1;10.0
1148;secondary;1;0.0;0;6117.0;49.0;0;1;9.0
1149;primary;0;0.0;0;7519.0;54.0;0;1;4.0
1150;higher;1;0.0;0;10284.0;48.0;0;1;13.0
1151;higher;0;0.0;0;8967.0;43.0;0;1;12.0
1152;secondary;1;0.0;0;7252.0;48.0;0;1;
1153;higher;1;1.0;0;7282.0;49.0;0;1;10.0
1154;higher;0;1.0;0;;58.0;0;1;0.0
1155;secondary;1;0.0;1;9286.0;60.0;0;1;0.0
1156;primary;0;0.0;1;7800.0;56.0;1;0;5.0
1157;primary;1;0.0;1;10725.0;45.0;0;1;11.0
1158;secondary;1;0.0;0;11173.0;47.0;0;0;10.0
1159;secondary;0;1.0;0;8777.0;42.0;0;1;10.0
1160;secondary;1;0.0;1;7043.0;47.0;0;1;13.0
1161;higher;1;1.0;1;9926.0;48.0;1;1;6.0
1162;primary;0;1.0;0;7779.0;43.0;1;1;7.0
1163;primary;1;0.0;1;6451.0;56.0;0;1;11.0
1164;higher;1;0.0;1;5610.0;43.0;0;0;11.0
1165;secondary;0;1.0;1;5887.0;48.0;1;1;2.0
1166;primary;1;1.0;0;7181.0;46.0;0;1;10.0
1167;primary;1;1.0;1;6394.0;41.0;0;1;11.0
1168;higher;1;0.0;0;7996.0;54.0;0;1;10.0
1169;primary;1;1.0;1;9523.0;50.0;0;1;6.0
1170;secondary;1;0.0;0;7360.0;49.0;0;0;10.0
1171;primary;1;1.0;0;6380.0;46.0;0;1;9.0
1172;higher;1;1.0;0;6278.0;51.0;0;1;20.0
1173;secondary;0;1.0;1;6122.0;55.0;0;0;9.0
1174;secondary;0;1.0;0;7189.0;50.0;1;0;13.0
1175;higher;1;0.0;1;5542.0;43.0;0;0;13.0
1176;secondary;0;1.0;0;3979.0;;0;1;12.0
1177;secondary;0;0.0;0;12712.0;37.0;0;0;29.0
1178;higher;0;0.0;1;8748.0;40.0;1;1;9.0
1179;primary;1;0.0;0;7029.0;56.0;0;1;8.0
1180;secondary;0;0.0;1;7096.0;47.0;0;0;13.0
1181;higher;0;0.0;0;7138.0;40.0;0;1;
1182;higher;1;1.0;0;6007.0;47.0;0;1;6.0
1183;higher;1;1.0;0;6761.0;41.0;0;0;
1184;secondary;1;1.0;1;7639.0;49.0;0;1;11.0
1185;secondary;0;0.0;1;8856.0;52.0;0;0;9.0
1186;primary;0;;0;7787.0;48.0;0;1;11.0
1187;secondary;1;0.0;1;9295.0;42.0;0;1;11.0
1188;higher;0;0.0;1;8117.0;60.0;0;1;7.0
1189;higher;1;0.0;1;9620.0;48.0;0;1;6.0
1190;higher;1;0.0;0;7633.0;55.0;0;1;7.0
1191;secondary;1;0.0;1;7648.0;;0;0;11.0
1192;higher;1;0.0;0;10918.0;47.0;0;1;10.0
1193;primary;1;0.0;0;9669.0;50.0;0;1;10.0
1194;higher;1;0.0;1;6980.0;50.0;1;1;
1195;higher;0;1.0;0;5243.0;40.0;0;0;11.0
1196;higher;0;1.0;1;8717.0;43.0;0;1;8.0
1197;higher;0;1.0;1;5074.0;64.0;1;1;7.0
1198;secondary;0;0.0;0;12658.0;42.0;0;0;
1199;secondary;0;1.0;0;8314.0;55.0;0;1;9.0
1200;secondary;1;0.0;1;5964.0;59.0;0;1;
1201;higher;1;0.0;0;11027.0;47.0;0;1;11.0
1202;higher;1;1.0;1;5218.0;36.0;1;1;11.0
1203;primary;1;1.0;0;8658.0;56.0;0;1;9.0
1204;primary;1;0.0;0;10364.0;53.0;0;1;11.0
1205;higher;0;0.0;1;7986.0;53.0;0;1;13.0
1206;secondary;1;1.0;1;10380.0;46.0;0;1;10.0
1207;higher;1;1.0;0;6400.0;57.0;0;1;3.0
1208;higher;1;1.0;1;7284.0;47.0;0;1;8.0
1209;primary;1;0.0;1;8756.0;50.0;0;1;9.0
1210;secondary;1;0.0;0;12319.0;49.0;1;1;
1211;primary;1;1.0;1;14027.0;50.0;1;1;12.0
1212;primary;1;1.0;1;8285.0;50.0;0;1;11.0
1213;higher;0;1.0;0;11240.0;48.0;0;1;13.0
1214;secondary;1;0.0;0;8377.0;52.0;0;1;36.0
1215;higher;1;1.0;1;8068.0;41.0;1;1;7.0
1216;secondary;1;1.0;0;5985.0;55.0;0;0;11.0
1217;secondary;1;1.0;0;6408.0;54.0;0;1;7.0
1218;secondary;0;1.0;0;11341.0;50.0;0;1;11.0
1219;primary;1;1.0;0;5564.0;58.0;0;0;10.0
1220;secondary;0;0.0;0;9641.0;62.0;0;1;0.0
1221;primary;0;1.0;1;11774.0;48.0;0;1;11.0
1222;secondary;1;0.0;1;6484.0;58.0;0;1;8.0
1223;secondary;1;1.0;0;8279.0;53.0;0;0;
1224;primary;1;0.0;1;11156.0;52.0;0;1;
1225;higher;1;1.0;0;9433.0;52.0;0;1;0.0
1226;secondary;0;0.0;0;8775.0;48.0;0;1;6.0
1227;secondary;0;1.0;1;6343.0;50.0;0;1;10.0
1228;higher;1;1.0;1;6478.0;;1;1;
1229;higher;1;1.0;1;8133.0;;1;1;7.0
1230;higher;1;0.0;1;11530.0;33.0;0;1;12.0
1231;secondary;0;1.0;0;9376.0;58.0;1;1;
1232;higher;0;0.0;0;8245.0;40.0;1;1;7.0
1233;secondary;1;0.0;1;6863.0;49.0;1;0;8.0
1234;higher;1;0.0;0;12607.0;49.0;0;1;
1235;primary;1;0.0;1;6588.0;49.0;0;1;8.0
1236;primary;1;0.0;0;7131.0;52.0;0;0;3.0
1237;higher;0;0.0;1;6595.0;58.0;0;1;9.0
1238;primary;1;1.0;0;8121.0;50.0;0;1;7.0
1239;higher;0;1.0;0;10078.0;46.0;0;1;0.0
1240;higher;0;0.0;1;9876.0;57.0;0;1;6.0
1241;higher;1;1.0;0;7874.0;50.0;0;1;6.0
1242;primary;0;0.0;0;6908.0;50.0;0;1;8.0
1243;secondary;0;1.0;0;;52.0;1;1;12.0
1244;primary;0;1.0;1;8739.0;43.0;1;0;11.0
1245;secondary;1;1.0;0;9096.0;61.0;0;1;10.0
1246;secondary;1;0.0;0;7284.0;57.0;0;1;
1247;secondary;0;1.0;0;8281.0;62.0;0;1;8.0
1248;higher;1;1.0;1;6719.0;36.0;1;0;7.0
1249;primary;0;0.0;1;9588.0;47.0;1;1;
1250;secondary;0;1.0;0;7184.0;49.0;0;1;2.0
1251;primary;1;1.0;1;9902.0;56.0;0;1;33.0
1252;higher;1;0.0;0;6353.0;45.0;0;1;5.0
1253;primary;1;1.0;1;12798.0;51.0;0;1;13.0
1254;secondary;0;1.0;1;7549.0;50.0;0;1;3.0
1255;secondary;0;0.0;0;7014.0;51.0;0;1;11.0
1256;primary;1;0.0;0;13135.0;53.0;0;1;
1257;secondary;1;0.0;0;8887.0;55.0;1;1;10.0
1258;secondary;1;1.0;1;6444.0;56.0;0;0;4.0
1259;secondary;0;0.0;0;5755.0;52.0;0;0;
1260;higher;1;0.0;1;8773.0;55.0;0;1;11.0
1261;higher;1;0.0;0;6016.0;39.0;1;1;10.0
1262;primary;0;0.0;0;10318.0;45.0;0;1;0.0
1263;secondary;1;0.0;0;8290.0;;0;1;5.0
1264;higher;1;0.0;0;12410.0;59.0;0;1;18.0
1265;secondary;1;1.0;0;7443.0;44.0;0;1;13.0
1266;primary;1;0.0;1;6196.0;55.0;0;1;10.0
1267;higher;0;0.0;1;8058.0;65.0;0;1;
1268;higher;1;0.0;1;9874.0;48.0;0;1;3.0
1269;primary;1;1.0;1;8060.0;47.0;0;1;7.0
1270;primary;1;0.0;0;8854.0;61.0;0;1;13.0
1271;secondary;1;0.0;0;5871.0;47.0;0;1;13.0
1272;higher;1;0.0;0;8577.0;62.0;0;1;7.0
1273;higher;0;0.0;0;6083.0;43.0;0;1;3.0
1274;higher;1;0.0;0;6236.0;43.0;0;1;
1275;higher;1;0.0;1;6054.0;56.0;0;1;8.0
1276;higher;1;0.0;0;9843.0;58.0;0;1;26.0
1277;higher;1;0.0;1;4734.0;50.0;0;1;7.0
1278;higher;1;1.0;0;10356.0;49.0;0;0;13.0
1279;primary;1;1.0;0;7579.0;50.0;0;0;8.0
1280;secondary;0;0.0;0;5642.0;39.0;0;1;4.0
1281;higher;1;1.0;1;7102.0;42.0;1;1;10.0
1282;primary;1;1.0;0;6757.0;42.0;0;1;10.0
1283;secondary;1;1.0;0;5756.0;60.0;1;1;12.0
1284;higher;1;0.0;0;10697.0;49.0;0;1;0.0
1285;secondary;0;0.0;0;11730.0;57.0;0;1;10.0
1286;higher;0;0.0;1;6522.0;49.0;0;1;9.0
1287;higher;0;0.0;0;6941.0;42.0;0;0;7.0
1288;higher;1;1.0;1;8252.0;38.0;1;1;9.0
1289;higher;1;0.0;0;10986.0;62.0;0;1;8.0
1290;secondary;1;1.0;1;7002.0;50.0;0;1;5.0
1291;secondary;1;1.0;1;7003.0;60.0;0;0;10.0
1292;higher;1;0.0;1;8741.0;56.0;0;1;11.0
1293;higher;0;1.0;1;6156.0;34.0;1;1;7.0
1294;primary;1;0.0;1;5141.0;51.0;1;1;8.0
1295;secondary;0;1.0;0;8714.0;46.0;1;1;6.0
1296;primary;1;1.0;0;7632.0;49.0;0;1;26.0
1297;secondary;1;1.0;1;9450.0;52.0;0;1;
1298;secondary;1;0.0;1;6199.0;58.0;0;0;6.0
1299;secondary;0;0.0;0;6257.0;55.0;0;1;2.0
1300;primary;1;0.0;1;7737.0;53.0;0;1;33.0
1301;higher;1;0.0;0;12210.0;43.0;0;1;8.0
1302;higher;1;1.0;0;6307.0;67.0;0;1;8.0
1303;secondary;0;1.0;0;9062.0;48.0;0;0;9.0
1304;secondary;1;1.0;1;8227.0;55.0;0;1;15.0
1305;primary;1;1.0;0;8482.0;47.0;0;1;9.0
1306;secondary;1;0.0;0;6298.0;;0;1;5.0
1307;primary;1;1.0;0;10959.0;58.0;0;1;4.0
1308;primary;1;0.0;0;8538.0;54.0;0;1;10.0
1309;primary;0;0.0;1;6815.0;51.0;0;1;7.0
1310;primary;1;1.0;1;9513.0;48.0;0;1;1.0
1311;secondary;1;0.0;0;13924.0;51.0;0;1;0.0
1312;secondary;1;0.0;1;7562.0;48.0;0;1;12.0
1313;secondary;1;1.0;0;5216.0;64.0;1;1;
1314;primary;1;1.0;1;8122.0;62.0;1;1;30.0
1315;higher;1;1.0;1;9358.0;46.0;0;1;9.0
1316;primary;1;1.0;1;6715.0;50.0;1;1;9.0
1317;primary;1;1.0;0;10279.0;52.0;0;1;
1318;higher;1;1.0;0;15451.0;56.0;0;1;7.0
1319;primary;0;0.0;0;5378.0;48.0;0;0;7.0
1320;higher;0;0.0;0;6093.0;61.0;0;0;7.0
1321;higher;0;1.0;1;5118.0;32.0;1;1;5.0
1322;secondary;1;1.0;1;9569.0;36.0;1;1;0.0
1323;secondary;1;1.0;0;14006.0;53.0;0;0;11.0
1324;secondary;0;1.0;0;6474.0;50.0;0;1;35.0
1325;higher;0;0.0;0;8425.0;48.0;0;1;8.0
1326;primary;1;0.0;0;5914.0;52.0;0;1;7.0
1327;primary;1;1.0;0;8275.0;52.0;0;0;2.0
1328;primary;0;1.0;1;6858.0;43.0;1;1;9.0
1329;higher;1;1.0;0;10184.0;56.0;0;1;13.0
1330;secondary;1;0.0;0;;48.0;0;1;12.0
1331;secondary;1;0.0;0;7026.0;43.0;0;0;7.0
1332;secondary;0;0.0;0;7073.0;51.0;0;1;11.0
1333;higher;1;1.0;0;7308.0;60.0;0;0;15.0
1334;primary;0;1.0;0;14000.0;51.0;0;1;11.0
1335;secondary;0;0.0;0;6278.0;55.0;0;1;13.0
1336;secondary;1;1.0;1;7748.0;50.0;0;1;8.0
1337;primary;1;1.0;0;10385.0;39.0;0;1;36.0
1338;primary;1;0.0;0;11812.0;46.0;0;1;10.0
1339;higher;0;1.0;1;6884.0;42.0;0;1;12.0
1340;secondary;1;1.0;0;8989.0;48.0;0;1;
1341;primary;1;1.0;0;8190.0;54.0;1;1;10.0
1342;higher;0;1.0;1;6331.0;33.0;1;0;11.0
1343;primary;1;0.0;1;9072.0;52.0;0;1;
1344;higher;1;1.0;0;8549.0;42.0;0;1;7.0
1345;secondary;1;0.0;1;11480.0;47.0;0;0;11.0
1346;primary;0;1.0;0;6781.0;56.0;0;0;12.0
1347;primary;1;1.0;0;13228.0;60.0;0;1;12.0
1348;higher;1;0.0;1;10515.0;49.0;0;0;10.0
1349;higher;0;0.0;1;10697.0;45.0;0;0;6.0
1350;higher;0;1.0;0;12092.0;40.0;0;1;8.0
1351;higher;1;0.0;1;7746.0;48.0;1;1;5.0
1352;primary;1;1.0;0;8100.0;65.0;1;1;11.0
1353;primary;0;0.0;0;6445.0;54.0;0;1;
1354;primary;1;1.0;0;6632.0;47.0;0;1;0.0
1355;primary;1;1.0;0;8762.0;52.0;0;1;
1356;secondary;1;0.0;1;5982.0;50.0;1;1;10.0
1357;higher;0;0.0;0;6069.0;49.0;0;0;10.0
1358;secondary;0;1.0;0;6666.0;52.0;0;1;6.0
1359;higher;1;1.0;1;7338.0;49.0;0;1;4.0
1360;secondary;1;0.0;1;;40.0;1;1;9.0
1361;secondary;0;0.0;0;13422.0;49.0;0;1;13.0
1362;primary;1;0.0;0;5823.0;57.0;0;0;8.0
1363;secondary;1;1.0;0;6538.0;59.0;0;1;14.0
1364;secondary;1;1.0;0;11344.0;45.0;0;0;6.0
1365;higher;1;1.0;1;7897.0;57.0;1;0;0.0
1366;secondary;0;0.0;0;8244.0;48.0;0;1;6.0
1367;higher;1;0.0;0;6271.0;;0;1;10.0
1368;higher;1;0.0;0;7361.0;62.0;0;1;12.0
1369;secondary;1;1.0;1;6843.0;46.0;1;1;9.0
1370;higher;1;0.0;0;5929.0;45.0;0;0;
1371;secondary;1;1.0;0;5074.0;38.0;1;1;12.0
1372;secondary;0;0.0;0;5993.0;;1;1;12.0
1373;secondary;1;0.0;0;7604.0;49.0;0;1;7.0
1374;higher;0;0.0;0;6305.0;48.0;1;1;7.0
1375;higher;1;0.0;0;7415.0;53.0;0;1;12.0
1376;higher;1;1.0;0;12043.0;58.0;0;1;5.0
1377;primary;0;1.0;1;5638.0;;1;1;5.0
1378;higher;1;0.0;0;14468.0;41.0;0;0;9.0
1379;higher;1;1.0;1;4311.0;41.0;1;1;15.0
1380;higher;1;0.0;0;7919.0;56.0;0;1;5.0
1381;primary;1;1.0;0;5856.0;55.0;0;0;10.0
1382;primary;1;0.0;0;6609.0;38.0;1;1;7.0
1383;primary;1;0.0;0;7037.0;52.0;0;1;7.0
1384;primary;1;1.0;0;8923.0;;0;1;
1385;secondary;1;1.0;1;11327.0;;0;0;8.0
1386;higher;1;0.0;0;6753.0;48.0;0;1;9.0
1387;primary;0;0.0;1;11831.0;51.0;0;1;12.0
1388;secondary;1;1.0;0;7354.0;54.0;0;1;9.0
1389;higher;1;1.0;1;12475.0;46.0;0;1;9.0
1390;primary;1;0.0;1;7388.0;53.0;0;1;4.0
1391;higher;0;0.0;1;6829.0;39.0;1;0;8.0
1392;higher;0;0.0;0;7015.0;59.0;0;1;10.0
1393;higher;1;0.0;0;6142.0;51.0;0;0;8.0
1394;higher;1;1.0;1;9770.0;51.0;0;1;10.0
1395;secondary;0;0.0;0;6626.0;53.0;0;1;8.0
1396;secondary;0;1.0;1;10560.0;49.0;0;1;10.0
1397;secondary;0;0.0;1;8424.0;48.0;0;0;11.0
1398;primary;1;0.0;1;6275.0;61.0;1;1;13.0
1399;higher;1;1.0;0;11315.0;46.0;0;0;5.0
1400;secondary;1;1.0;0;6698.0;57.0;0;1;12.0
1401;secondary;0;0.0;1;6783.0;57.0;0;1;9.0
1402;primary;0;1.0;1;6738.0;44.0;0;1;11.0
1403;higher;1;1.0;0;7939.0;43.0;0;1;0.0
1404;higher;1;0.0;1;8671.0;48.0;1;1;35.0
1405;higher;1;0.0;1;6221.0;53.0;0;0;11.0
1406;primary;1;0.0;0;8943.0;58.0;0;1;27.0
1407;primary;1;1.0;1;5838.0;52.0;1;1;14.0
1408;higher;0;0.0;1;6833.0;47.0;0;1;7.0
1409;higher;0;1.0;0;5633.0;42.0;1;1;5.0
1410;secondary;1;0.0;0;5844.0;58.0;0;1;27.0
1411;primary;0;0.0;0;5950.0;49.0;0;1;13.0
1412;secondary;1;0.0;0;5619.0;68.0;0;0;7.0
1413;primary;0;1.0;0;7425.0;49.0;1;1;10.0
1414;higher;0;1.0;1;5233.0;58.0;1;1;4.0
1415;secondary;0;0.0;0;10411.0;55.0;0;1;10.0
1416;primary;1;1.0;0;7605.0;48.0;0;1;6.0
1417;primary;1;0.0;0;10984.0;52.0;0;1;
1418;higher;1;1.0;0;7636.0;54.0;0;1;5.0
1419;secondary;0;1.0;0;10967.0;62.0;0;1;11.0
1420;primary;1;0.0;0;9055.0;58.0;0;1;6.0
1421;higher;1;1.0;0;7802.0;43.0;0;1;10.0
1422;primary;1;0.0;1;14735.0;56.0;0;1;19.0
1423;secondary;1;1.0;0;7330.0;49.0;0;1;9.0
1424;primary;0;0.0;0;9442.0;59.0;0;1;0.0
1425;primary;0;1.0;0;9719.0;57.0;1;1;9.0
1426;higher;1;1.0;1;7030.0;47.0;0;1;9.0
1427;primary;1;0.0;0;7080.0;48.0;0;0;2.0
1428;higher;1;1.0;0;7163.0;55.0;0;1;13.0
1429;secondary;0;0.0;1;9592.0;44.0;0;1;
1430;primary;1;0.0;0;7515.0;43.0;1;1;
1431;higher;1;0.0;0;8094.0;62.0;0;1;2.0
1432;primary;0;1.0;1;6361.0;65.0;1;1;8.0
1433;primary;1;0.0;0;6209.0;56.0;1;1;6.0
1434;secondary;1;0.0;0;5897.0;52.0;0;1;6.0
1435;primary;1;1.0;1;6107.0;46.0;1;1;3.0
1436;secondary;1;0.0;1;7800.0;54.0;1;1;9.0
1437;secondary;1;0.0;0;7760.0;50.0;0;0;10.0
1438;higher;1;1.0;1;6934.0;34.0;1;1;1.0
1439;higher;0;0.0;1;8043.0;44.0;0;1;6.0
1440;secondary;1;0.0;0;8993.0;49.0;0;1;11.0
1441;primary;1;1.0;1;7037.0;45.0;0;1;7.0
1442;primary;1;1.0;1;10534.0;52.0;0;1;15.0
1443;higher;1;1.0;1;11136.0;46.0;0;1;13.0
1444;primary;0;0.0;0;7218.0;53.0;0;1;9.0
1445;secondary;1;1.0;0;7063.0;66.0;0;1;5.0
1446;secondary;0;1.0;1;7707.0;55.0;0;1;0.0
1447;primary;0;1.0;1;5472.0;52.0;0;1;12.0
1448;secondary;1;0.0;0;6427.0;46.0;0;1;8.0
1449;higher;1;1.0;0;6168.0;53.0;0;1;11.0
1450;higher;1;1.0;1;9611.0;46.0;1;1;8.0
1451;primary;1;1.0;1;8040.0;49.0;0;1;13.0
1452;primary;0;1.0;0;10846.0;49.0;0;1;4.0
1453;higher;1;1.0;1;10269.0;50.0;0;1;8.0
1454;primary;1;1.0;0;6670.0;44.0;0;1;7.0
1455;secondary;1;1.0;0;6436.0;49.0;0;1;
1456;secondary;1;0.0;0;7515.0;59.0;0;1;0.0
1457;secondary;0;1.0;0;10332.0;48.0;0;0;35.0
1458;secondary;1;1.0;1;8172.0;52.0;0;1;2.0
1459;higher;1;1.0;0;6290.0;46.0;0;1;9.0
1460;secondary;0;0.0;1;;57.0;0;1;6.0
1461;primary;1;0.0;0;5783.0;54.0;0;1;
1462;higher;1;1.0;0;5945.0;65.0;0;1;7.0
1463;primary;1;0.0;0;7636.0;50.0;0;0;11.0
1464;higher;0;1.0;0;6713.0;41.0;0;1;12.0
1465;primary;1;1.0;1;10462.0;61.0;0;0;7.0
1466;primary;0;1.0;1;14192.0;44.0;0;0;
1467;secondary;1;0.0;0;7542.0;47.0;0;1;9.0
1468;secondary;1;0.0;0;5455.0;54.0;0;0;10.0
1469;higher;1;1.0;0;7689.0;60.0;0;1;16.0
1470;primary;1;0.0;0;7148.0;51.0;0;1;2.0
1471;higher;1;0.0;0;8428.0;46.0;0;1;
1472;secondary;0;0.0;0;6591.0;57.0;1;1;7.0
1473;secondary;1;0.0;0;8381.0;58.0;0;1;5.0
1474;primary;0;1.0;0;7897.0;46.0;0;1;11.0
1475;primary;0;1.0;0;10200.0;50.0;0;1;10.0
1476;secondary;1;1.0;0;7586.0;52.0;0;1;11.0
1477;primary;1;1.0;0;6106.0;61.0;0;1;11.0
1478;higher;1;0.0;0;12924.0;45.0;0;1;10.0
1479;primary;0;0.0;0;11568.0;35.0;0;1;10.0
1480;higher;1;1.0;0;9407.0;44.0;1;1;
1481;higher;1;1.0;1;7013.0;61.0;0;0;6.0
1482;secondary;1;1.0;0;7113.0;37.0;0;1;11.0
1483;higher;1;0.0;0;8934.0;58.0;0;0;10.0
1484;secondary;1;0.0;0;8313.0;54.0;0;1;7.0
1485;primary;1;1.0;0;6293.0;51.0;0;0;5.0
1486;higher;1;1.0;1;8823.0;51.0;0;1;11.0
1487;secondary;1;0.0;0;6617.0;66.0;0;1;
1488;primary;1;0.0;1;6266.0;63.0;0;1;0.0
1489;secondary;1;0.0;0;12013.0;47.0;0;1;5.0
1490;higher;1;1.0;0;8601.0;49.0;0;0;33.0
1491;secondary;1;1.0;0;6563.0;47.0;0;1;6.0
1492;higher;1;1.0;1;7265.0;59.0;0;0;13.0
1493;higher;0;0.0;0;7119.0;41.0;1;0;5.0
1494;primary;1;1.0;0;10702.0;49.0;0;1;13.0
1495;primary;1;1.0;0;;59.0;0;1;9.0
1496;secondary;0;1.0;0;5481.0;50.0;0;0;11.0
1497;higher;0;1.0;0;6465.0;53.0;0;0;10.0
1498;primary;1;1.0;1;7008.0;49.0;1;0;9.0
1499;secondary;1;0.0;0;6607.0;61.0;0;1;11.0
1500;secondary;1;0.0;0;8077.0;49.0;0;1;5.0
1501;secondary;0;1.0;0;7440.0;55.0;0;1;11.0
1502;higher;0;1.0;0;4664.0;31.0;1;1;
1503;secondary;1;1.0;0;8938.0;52.0;0;1;5.0
1504;higher;1;1.0;0;6887.0;55.0;0;1;10.0
1505;higher;0;1.0;1;8289.0;42.0;0;1;12.0
1506;secondary;0;1.0;0;10060.0;65.0;0;1;7.0
1507;higher;1;1.0;1;6848.0;40.0;0;1;4.0
1508;primary;0;0.0;1;8387.0;58.0;0;1;2.0
1509;higher;1;1.0;0;7490.0;53.0;0;1;5.0
1510;secondary;1;0.0;0;7047.0;54.0;0;1;7.0
1511;secondary;1;1.0;1;9775.0;49.0;0;1;6.0
1512;higher;0;1.0;0;6399.0;44.0;0;1;13.0
1513;higher;1;0.0;0;8197.0;55.0;0;1;12.0
1514;secondary;1;0.0;1;8443.0;64.0;0;1;5.0
1515;primary;1;0.0;0;;51.0;0;1;10.0
1516;secondary;0;0.0;1;5836.0;50.0;0;1;2.0
1517;secondary;0;1.0;0;5612.0;58.0;0;1;11.0
1518;higher;1;1.0;0;9210.0;46.0;0;1;5.0
1519;primary;1;0.0;1;7111.0;56.0;1;1;5.0
1520;higher;1;1.0;0;7447.0;41.0;0;1;11.0
1521;secondary;0;1.0;1;6767.0;57.0;0;1;10.0
1522;primary;0;0.0;0;7458.0;56.0;1;0;8.0
1523;primary;0;1.0;0;5739.0;60.0;0;1;5.0
1524;primary;1;0.0;0;12053.0;64.0;0;1;
1525;secondary;0;1.0;1;7504.0;57.0;1;1;5.0
1526;secondary;0;1.0;0;7536.0;48.0;0;1;9.0
1527;secondary;1;1.0;1;8195.0;46.0;0;1;6.0
1528;higher;1;1.0;0;9899.0;58.0;0;0;5.0
1529;higher;1;0.0;0;7107.0;37.0;0;1;6.0
1530;higher;1;1.0;0;7926.0;51.0;0;0;0.0
1531;primary;1;1.0;0;11016.0;47.0;0;1;9.0
1532;secondary;0;1.0;0;7393.0;56.0;0;1;1.0
1533;secondary;1;1.0;0;8998.0;58.0;0;1;10.0
1534;secondary;1;0.0;0;;57.0;0;0;6.0
1535;secondary;1;1.0;1;8226.0;61.0;1;1;0.0
1536;secondary;1;0.0;0;10249.0;;0;0;4.0
1537;secondary;0;1.0;0;9277.0;60.0;1;0;34.0
1538;higher;1;1.0;1;6717.0;51.0;0;1;4.0
1539;higher;0;1.0;1;6498.0;51.0;0;1;5.0
1540;primary;1;1.0;0;10573.0;53.0;0;0;11.0
1541;secondary;1;0.0;1;7205.0;47.0;0;1;20.0
1542;primary;1;0.0;1;7060.0;48.0;0;1;8.0
1543;higher;1;0.0;0;7669.0;47.0;0;1;9.0
1544;primary;0;1.0;1;6995.0;45.0;0;1;8.0
1545;secondary;0;0.0;1;4508.0;36.0;1;1;5.0
1546;higher;0;1.0;0;6053.0;44.0;0;1;11.0
1547;secondary;1;0.0;0;7825.0;48.0;0;0;9.0
1548;primary;1;0.0;0;8931.0;50.0;0;1;12.0
1549;secondary;1;0.0;1;7413.0;52.0;0;1;2.0
1550;secondary;1;0.0;1;10819.0;52.0;0;1;9.0
1551;primary;1;1.0;0;10213.0;65.0;1;1;8.0
1552;higher;0;0.0;0;6243.0;39.0;1;1;5.0
1553;primary;1;0.0;0;7864.0;55.0;0;0;
1554;primary;1;0.0;0;6534.0;47.0;0;1;12.0
1555;secondary;1;1.0;0;6405.0;51.0;0;1;1.0
1556;primary;1;1.0;0;12925.0;44.0;0;1;9.0
1557;higher;1;1.0;0;6596.0;48.0;0;1;10.0
1558;higher;0;0.0;0;8888.0;57.0;1;1;11.0
1559;secondary;1;0.0;0;7809.0;43.0;0;1;3.0
1560;secondary;0;0.0;1;10273.0;60.0;0;1;11.0
1561;higher;1;0.0;0;10698.0;44.0;0;1;8.0
1562;primary;1;1.0;1;13164.0;40.0;1;1;6.0
1563;primary;0;0.0;0;6716.0;55.0;0;1;5.0
1564;secondary;1;0.0;1;11896.0;55.0;1;0;10.0
1565;secondary;1;0.0;0;8040.0;51.0;0;1;10.0
1566;secondary;0;0.0;0;9377.0;48.0;0;1;0.0
1567;primary;1;1.0;1;8146.0;52.0;1;1;6.0
1568;primary;1;1.0;0;7127.0;52.0;0;1;10.0
1569;higher;0;0.0;0;6906.0;52.0;0;1;10.0
1570;secondary;0;1.0;0;8966.0;60.0;0;1;8.0
1571;primary;0;0.0;0;7245.0;51.0;0;0;12.0
1572;secondary;1;1.0;0;15421.0;52.0;0;1;4.0
1573;primary;0;0.0;1;5127.0;54.0;1;0;0.0
1574;secondary;1;0.0;0;8788.0;33.0;1;1;3.0
1575;secondary;1;1.0;0;;48.0;0;1;5.0
1576;primary;1;1.0;1;5412.0;38.0;1;0;7.0
1577;primary;1;1.0;1;8950.0;54.0;0;1;8.0
1578;higher;1;0.0;1;7172.0;50.0;0;1;6.0
1579;higher;0;0.0;1;7263.0;58.0;0;1;
1580;primary;1;1.0;0;7759.0;48.0;0;1;31.0
1581;primary;1;1.0;0;7376.0;56.0;0;1;9.0
1582;secondary;1;1.0;0;10021.0;47.0;0;1;2.0
1583;higher;1;1.0;0;11280.0;57.0;0;0;3.0
1584;primary;1;1.0;0;6387.0;57.0;0;1;13.0
1585;secondary;1;0.0;0;4361.0;57.0;0;1;0.0
1586;primary;1;1.0;1;9558.0;52.0;0;0;0.0
1587;secondary;1;0.0;0;5448.0;47.0;0;1;10.0
1588;higher;0;1.0;1;;37.0;1;1;
1589;primary;1;1.0;0;9194.0;55.0;0;1;4.0
1590;secondary;1;0.0;1;6281.0;49.0;0;1;39.0
1591;primary;0;1.0;1;9019.0;51.0;0;1;25.0
1592;primary;0;0.0;1;7248.0;58.0;0;1;11.0
1593;higher;0;0.0;0;7072.0;49.0;0;0;8.0
1594;primary;0;1.0;0;11842.0;48.0;0;0;6.0
1595;primary;0;1.0;1;8490.0;56.0;0;1;7.0
1596;higher;0;0.0;0;7151.0;30.0;1;1;6.0
1597;primary;0;1.0;0;7931.0;46.0;0;0;7.0
1598;secondary;1;1.0;1;10134.0;46.0;0;1;
1599;primary;1;1.0;0;8369.0;52.0;0;0;5.0
1600;primary;0;0.0;0;7569.0;54.0;0;1;11.0
1601;secondary;1;1.0;1;5668.0;39.0;1;1;11.0
1602;secondary;0;1.0;0;8086.0;62.0;0;1;10.0
1603;primary;1;1.0;1;11908.0;36.0;0;1;7.0
1604;higher;0;0.0;0;10886.0;55.0;0;1;9.0
1605;secondary;1;1.0;1;8371.0;53.0;1;1;9.0
1606;primary;1;0.0;1;7337.0;50.0;1;1;10.0
1607;primary;0;1.0;0;5022.0;45.0;0;1;7.0
1608;secondary;1;0.0;0;8306.0;53.0;0;0;6.0
1609;higher;0;0.0;0;6026.0;56.0;0;1;5.0
1610;secondary;1;1.0;0;6587.0;48.0;0;0;3.0
1611;higher;1;1.0;0;6922.0;43.0;0;0;7.0
1612;secondary;1;0.0;1;9991.0;49.0;0;1;12.0
1613;higher;1;1.0;1;9550.0;51.0;0;1;3.0
1614;secondary;1;1.0;0;7029.0;60.0;0;1;11.0
1615;secondary;1;0.0;0;6252.0;35.0;0;1;11.0
1616;higher;0;0.0;0;7493.0;50.0;0;1;7.0
1617;secondary;1;0.0;0;5637.0;56.0;0;0;8.0
1618;higher;1;0.0;1;6992.0;52.0;0;0;3.0
1619;secondary;1;0.0;0;9936.0;56.0;0;0;9.0
1620;higher;1;1.0;0;6121.0;52.0;0;1;9.0
1621;higher;1;1.0;0;8146.0;52.0;0;1;12.0
1622;primary;0;1.0;1;13780.0;51.0;0;1;7.0
1623;secondary;0;0.0;0;9654.0;47.0;0;1;10.0
1624;higher;1;0.0;0;6450.0;55.0;0;0;6.0
1625;higher;1;1.0;0;11562.0;55.0;0;1;14.0
1626;primary;1;0.0;0;11030.0;51.0;0;1;10.0
1627;secondary;0;1.0;0;7638.0;48.0;0;1;5.0
1628;secondary;0;1.0;1;9421.0;43.0;0;1;10.0
1629;secondary;1;0.0;1;5642.0;47.0;0;0;5.0
1630;primary;1;1.0;1;6991.0;52.0;0;1;10.0
1631;secondary;1;1.0;0;7612.0;49.0;0;1;12.0
1632;higher;1;0.0;0;8030.0;50.0;0;1;29.0
1633;secondary;1;1.0;0;5506.0;50.0;0;1;8.0
1634;higher;0;0.0;0;5861.0;49.0;0;1;
1635;primary;1;1.0;0;6709.0;63.0;0;1;10.0
1636;secondary;1;0.0;0;12162.0;60.0;0;1;
1637;secondary;0;0.0;0;9297.0;62.0;0;0;
1638;secondary;1;1.0;1;6156.0;49.0;0;1;12.0
1639;primary;1;0.0;0;5515.0;57.0;0;1;14.0
1640;secondary;1;1.0;1;7421.0;52.0;0;0;10.0
1641;secondary;0;0.0;0;7664.0;50.0;0;1;10.0
1642;higher;1;0.0;0;10249.0;;0;0;6.0
1643;primary;1;1.0;0;7245.0;59.0;0;1;13.0
1644;higher;1;1.0;1;12660.0;38.0;0;1;7.0
1645;primary;1;1.0;1;10637.0;46.0;0;1;7.0
1646;primary;1;1.0;1;10700.0;37.0;0;0;6.0
1647;primary;0;1.0;1;10665.0;46.0;0;1;
1648;secondary;1;;0;4805.0;70.0;1;0;11.0
1649;higher;1;0.0;0;6807.0;47.0;0;1;
1650;secondary;1;0.0;1;6055.0;51.0;1;1;10.0
1651;primary;1;0.0;0;8924.0;54.0;0;1;9.0
1652;higher;1;0.0;1;6163.0;58.0;1;1;12.0
1653;secondary;1;1.0;0;;59.0;0;0;6.0
1654;primary;1;0.0;0;7727.0;45.0;1;1;8.0
1655;primary;1;0.0;1;6175.0;46.0;0;1;9.0
1656;secondary;1;0.0;1;8701.0;50.0;0;1;8.0
1657;higher;1;1.0;0;8954.0;53.0;0;1;8.0
1658;higher;1;1.0;0;7410.0;45.0;0;1;12.0
1659;primary;0;0.0;1;5361.0;42.0;0;0;11.0
1660;higher;0;1.0;1;5507.0;50.0;0;1;9.0
1661;primary;0;0.0;1;9029.0;55.0;1;1;11.0
1662;primary;1;1.0;1;6249.0;52.0;1;1;14.0
1663;primary;1;0.0;0;12589.0;47.0;0;0;15.0
1664;secondary;0;1.0;0;10828.0;;0;1;
1665;primary;1;1.0;0;6392.0;49.0;0;1;
1666;secondary;1;0.0;1;7933.0;57.0;0;1;11.0
1667;secondary;0;;0;6582.0;61.0;0;1;9.0
1668;higher;0;0.0;0;7088.0;51.0;0;1;31.0
1669;secondary;1;1.0;0;7093.0;53.0;0;1;2.0
1670;higher;1;1.0;1;8530.0;52.0;0;1;35.0
1671;higher;1;0.0;0;11894.0;48.0;0;1;11.0
1672;higher;1;0.0;1;6826.0;44.0;0;0;15.0
1673;primary;1;1.0;0;6356.0;57.0;0;0;5.0
1674;secondary;1;1.0;1;6573.0;63.0;0;0;34.0
1675;higher;1;1.0;0;9953.0;54.0;0;1;9.0
1676;higher;1;1.0;0;5409.0;50.0;0;1;12.0
1677;secondary;0;1.0;1;10583.0;52.0;0;1;8.0
1678;higher;1;0.0;1;6398.0;34.0;1;1;4.0
1679;higher;1;0.0;0;9836.0;45.0;0;0;1.0
1680;primary;1;1.0;1;8012.0;46.0;0;1;10.0
1681;higher;0;0.0;0;11224.0;50.0;0;1;11.0
1682;secondary;0;1.0;1;7880.0;48.0;0;1;5.0
1683;secondary;1;0.0;0;7993.0;49.0;0;1;8.0
1684;secondary;1;0.0;1;9176.0;56.0;0;1;13.0
1685;secondary;1;0.0;0;9641.0;48.0;0;0;16.0
1686;primary;0;0.0;0;8231.0;54.0;0;1;12.0
1687;primary;1;0.0;1;6140.0;56.0;0;1;11.0
1688;higher;1;1.0;0;7356.0;56.0;0;1;0.0
1689;higher;1;1.0;0;9190.0;46.0;0;1;11.0
1690;higher;0;1.0;1;12221.0;43.0;0;0;10.0
1691;higher;1;0.0;1;6533.0;39.0;0;1;8.0
1692;higher;1;1.0;1;8616.0;57.0;1;1;
1693;higher;0;0.0;1;9525.0;50.0;0;1;11.0
1694;higher;0;1.0;0;7291.0;54.0;0;1;11.0
1695;primary;1;0.0;0;8159.0;44.0;0;1;29.0
1696;secondary;0;1.0;0;8208.0;29.0;0;1;11.0
1697;higher;1;1.0;0;9924.0;55.0;0;1;9.0
1698;secondary;0;1.0;0;7063.0;58.0;0;0;6.0
1699;higher;0;0.0;1;8578.0;51.0;1;0;
1700;primary;1;0.0;0;8449.0;61.0;0;0;4.0
1701;secondary;1;1.0;1;9757.0;46.0;1;1;9.0
1702;secondary;0;1.0;1;10257.0;50.0;1;0;0.0
1703;secondary;0;1.0;1;5098.0;56.0;1;1;4.0
1704;secondary;0;0.0;0;5921.0;56.0;0;1;9.0
1705;secondary;0;0.0;0;6789.0;55.0;0;1;12.0
1706;secondary;0;1.0;0;7182.0;59.0;0;1;11.0
1707;secondary;0;0.0;0;13677.0;35.0;0;1;7.0
1708;higher;1;1.0;0;10391.0;45.0;0;1;
1709;primary;1;0.0;1;8216.0;52.0;0;1;10.0
1710;secondary;1;1.0;1;;50.0;1;1;12.0
1711;secondary;1;0.0;0;6650.0;55.0;0;1;12.0
1712;primary;1;0.0;0;7984.0;46.0;0;1;8.0
1713;higher;1;0.0;0;11016.0;50.0;0;1;
1714;higher;1;0.0;0;8381.0;54.0;0;1;13.0
1715;higher;1;1.0;1;8637.0;52.0;0;0;11.0
1716;higher;1;0.0;0;5762.0;66.0;0;0;9.0
1717;secondary;0;1.0;1;9663.0;60.0;0;0;9.0
1718;higher;1;0.0;0;8471.0;56.0;0;1;11.0
1719;higher;0;0.0;1;6936.0;57.0;0;1;6.0
1720;higher;1;0.0;0;7433.0;57.0;0;1;9.0
1721;secondary;1;1.0;1;7624.0;58.0;1;1;5.0
1722;higher;0;1.0;1;6542.0;68.0;0;1;3.0
1723;primary;1;0.0;0;8105.0;60.0;1;1;10.0
1724;higher;1;0.0;1;5713.0;;1;1;11.0
1725;primary;0;1.0;0;6926.0;;0;1;4.0
1726;secondary;1;0.0;0;9082.0;59.0;0;1;5.0
1727;higher;1;0.0;0;5155.0;45.0;0;1;11.0
1728;primary;1;1.0;0;10741.0;61.0;0;1;6.0
1729;higher;1;0.0;0;6946.0;51.0;0;1;11.0
1730;secondary;0;0.0;1;12967.0;56.0;0;0;7.0
1731;secondary;1;1.0;0;7167.0;49.0;0;0;
1732;primary;1;1.0;1;6218.0;46.0;1;1;10.0
1733;primary;1;1.0;0;9195.0;50.0;0;1;5.0
1734;primary;1;1.0;1;7980.0;35.0;1;1;
1735;primary;1;0.0;0;8510.0;55.0;0;1;7.0
1736;secondary;1;0.0;1;6311.0;45.0;0;1;
1737;primary;1;1.0;0;6814.0;45.0;0;1;25.0
1738;primary;1;1.0;0;5863.0;48.0;0;1;4.0
1739;higher;0;1.0;0;6953.0;55.0;0;1;
1740;secondary;1;0.0;1;7088.0;47.0;0;1;12.0
1741;secondary;1;1.0;0;8654.0;56.0;0;1;8.0
1742;secondary;0;0.0;0;6845.0;48.0;0;1;14.0
1743;primary;1;1.0;0;8730.0;60.0;0;1;2.0
1744;primary;1;0.0;0;9881.0;51.0;0;1;7.0
1745;higher;0;0.0;1;10317.0;55.0;1;1;10.0
1746;primary;1;0.0;0;13420.0;57.0;0;1;8.0
1747;secondary;1;0.0;1;6351.0;53.0;0;1;10.0
1748;secondary;1;1.0;0;6210.0;56.0;0;1;11.0
1749;secondary;1;1.0;1;5683.0;48.0;0;1;6.0
1750;primary;1;1.0;0;5943.0;45.0;0;1;8.0
1751;higher;0;0.0;1;10355.0;46.0;0;0;8.0
1752;higher;1;0.0;1;6361.0;39.0;0;1;7.0
1753;higher;1;1.0;1;2769.0;57.0;1;0;7.0
1754;higher;1;0.0;0;9928.0;54.0;0;1;9.0
1755;secondary;0;0.0;1;11513.0;60.0;0;1;8.0
1756;primary;1;1.0;0;10603.0;54.0;0;1;
1757;secondary;1;1.0;1;10583.0;46.0;1;1;10.0
1758;secondary;1;0.0;1;6035.0;59.0;0;1;31.0
1759;secondary;1;0.0;1;6851.0;34.0;1;1;12.0
1760;higher;1;0.0;0;6511.0;55.0;0;1;4.0
1761;higher;1;1.0;0;11027.0;46.0;0;1;12.0
1762;higher;1;0.0;0;6038.0;51.0;0;1;10.0
1763;secondary;0;1.0;0;6196.0;51.0;0;1;12.0
1764;primary;0;0.0;0;8283.0;49.0;0;1;14.0
1765;higher;1;1.0;1;5626.0;57.0;0;1;0.0
1766;secondary;1;0.0;1;;43.0;0;1;16.0
1767;higher;0;0.0;0;6098.0;46.0;1;1;37.0
1768;higher;1;0.0;1;7591.0;57.0;0;1;4.0
1769;higher;1;0.0;0;6919.0;53.0;0;1;10.0
1770;secondary;1;1.0;0;8713.0;51.0;0;0;10.0
1771;higher;1;0.0;1;8420.0;49.0;1;1;0.0
1772;secondary;0;1.0;0;7607.0;33.0;1;1;2.0
1773;primary;1;0.0;0;9699.0;48.0;0;0;12.0
1774;primary;1;1.0;0;7078.0;64.0;0;1;9.0
1775;primary;1;1.0;0;9603.0;60.0;0;1;12.0
1776;secondary;1;0.0;0;9803.0;54.0;0;1;3.0
1777;higher;1;1.0;0;12076.0;39.0;0;1;7.0
1778;secondary;0;1.0;1;8338.0;54.0;0;1;10.0
1779;primary;1;1.0;0;6107.0;51.0;1;1;11.0
1780;secondary;1;1.0;1;10055.0;52.0;1;1;28.0
1781;secondary;1;0.0;0;7944.0;38.0;0;1;12.0
1782;secondary;1;0.0;0;10047.0;40.0;0;1;
1783;higher;0;1.0;1;;63.0;0;1;11.0
1784;higher;0;1.0;0;;59.0;0;0;18.0
1785;higher;1;1.0;1;7891.0;53.0;0;1;13.0
1786;higher;1;0.0;0;12625.0;37.0;0;1;12.0
1787;higher;1;1.0;0;7443.0;45.0;0;1;13.0
1788;secondary;0;1.0;0;6097.0;46.0;0;1;8.0
1789;secondary;1;1.0;1;7202.0;53.0;0;0;5.0
1790;primary;1;1.0;1;7392.0;48.0;1;0;6.0
1791;higher;1;1.0;0;7403.0;50.0;0;1;0.0
1792;secondary;0;0.0;0;6049.0;47.0;0;0;10.0
1793;secondary;0;0.0;0;8229.0;55.0;0;0;4.0
1794;secondary;1;0.0;1;11359.0;49.0;1;0;4.0
1795;secondary;0;0.0;0;7569.0;48.0;0;1;16.0
1796;higher;1;1.0;0;8166.0;45.0;0;0;7.0
1797;primary;1;1.0;0;10986.0;53.0;0;1;7.0
1798;higher;0;0.0;0;9170.0;45.0;1;1;2.0
1799;secondary;1;1.0;0;9473.0;51.0;1;1;
1800;secondary;0;0.0;1;8632.0;59.0;1;1;22.0
1801;primary;1;0.0;0;8345.0;61.0;0;1;9.0
1802;higher;0;0.0;0;13974.0;41.0;0;0;12.0
1803;primary;1;0.0;0;7141.0;60.0;0;1;8.0
1804;primary;1;1.0;0;7646.0;50.0;0;1;
1805;secondary;1;0.0;0;9797.0;;0;1;9.0
1806;secondary;1;0.0;1;7299.0;53.0;0;1;5.0
1807;primary;0;1.0;1;6487.0;39.0;1;1;7.0
1808;primary;0;1.0;0;7945.0;46.0;0;1;6.0
1809;primary;1;1.0;0;5922.0;71.0;0;1;10.0
1810;higher;0;1.0;1;7886.0;47.0;0;1;
1811;primary;0;0.0;1;6084.0;46.0;0;1;
1812;higher;1;1.0;0;5303.0;41.0;0;1;9.0
1813;secondary;0;1.0;1;10071.0;52.0;0;1;6.0
1814;secondary;1;1.0;0;9531.0;49.0;0;1;7.0
1815;secondary;1;0.0;0;6246.0;52.0;0;1;10.0
1816;higher;0;1.0;0;12169.0;48.0;0;1;9.0
1817;primary;0;1.0;0;4683.0;61.0;0;1;11.0
1818;higher;1;0.0;0;10284.0;53.0;0;1;25.0
1819;higher;1;0.0;0;11332.0;52.0;0;1;10.0
1820;secondary;1;1.0;0;7853.0;42.0;0;1;
1821;higher;1;0.0;0;7827.0;46.0;0;1;1.0
1822;secondary;1;1.0;0;7087.0;46.0;0;1;16.0
1823;primary;0;1.0;0;9522.0;50.0;0;1;1.0
1824;primary;0;1.0;1;4546.0;50.0;1;1;5.0
1825;primary;1;1.0;1;10994.0;56.0;0;0;4.0
1826;secondary;1;0.0;0;6295.0;52.0;0;1;5.0
1827;higher;1;1.0;1;9520.0;54.0;1;1;6.0
1828;secondary;0;0.0;0;5924.0;54.0;0;1;6.0
1829;higher;1;1.0;0;7139.0;42.0;0;1;11.0
1830;primary;0;1.0;0;;54.0;0;1;12.0
1831;secondary;1;0.0;0;9018.0;53.0;0;1;4.0
1832;primary;0;0.0;0;7052.0;47.0;0;1;
1833;primary;0;0.0;1;8695.0;53.0;0;1;10.0
1834;higher;0;0.0;0;10973.0;;0;1;11.0
1835;primary;0;1.0;1;6735.0;51.0;1;1;10.0
1836;primary;1;0.0;0;6289.0;39.0;0;1;15.0
1837;secondary;1;0.0;0;6602.0;55.0;0;1;11.0
1838;higher;1;0.0;1;8700.0;53.0;0;1;10.0
1839;primary;0;1.0;0;7834.0;40.0;0;1;10.0
1840;secondary;1;1.0;0;6940.0;50.0;0;1;28.0
1841;higher;1;1.0;1;10218.0;56.0;0;1;4.0
1842;primary;1;1.0;0;7992.0;58.0;0;1;10.0
1843;secondary;1;1.0;0;10901.0;50.0;0;0;9.0
1844;secondary;0;0.0;0;7913.0;54.0;0;1;5.0
1845;higher;1;0.0;1;7161.0;45.0;1;1;9.0
1846;primary;1;1.0;1;13338.0;53.0;0;1;7.0
1847;primary;1;1.0;1;6136.0;51.0;0;1;6.0
1848;higher;1;0.0;0;7187.0;61.0;0;1;0.0
1849;higher;1;1.0;0;3496.0;36.0;1;1;4.0
1850;primary;1;1.0;0;7329.0;52.0;0;0;11.0
1851;secondary;1;1.0;0;5418.0;54.0;0;1;12.0
1852;primary;1;0.0;0;7050.0;49.0;0;1;12.0
1853;primary;1;1.0;0;6742.0;52.0;0;0;7.0
1854;higher;1;1.0;0;7990.0;52.0;0;1;
1855;secondary;0;1.0;0;11410.0;52.0;0;1;11.0
1856;higher;1;1.0;1;7469.0;54.0;0;1;
1857;secondary;1;1.0;1;9196.0;54.0;0;1;2.0
1858;higher;1;;1;4682.0;33.0;1;1;
1859;primary;0;1.0;0;9247.0;63.0;0;1;11.0
1860;higher;1;1.0;1;8228.0;54.0;0;1;14.0
1861;higher;1;1.0;0;7969.0;56.0;0;0;
1862;secondary;0;0.0;1;8918.0;58.0;0;1;9.0
1863;primary;0;1.0;0;7936.0;56.0;0;1;0.0
1864;higher;1;0.0;1;7322.0;51.0;0;1;8.0
1865;secondary;1;0.0;1;7945.0;53.0;0;0;4.0
1866;higher;1;0.0;1;6518.0;42.0;1;1;6.0
1867;secondary;0;1.0;1;10348.0;54.0;0;1;5.0
1868;primary;1;1.0;1;9631.0;60.0;0;1;3.0
1869;secondary;1;1.0;0;6091.0;56.0;0;1;6.0
1870;secondary;1;0.0;1;6807.0;45.0;1;1;1.0
1871;secondary;1;;1;;52.0;1;1;7.0
1872;higher;1;1.0;0;8860.0;47.0;0;1;9.0
1873;higher;1;0.0;0;;58.0;0;1;8.0
1874;higher;1;0.0;1;7612.0;59.0;0;1;
1875;secondary;0;1.0;1;7856.0;41.0;0;1;31.0
1876;higher;1;1.0;0;7515.0;;0;1;12.0
1877;higher;0;1.0;1;10557.0;57.0;1;1;29.0
1878;higher;1;0.0;0;8656.0;50.0;1;1;6.0
1879;primary;1;1.0;1;5966.0;46.0;0;1;
1880;higher;1;0.0;0;10476.0;52.0;0;1;12.0
1881;higher;0;0.0;1;7864.0;54.0;0;1;
1882;higher;1;0.0;1;6717.0;50.0;0;1;13.0
1883;secondary;0;1.0;0;5755.0;37.0;0;1;8.0
1884;higher;1;1.0;1;7981.0;48.0;0;1;10.0
1885;secondary;1;0.0;0;8297.0;48.0;0;1;5.0
1886;primary;1;0.0;0;10850.0;52.0;0;1;4.0
1887;secondary;0;1.0;0;10091.0;54.0;0;0;11.0
1888;primary;0;0.0;0;6828.0;67.0;0;1;9.0
1889;secondary;1;1.0;0;8248.0;54.0;1;1;12.0
1890;primary;1;0.0;0;5703.0;55.0;0;1;1.0
1891;secondary;0;0.0;1;10745.0;48.0;0;1;8.0
1892;higher;0;;1;8016.0;47.0;1;1;6.0
1893;secondary;1;1.0;0;11101.0;58.0;0;1;10.0
1894;primary;0;1.0;0;6661.0;53.0;1;1;6.0
1895;secondary;1;1.0;0;10325.0;45.0;0;0;
1896;higher;1;1.0;1;7737.0;52.0;0;0;5.0
1897;higher;0;0.0;1;11017.0;43.0;0;0;10.0
1898;secondary;1;1.0;0;8563.0;51.0;0;1;10.0
1899;primary;1;0.0;1;6255.0;44.0;0;1;9.0
1900;secondary;1;0.0;1;8329.0;49.0;0;0;10.0
1901;higher;0;0.0;1;7802.0;62.0;0;1;35.0
1902;secondary;1;1.0;0;8805.0;52.0;0;1;7.0
1903;secondary;1;1.0;0;10226.0;45.0;0;1;17.0
1904;higher;0;1.0;1;9360.0;59.0;0;0;5.0
1905;higher;0;1.0;0;7722.0;42.0;0;1;11.0
1906;higher;1;0.0;0;5884.0;52.0;0;1;8.0
1907;secondary;1;1.0;1;6090.0;32.0;1;1;6.0
1908;primary;0;1.0;0;;53.0;1;1;10.0
1909;higher;1;1.0;1;9642.0;45.0;0;1;7.0
1910;primary;1;0.0;0;7143.0;51.0;0;1;6.0
1911;primary;0;1.0;1;9199.0;48.0;0;0;6.0
1912;secondary;1;1.0;0;9009.0;56.0;0;1;10.0
1913;primary;0;1.0;0;7963.0;51.0;0;1;
1914;secondary;0;0.0;1;7788.0;36.0;1;1;7.0
1915;secondary;0;0.0;0;;36.0;0;1;9.0
1916;higher;0;0.0;0;5617.0;40.0;1;1;7.0
1917;primary;1;1.0;1;6696.0;48.0;1;1;7.0
1918;secondary;1;1.0;0;9633.0;48.0;0;1;8.0
1919;higher;1;1.0;1;3966.0;51.0;0;1;7.0
1920;higher;0;1.0;0;5257.0;43.0;0;1;12.0
1921;primary;0;0.0;1;4751.0;63.0;1;1;13.0
1922;higher;0;0.0;0;6167.0;29.0;1;1;
1923;higher;0;1.0;1;;40.0;0;0;11.0
1924;secondary;0;1.0;0;7672.0;46.0;0;1;
1925;higher;1;0.0;0;6873.0;43.0;0;1;9.0
1926;higher;1;0.0;0;8583.0;57.0;0;1;11.0
1927;primary;0;1.0;0;7327.0;50.0;1;0;6.0
1928;secondary;1;0.0;1;8681.0;58.0;0;1;8.0
1929;primary;1;0.0;0;8273.0;54.0;0;0;0.0
1930;secondary;1;1.0;0;12354.0;49.0;1;1;13.0
1931;secondary;1;0.0;0;10979.0;46.0;1;1;4.0
1932;higher;0;0.0;0;6841.0;48.0;0;1;14.0
1933;primary;0;1.0;0;8437.0;47.0;0;1;5.0
1934;primary;1;0.0;0;8362.0;52.0;0;1;10.0
1935;primary;1;1.0;0;5825.0;54.0;1;1;7.0
1936;secondary;1;1.0;0;7530.0;;0;1;2.0
1937;higher;1;1.0;1;7431.0;;0;1;5.0
1938;primary;1;1.0;0;11705.0;53.0;0;1;
1939;secondary;0;1.0;0;5166.0;59.0;0;1;6.0
1940;secondary;1;1.0;1;8714.0;;0;1;12.0
1941;primary;1;0.0;1;6846.0;42.0;0;1;
1942;secondary;0;1.0;1;6383.0;58.0;0;0;0.0
1943;secondary;0;0.0;1;8803.0;64.0;0;0;
1944;higher;0;1.0;0;9552.0;46.0;0;0;9.0
1945;primary;1;1.0;0;9182.0;52.0;0;1;10.0
1946;primary;1;1.0;0;4356.0;48.0;0;1;9.0
1947;higher;0;0.0;1;6881.0;55.0;0;1;10.0
1948;higher;0;1.0;1;7480.0;57.0;0;0;33.0
1949;secondary;1;0.0;0;8431.0;52.0;0;1;6.0
1950;primary;1;1.0;0;5958.0;47.0;0;1;11.0
1951;secondary;0;0.0;0;6571.0;49.0;0;0;7.0
1952;higher;1;1.0;1;6728.0;52.0;0;1;13.0
1953;higher;1;1.0;1;5773.0;38.0;0;1;16.0
1954;primary;0;1.0;0;8491.0;49.0;0;1;10.0
1955;secondary;1;1.0;1;8685.0;55.0;0;1;12.0
1956;secondary;1;1.0;1;5289.0;52.0;1;1;12.0
1957;secondary;0;0.0;1;6427.0;48.0;1;1;15.0
1958;higher;0;0.0;1;7643.0;44.0;0;1;13.0
1959;primary;1;1.0;1;8151.0;49.0;0;1;
1960;higher;1;1.0;0;7444.0;51.0;0;1;6.0
1961;higher;1;1.0;1;12205.0;54.0;1;0;12.0
1962;higher;0;1.0;1;7421.0;48.0;1;1;9.0
1963;higher;1;0.0;1;6118.0;41.0;0;1;10.0
1964;higher;1;0.0;0;7834.0;59.0;0;1;5.0
1965;primary;1;0.0;1;8054.0;45.0;0;1;5.0
1966;primary;0;1.0;0;5757.0;48.0;0;1;22.0
1967;higher;0;1.0;1;7769.0;51.0;0;1;2.0
1968;secondary;1;0.0;0;;50.0;0;1;11.0
1969;higher;0;1.0;0;5863.0;53.0;0;1;8.0
1970;secondary;1;1.0;0;11897.0;52.0;0;0;3.0
1971;higher;1;0.0;0;6169.0;39.0;1;1;11.0
1972;primary;1;0.0;0;6063.0;43.0;0;1;5.0
1973;primary;0;1.0;0;12245.0;45.0;0;1;9.0
1974;primary;1;0.0;1;9577.0;52.0;0;0;9.0
1975;primary;1;1.0;1;6645.0;41.0;1;0;5.0
1976;primary;0;1.0;0;7722.0;56.0;0;1;8.0
1977;higher;0;1.0;0;6801.0;49.0;0;0;12.0
1978;secondary;1;0.0;0;15558.0;51.0;0;1;10.0
1979;higher;1;1.0;1;;52.0;0;1;0.0
1980;secondary;0;0.0;0;9452.0;44.0;0;1;7.0
1981;primary;0;1.0;0;9293.0;52.0;0;1;4.0
1982;primary;1;;0;7587.0;43.0;0;1;15.0
1983;higher;1;1.0;0;6379.0;50.0;0;1;21.0
1984;secondary;1;1.0;1;9910.0;51.0;0;1;1.0
1985;secondary;1;0.0;1;6266.0;44.0;0;1;10.0
1986;primary;0;1.0;0;6929.0;60.0;0;1;7.0
1987;primary;1;1.0;1;8035.0;58.0;0;1;10.0
1988;higher;1;1.0;1;12958.0;44.0;0;1;7.0
1989;higher;1;0.0;0;11227.0;42.0;0;1;15.0
1990;higher;1;1.0;1;10797.0;41.0;0;1;7.0
1991;secondary;1;0.0;0;5340.0;45.0;0;1;5.0
1992;secondary;0;1.0;0;11543.0;50.0;1;0;9.0
1993;secondary;1;0.0;1;4638.0;24.0;1;0;14.0
1994;secondary;1;1.0;0;5039.0;51.0;0;1;3.0
1995;secondary;1;0.0;0;6396.0;52.0;0;1;
1996;secondary;0;1.0;0;7980.0;52.0;0;1;8.0
1997;primary;1;1.0;0;8163.0;60.0;0;1;9.0
1998;higher;1;0.0;0;9539.0;;0;1;0.0
1999;primary;0;0.0;0;7234.0;56.0;0;1;9.0
2000;higher;1;0.0;0;6581.0;45.0;0;1;2.0
2001;secondary;1;0.0;0;3825.0;39.0;0;0;8.0
2002;secondary;1;1.0;1;10999.0;46.0;1;1;0.0
2003;higher;1;1.0;0;8000.0;42.0;0;1;12.0
2004;secondary;1;1.0;0;9120.0;59.0;0;1;11.0
2005;primary;1;0.0;0;6952.0;53.0;0;1;5.0
2006;higher;1;0.0;0;5900.0;42.0;1;1;16.0
2007;primary;0;1.0;0;10820.0;43.0;0;1;13.0
2008;secondary;1;1.0;0;10243.0;;0;1;7.0
2009;primary;1;0.0;0;5937.0;55.0;0;1;7.0
2010;primary;1;1.0;0;8951.0;56.0;0;1;31.0
2011;secondary;1;0.0;0;6780.0;43.0;0;1;5.0
2012;secondary;1;0.0;0;8097.0;46.0;0;1;7.0
2013;primary;1;1.0;0;8235.0;65.0;0;1;7.0
2014;secondary;0;1.0;0;7911.0;58.0;0;1;10.0
2015;higher;1;0.0;1;14314.0;41.0;0;1;5.0
2016;secondary;0;0.0;0;;59.0;0;1;13.0
2017;secondary;1;1.0;0;8099.0;43.0;1;1;5.0
2018;higher;1;0.0;0;10236.0;52.0;0;1;6.0
2019;higher;0;1.0;0;7182.0;62.0;0;1;
2020;higher;1;1.0;0;6817.0;50.0;0;0;3.0
2021;primary;1;0.0;0;7728.0;62.0;0;0;10.0
2022;primary;1;1.0;1;9569.0;55.0;1;1;27.0
2023;secondary;1;1.0;0;8599.0;50.0;0;1;0.0
2024;secondary;0;1.0;0;6401.0;46.0;0;0;10.0
2025;primary;1;1.0;0;10717.0;41.0;0;0;7.0
2026;primary;1;0.0;1;9321.0;56.0;0;1;
2027;secondary;1;0.0;1;8489.0;48.0;1;0;9.0
2028;primary;1;1.0;1;7452.0;61.0;0;1;8.0
2029;higher;1;0.0;1;7566.0;53.0;0;1;8.0
2030;higher;1;1.0;0;7108.0;53.0;0;1;11.0
2031;primary;1;0.0;0;7369.0;58.0;0;0;
2032;higher;1;1.0;0;10868.0;52.0;0;1;12.0
2033;secondary;1;0.0;0;10753.0;;1;1;16.0
2034;secondary;1;1.0;1;8311.0;49.0;0;1;
2035;secondary;1;;1;8342.0;61.0;0;1;4.0
2036;primary;1;0.0;0;6855.0;54.0;0;1;6.0
2037;secondary;1;0.0;0;7252.0;52.0;0;1;11.0
2038;secondary;1;0.0;0;6949.0;51.0;0;1;10.0
2039;higher;1;0.0;1;8710.0;34.0;1;1;1.0
2040;higher;1;0.0;1;9330.0;41.0;1;0;3.0
2041;primary;1;1.0;0;10109.0;47.0;0;0;10.0
2042;secondary;0;1.0;1;6362.0;51.0;1;1;13.0
2043;secondary;1;0.0;0;8634.0;60.0;1;1;9.0
2044;higher;0;1.0;1;7315.0;62.0;1;1;12.0
2045;higher;1;1.0;0;5548.0;52.0;0;1;11.0
2046;primary;0;1.0;1;11443.0;52.0;0;1;14.0
2047;secondary;0;0.0;0;;45.0;0;1;21.0
2048;higher;0;1.0;0;6187.0;48.0;1;1;6.0
2049;primary;1;0.0;0;9462.0;56.0;0;1;8.0
2050;secondary;0;0.0;1;8816.0;40.0;1;1;15.0
2051;primary;1;0.0;0;5632.0;48.0;0;1;26.0
2052;secondary;1;1.0;0;7336.0;50.0;0;0;10.0
2053;secondary;0;1.0;0;10470.0;59.0;0;1;0.0
2054;higher;1;1.0;1;6967.0;52.0;1;1;9.0
2055;secondary;0;1.0;1;8325.0;53.0;0;1;37.0
2056;higher;1;0.0;1;12471.0;40.0;0;1;5.0
2057;secondary;1;0.0;1;8011.0;56.0;0;1;11.0
2058;primary;1;1.0;1;6528.0;48.0;0;1;8.0
2059;secondary;1;0.0;1;6670.0;47.0;0;1;8.0
2060;higher;0;1.0;0;6152.0;44.0;0;1;4.0
2061;secondary;0;1.0;1;8302.0;45.0;0;1;5.0
2062;higher;1;1.0;1;7801.0;33.0;1;0;6.0
2063;secondary;1;1.0;0;10845.0;55.0;0;1;
2064;secondary;1;0.0;0;10259.0;47.0;1;1;9.0
2065;secondary;1;0.0;1;12893.0;43.0;0;1;5.0
2066;secondary;1;0.0;1;7199.0;37.0;1;1;7.0
2067;higher;1;1.0;0;10437.0;48.0;1;1;8.0
2068;higher;1;0.0;1;6245.0;41.0;1;1;11.0
2069;primary;1;;0;8285.0;52.0;0;1;6.0
2070;secondary;0;1.0;0;11485.0;43.0;0;1;10.0
2071;primary;0;0.0;0;10907.0;46.0;0;1;11.0
2072;primary;1;0.0;0;9974.0;52.0;0;1;10.0
2073;secondary;1;1.0;1;6931.0;53.0;1;1;9.0
2074;primary;1;0.0;0;8226.0;50.0;1;1;6.0
2075;higher;1;0.0;0;7021.0;53.0;0;0;10.0
2076;secondary;0;0.0;0;9299.0;66.0;0;1;6.0
2077;primary;0;1.0;1;6697.0;64.0;0;0;10.0
2078;secondary;1;0.0;1;9244.0;47.0;0;0;6.0
2079;secondary;1;1.0;0;7463.0;56.0;0;1;10.0
2080;higher;1;1.0;0;6704.0;45.0;0;1;4.0
2081;higher;0;0.0;1;11232.0;45.0;0;1;26.0
2082;secondary;1;1.0;0;10489.0;54.0;0;1;8.0
2083;secondary;1;0.0;1;7791.0;56.0;0;1;9.0
2084;primary;1;0.0;1;6088.0;58.0;1;1;9.0
2085;higher;0;0.0;0;8635.0;58.0;0;0;8.0
2086;secondary;1;0.0;0;4604.0;62.0;0;1;8.0
2087;primary;1;1.0;0;12133.0;55.0;0;1;8.0
2088;secondary;1;1.0;0;10639.0;50.0;0;0;8.0
2089;secondary;1;0.0;0;10695.0;50.0;0;1;9.0
2090;higher;1;1.0;0;11432.0;61.0;0;1;3.0
2091;secondary;1;1.0;0;8917.0;62.0;0;1;9.0
2092;higher;0;0.0;0;9546.0;38.0;0;1;
2093;primary;1;1.0;0;11454.0;49.0;0;1;7.0
2094;secondary;0;0.0;1;5934.0;63.0;0;1;10.0
2095;higher;1;1.0;1;5704.0;44.0;1;1;9.0
2096;higher;1;1.0;0;7637.0;;0;1;
2097;secondary;0;0.0;1;5893.0;55.0;0;1;18.0
2098;secondary;1;1.0;0;7565.0;59.0;0;1;12.0
2099;secondary;0;1.0;1;5065.0;66.0;1;1;11.0
2100;secondary;0;0.0;0;5683.0;53.0;0;1;10.0
2101;higher;0;1.0;1;7904.0;36.0;1;0;10.0
2102;higher;0;1.0;0;8611.0;39.0;0;1;3.0
2103;secondary;1;0.0;0;11014.0;;0;0;11.0
2104;secondary;1;1.0;1;7111.0;45.0;0;1;26.0
2105;secondary;1;1.0;0;8802.0;48.0;0;0;9.0
2106;primary;1;1.0;1;11768.0;51.0;1;1;5.0
2107;primary;0;0.0;1;9928.0;49.0;0;1;7.0
2108;primary;1;0.0;0;11104.0;44.0;0;0;3.0
2109;higher;0;0.0;1;12267.0;40.0;0;1;13.0
2110;higher;1;1.0;0;5949.0;53.0;0;1;9.0
2111;higher;1;0.0;0;10854.0;46.0;0;1;5.0
2112;higher;1;0.0;0;6252.0;59.0;0;0;
2113;secondary;0;0.0;0;6977.0;49.0;0;1;4.0
2114;secondary;0;0.0;0;7996.0;59.0;0;1;11.0
2115;primary;0;1.0;0;7399.0;48.0;0;1;7.0
2116;primary;1;;1;8452.0;50.0;0;0;1.0
2117;secondary;1;1.0;0;7365.0;57.0;0;1;13.0
2118;higher;0;1.0;0;6201.0;58.0;1;1;5.0
2119;primary;0;0.0;0;7799.0;56.0;0;1;7.0
2120;secondary;1;1.0;0;8587.0;41.0;1;1;37.0
2121;secondary;0;0.0;0;9307.0;58.0;0;0;
2122;higher;0;1.0;1;8044.0;56.0;0;0;9.0
2123;primary;1;1.0;0;6592.0;40.0;1;0;4.0
2124;secondary;1;1.0;0;6673.0;50.0;0;1;9.0
2125;primary;0;0.0;0;7883.0;53.0;0;1;4.0
2126;secondary;1;1.0;0;5787.0;67.0;0;1;2.0
2127;higher;0;0.0;1;9387.0;51.0;0;0;11.0
2128;secondary;0;1.0;0;6204.0;61.0;0;0;11.0
2129;primary;0;0.0;1;7569.0;54.0;0;1;7.0
2130;secondary;0;1.0;0;11280.0;52.0;0;1;3.0
2131;primary;1;0.0;1;6944.0;;1;0;6.0
2132;higher;1;1.0;1;8717.0;55.0;1;1;6.0
2133;primary;1;1.0;0;8085.0;55.0;0;1;6.0
2134;secondary;1;1.0;0;10801.0;52.0;0;1;5.0
2135;higher;1;1.0;0;7109.0;50.0;0;0;10.0
2136;higher;1;0.0;1;10080.0;49.0;0;1;11.0
2137;higher;0;1.0;0;6887.0;52.0;0;1;17.0
2138;primary;1;0.0;1;9724.0;41.0;0;0;9.0
2139;higher;0;1.0;0;7703.0;42.0;1;1;4.0
2140;higher;0;0.0;1;9620.0;44.0;0;1;4.0
2141;secondary;0;;0;9322.0;43.0;0;1;10.0
2142;secondary;1;1.0;0;11038.0;53.0;0;1;10.0
2143;higher;0;1.0;1;14280.0;43.0;0;0;7.0
2144;higher;1;1.0;0;6303.0;67.0;0;1;8.0
2145;higher;1;1.0;1;6611.0;47.0;0;0;10.0
2146;primary;1;1.0;0;6101.0;62.0;0;1;12.0
2147;primary;1;1.0;1;7695.0;42.0;1;1;
2148;secondary;0;1.0;0;8068.0;52.0;0;0;0.0
2149;higher;0;1.0;0;8622.0;51.0;0;1;13.0
2150;higher;1;1.0;0;10583.0;42.0;0;1;8.0
2151;higher;1;1.0;0;7534.0;54.0;0;1;9.0
2152;higher;0;1.0;0;9984.0;45.0;0;0;1.0
2153;primary;1;1.0;0;10878.0;47.0;0;1;2.0
2154;higher;1;0.0;1;12735.0;55.0;0;1;10.0
2155;higher;1;0.0;0;4756.0;55.0;1;1;12.0
2156;primary;1;0.0;0;6723.0;47.0;0;0;13.0
2157;higher;0;1.0;0;7289.0;57.0;1;0;10.0
2158;primary;1;0.0;0;6604.0;45.0;0;1;0.0
2159;secondary;0;1.0;0;;63.0;0;1;9.0
2160;primary;0;1.0;0;10245.0;52.0;0;1;0.0
2161;primary;1;0.0;0;10581.0;53.0;0;1;12.0
2162;primary;1;0.0;0;11534.0;49.0;0;0;
2163;higher;1;1.0;1;6428.0;55.0;0;1;13.0
2164;higher;1;1.0;1;7249.0;;0;1;9.0
2165;secondary;1;0.0;0;6541.0;47.0;0;0;6.0
2166;secondary;1;1.0;0;6571.0;55.0;0;0;11.0
2167;secondary;1;0.0;0;7765.0;50.0;0;1;5.0
2168;higher;1;0.0;0;4680.0;42.0;0;1;11.0
2169;secondary;0;1.0;0;10160.0;56.0;0;1;13.0
2170;higher;1;0.0;1;8353.0;49.0;1;1;4.0
2171;secondary;0;0.0;0;6688.0;55.0;0;1;11.0
2172;secondary;0;1.0;1;10301.0;46.0;0;1;5.0
2173;secondary;1;1.0;1;8455.0;;0;0;
2174;secondary;1;1.0;1;6637.0;37.0;0;1;8.0
2175;secondary;1;0.0;0;8445.0;47.0;0;1;8.0
2176;secondary;1;1.0;1;8983.0;52.0;0;1;11.0
2177;secondary;1;0.0;0;8168.0;50.0;0;1;6.0
2178;secondary;0;1.0;0;11133.0;56.0;0;1;7.0
2179;primary;1;0.0;0;12517.0;46.0;0;1;11.0
2180;primary;0;1.0;0;8566.0;61.0;0;1;10.0
2181;secondary;0;0.0;0;7136.0;56.0;0;0;9.0
2182;primary;1;0.0;1;9284.0;52.0;0;1;13.0
2183;higher;1;0.0;0;6336.0;40.0;0;1;9.0
2184;secondary;1;0.0;0;7654.0;51.0;0;1;
2185;primary;1;0.0;1;10047.0;47.0;0;1;6.0
2186;higher;1;0.0;0;11285.0;46.0;0;0;8.0
2187;higher;0;0.0;1;8826.0;46.0;1;1;7.0
2188;higher;1;0.0;0;7178.0;62.0;0;1;10.0
2189;secondary;0;1.0;0;6503.0;61.0;0;1;11.0
2190;higher;1;0.0;0;6624.0;51.0;0;1;1.0
2191;primary;1;0.0;0;9876.0;51.0;0;1;7.0
2192;primary;0;0.0;0;7657.0;47.0;0;1;
2193;secondary;0;1.0;0;6478.0;52.0;0;1;26.0
2194;higher;0;1.0;1;7632.0;42.0;1;1;11.0
2195;secondary;0;1.0;0;13251.0;55.0;0;1;7.0
2196;primary;1;0.0;1;8404.0;54.0;0;1;8.0
2197;secondary;1;0.0;0;7309.0;61.0;0;0;12.0
2198;primary;1;0.0;0;6991.0;56.0;0;1;
2199;secondary;1;1.0;0;8486.0;42.0;0;0;6.0
2200;primary;1;1.0;1;7539.0;54.0;1;1;
2201;higher;1;0.0;0;5435.0;57.0;0;1;9.0
2202;primary;0;0.0;0;6984.0;54.0;0;1;1.0
2203;primary;1;1.0;0;10712.0;47.0;0;1;8.0
2204;higher;1;1.0;1;5840.0;54.0;0;1;6.0
2205;primary;0;0.0;0;5407.0;40.0;0;1;12.0
2206;primary;1;0.0;0;8021.0;49.0;0;1;11.0
2207;secondary;1;0.0;0;6354.0;47.0;0;1;10.0
2208;secondary;1;1.0;1;6603.0;45.0;1;1;3.0
2209;higher;1;1.0;0;9388.0;60.0;0;1;8.0
2210;higher;1;1.0;0;6192.0;44.0;0;0;4.0
2211;secondary;0;1.0;0;8724.0;52.0;1;1;0.0
2212;secondary;1;1.0;0;7884.0;54.0;0;1;6.0
2213;primary;1;0.0;0;9798.0;50.0;0;1;
2214;primary;1;1.0;0;6341.0;38.0;1;1;6.0
2215;higher;0;0.0;1;8444.0;50.0;0;1;10.0
2216;higher;1;0.0;0;7986.0;55.0;0;1;12.0
2217;primary;1;1.0;0;10535.0;56.0;0;1;19.0
2218;higher;0;0.0;1;11525.0;48.0;0;1;2.0
2219;higher;1;1.0;0;11554.0;;0;1;11.0
2220;higher;0;1.0;0;12644.0;45.0;0;1;10.0
2221;primary;1;1.0;1;6325.0;49.0;0;1;8.0
2222;secondary;0;1.0;1;9230.0;38.0;1;1;9.0
2223;secondary;1;0.0;0;9071.0;49.0;0;1;21.0
2224;higher;1;1.0;1;7800.0;44.0;1;0;8.0
2225;higher;1;1.0;1;11592.0;40.0;1;1;7.0
2226;secondary;1;0.0;0;8167.0;51.0;1;0;12.0
2227;higher;0;1.0;0;6237.0;47.0;0;0;12.0
2228;higher;1;1.0;1;8920.0;51.0;0;1;5.0
2229;secondary;1;0.0;0;7410.0;59.0;0;1;10.0
2230;primary;1;0.0;0;8762.0;51.0;0;1;11.0
2231;secondary;0;0.0;0;8410.0;56.0;0;1;9.0
2232;higher;1;0.0;1;7601.0;53.0;1;1;8.0
2233;secondary;1;0.0;0;10749.0;55.0;0;1;3.0
2234;higher;0;1.0;0;6413.0;40.0;0;1;6.0
2235;secondary;1;0.0;0;11439.0;51.0;0;1;12.0
2236;secondary;1;1.0;0;11464.0;49.0;0;1;9.0
2237;secondary;0;0.0;0;9941.0;62.0;0;1;
2238;higher;1;0.0;0;8747.0;52.0;0;1;12.0
2239;secondary;0;0.0;0;7015.0;54.0;0;1;11.0
2240;higher;0;0.0;0;5571.0;52.0;0;1;8.0
2241;higher;1;1.0;0;11514.0;50.0;0;1;6.0
2242;higher;0;0.0;0;6869.0;57.0;0;1;0.0
2243;higher;1;0.0;0;6282.0;47.0;0;0;
2244;higher;1;1.0;0;7574.0;60.0;0;0;5.0
2245;higher;1;0.0;0;6537.0;61.0;0;1;7.0
2246;higher;0;0.0;0;4858.0;38.0;0;0;9.0
2247;primary;1;0.0;0;6984.0;50.0;0;1;6.0
2248;primary;0;0.0;1;6149.0;65.0;0;1;7.0
2249;primary;1;1.0;0;12700.0;39.0;0;1;9.0
2250;higher;1;1.0;1;7958.0;45.0;0;1;10.0
2251;higher;1;1.0;1;7581.0;47.0;0;1;4.0
2252;secondary;0;1.0;0;6321.0;54.0;0;1;9.0
2253;higher;0;0.0;0;12463.0;45.0;0;1;0.0
2254;higher;0;0.0;0;8814.0;42.0;0;1;8.0
2255;primary;1;1.0;1;11077.0;50.0;0;0;
2256;higher;1;1.0;1;7608.0;37.0;1;1;1.0
2257;primary;1;1.0;1;6483.0;48.0;0;1;0.0
2258;higher;1;0.0;0;7355.0;50.0;0;1;7.0
2259;secondary;1;;1;9969.0;49.0;0;1;9.0
2260;secondary;0;0.0;0;7619.0;53.0;0;1;10.0
2261;secondary;1;1.0;1;7929.0;54.0;0;1;16.0
2262;secondary;1;0.0;0;8909.0;61.0;0;1;10.0
2263;primary;1;0.0;0;4612.0;56.0;0;1;9.0
2264;primary;1;0.0;0;8180.0;51.0;1;1;
2265;secondary;1;0.0;1;12677.0;47.0;0;1;13.0
2266;higher;1;1.0;0;5173.0;50.0;0;1;10.0
2267;higher;1;1.0;1;9814.0;45.0;0;0;
2268;higher;1;0.0;0;6151.0;40.0;1;1;9.0
2269;higher;1;1.0;1;7659.0;47.0;0;1;8.0
2270;higher;1;0.0;0;10440.0;51.0;0;1;9.0
2271;secondary;1;1.0;0;10134.0;59.0;0;1;10.0
2272;higher;1;0.0;0;7382.0;58.0;0;1;4.0
2273;primary;1;1.0;0;7708.0;53.0;0;1;7.0
2274;higher;1;1.0;0;7546.0;63.0;0;0;9.0
2275;secondary;1;0.0;0;7991.0;44.0;0;0;10.0
2276;secondary;0;1.0;0;9513.0;48.0;0;1;6.0
2277;higher;1;0.0;1;5977.0;47.0;1;1;
2278;secondary;0;0.0;0;10071.0;41.0;0;1;2.0
2279;secondary;1;0.0;0;6658.0;49.0;0;1;15.0
2280;secondary;1;0.0;0;7489.0;56.0;0;1;3.0
2281;secondary;1;1.0;0;6646.0;64.0;0;1;6.0
2282;primary;1;1.0;1;6975.0;53.0;0;1;
2283;secondary;0;1.0;0;10194.0;55.0;0;0;33.0
2284;primary;1;1.0;1;12453.0;56.0;1;1;4.0
2285;higher;0;0.0;0;9817.0;58.0;0;1;
2286;higher;0;1.0;0;6521.0;43.0;1;1;13.0
2287;primary;1;0.0;0;11644.0;48.0;0;1;12.0
2288;higher;0;1.0;0;7964.0;40.0;0;1;12.0
2289;secondary;1;0.0;1;7180.0;41.0;0;1;8.0
2290;primary;1;1.0;0;9958.0;50.0;0;0;16.0
2291;secondary;1;0.0;0;8124.0;52.0;0;0;2.0
2292;higher;0;1.0;0;8045.0;35.0;1;0;10.0
2293;secondary;1;1.0;1;7507.0;38.0;1;1;6.0
2294;higher;0;1.0;0;8973.0;45.0;1;1;12.0
2295;primary;1;0.0;0;11407.0;65.0;0;1;8.0
2296;primary;1;1.0;0;10236.0;60.0;0;0;7.0
2297;primary;1;0.0;0;11128.0;52.0;0;1;8.0
2298;higher;1;0.0;0;7235.0;52.0;0;1;11.0
2299;higher;1;0.0;0;6779.0;39.0;1;1;11.0
2300;primary;0;1.0;0;10376.0;47.0;0;1;13.0
2301;primary;0;0.0;0;;59.0;0;1;0.0
2302;higher;1;1.0;1;10463.0;49.0;0;1;11.0
2303;secondary;0;0.0;1;5690.0;46.0;0;1;32.0
2304;primary;1;0.0;1;7934.0;34.0;0;1;
2305;secondary;1;0.0;0;5143.0;59.0;0;1;12.0
2306;primary;0;0.0;0;10483.0;48.0;0;1;8.0
2307;primary;1;1.0;0;7464.0;58.0;1;1;8.0
2308;secondary;1;0.0;1;7728.0;48.0;0;0;7.0
2309;higher;1;1.0;0;9963.0;51.0;0;1;12.0
2310;secondary;1;0.0;0;8850.0;48.0;1;1;8.0
2311;secondary;0;0.0;0;9436.0;56.0;0;1;7.0
2312;higher;1;1.0;0;6506.0;43.0;0;1;10.0
2313;higher;0;1.0;1;9294.0;50.0;0;1;6.0
2314;primary;0;0.0;0;5846.0;48.0;0;1;1.0
2315;secondary;1;0.0;0;10818.0;47.0;0;1;8.0
2316;secondary;0;0.0;0;7118.0;50.0;0;0;13.0
2317;higher;0;1.0;1;8326.0;41.0;1;1;3.0
2318;higher;1;1.0;1;10106.0;39.0;0;1;7.0
2319;higher;0;0.0;0;6582.0;57.0;0;0;1.0
2320;primary;1;0.0;0;6666.0;64.0;0;0;21.0
2321;higher;1;0.0;0;9509.0;55.0;0;0;6.0
2322;primary;0;0.0;0;7402.0;56.0;0;1;11.0
2323;primary;1;0.0;0;10845.0;53.0;0;1;6.0
2324;primary;1;0.0;0;7936.0;52.0;0;1;18.0
2325;secondary;1;0.0;0;11235.0;53.0;0;1;
2326;higher;0;1.0;0;10529.0;43.0;0;1;7.0
2327;secondary;0;1.0;0;5422.0;67.0;0;1;10.0
2328;secondary;1;1.0;1;10275.0;54.0;0;1;
2329;secondary;1;1.0;0;5603.0;;0;1;10.0
2330;primary;0;;0;4578.0;50.0;0;1;14.0
2331;secondary;1;0.0;1;5114.0;56.0;1;1;10.0
2332;secondary;1;1.0;1;6202.0;62.0;0;1;5.0
2333;secondary;0;1.0;0;7286.0;49.0;0;1;10.0
2334;higher;1;1.0;0;12860.0;49.0;0;1;8.0
2335;secondary;0;1.0;0;8252.0;54.0;0;1;10.0
2336;higher;1;1.0;1;6436.0;46.0;0;1;6.0
2337;secondary;1;1.0;0;7686.0;;1;1;10.0
2338;higher;1;0.0;0;;54.0;0;1;5.0
2339;secondary;0;0.0;0;6669.0;54.0;0;1;8.0
2340;secondary;1;0.0;0;6103.0;46.0;0;1;13.0
2341;secondary;0;0.0;0;6439.0;58.0;0;1;7.0
2342;secondary;0;1.0;0;13068.0;52.0;0;1;13.0
2343;primary;1;0.0;0;5742.0;41.0;1;0;0.0
2344;primary;1;1.0;0;5995.0;46.0;0;1;6.0
2345;higher;0;1.0;0;7221.0;;1;0;13.0
2346;primary;1;1.0;0;5974.0;46.0;1;0;6.0
2347;secondary;0;1.0;0;7705.0;44.0;0;1;
2348;higher;1;0.0;0;7117.0;46.0;0;1;3.0
2349;higher;0;1.0;0;4901.0;41.0;0;1;5.0
2350;secondary;1;1.0;0;6549.0;64.0;0;0;4.0
2351;higher;1;1.0;0;9551.0;64.0;0;0;1.0
2352;primary;1;1.0;1;6448.0;53.0;1;1;15.0
2353;higher;1;0.0;0;7889.0;58.0;0;1;6.0
2354;primary;1;;1;9031.0;59.0;0;1;8.0
2355;secondary;0;1.0;0;11636.0;42.0;0;1;11.0
2356;higher;1;1.0;0;10627.0;51.0;0;1;5.0
2357;secondary;1;1.0;0;8011.0;45.0;0;1;4.0
2358;secondary;0;1.0;0;8371.0;53.0;0;1;7.0
2359;secondary;1;0.0;0;12887.0;43.0;0;1;1.0
2360;secondary;1;1.0;1;6883.0;61.0;0;1;3.0
2361;secondary;0;1.0;0;7602.0;51.0;0;1;10.0
2362;higher;0;1.0;0;10235.0;51.0;0;1;3.0
2363;primary;0;0.0;0;4789.0;47.0;0;1;7.0
2364;secondary;1;0.0;0;10002.0;50.0;0;0;15.0
2365;higher;0;1.0;1;11909.0;47.0;0;0;13.0
2366;secondary;1;0.0;0;8689.0;61.0;0;0;27.0
2367;primary;0;1.0;0;7710.0;52.0;0;1;11.0
2368;secondary;1;0.0;0;11740.0;52.0;1;1;6.0
2369;primary;1;1.0;0;9262.0;41.0;1;1;11.0
2370;secondary;0;0.0;0;7871.0;49.0;0;0;1.0
2371;higher;1;0.0;1;5976.0;60.0;0;1;7.0
2372;secondary;1;1.0;0;8663.0;64.0;0;1;8.0
2373;primary;1;0.0;0;12912.0;44.0;0;1;8.0
2374;higher;1;0.0;1;6204.0;45.0;0;1;
2375;primary;1;0.0;0;6768.0;49.0;0;1;10.0
2376;higher;0;1.0;1;6117.0;52.0;0;1;9.0
2377;primary;0;1.0;0;6420.0;;0;0;14.0
2378;higher;0;0.0;0;12478.0;40.0;0;1;13.0
2379;secondary;0;0.0;0;5037.0;51.0;0;0;9.0
2380;primary;0;1.0;0;7018.0;44.0;0;1;6.0
2381;primary;1;1.0;0;5713.0;39.0;0;0;10.0
2382;primary;0;0.0;0;10356.0;44.0;1;1;10.0
2383;higher;0;1.0;0;6746.0;54.0;0;1;10.0
2384;secondary;1;1.0;1;10109.0;40.0;0;1;34.0
2385;secondary;0;0.0;0;6938.0;56.0;0;1;13.0
2386;primary;0;0.0;1;14304.0;42.0;0;1;6.0
2387;higher;0;1.0;0;6092.0;40.0;0;1;11.0
2388;primary;0;0.0;1;4608.0;40.0;1;1;11.0
2389;higher;1;1.0;0;5668.0;45.0;0;0;5.0
2390;secondary;1;0.0;0;7724.0;48.0;0;1;6.0
2391;primary;0;1.0;0;8161.0;57.0;0;0;9.0
2392;secondary;1;0.0;1;10176.0;59.0;0;1;
2393;higher;0;1.0;1;5840.0;;1;1;11.0
2394;higher;1;0.0;0;7281.0;58.0;0;1;10.0
2395;higher;1;1.0;0;7014.0;50.0;0;1;13.0
2396;secondary;1;0.0;0;6762.0;;0;0;7.0
2397;primary;1;1.0;1;10852.0;54.0;0;0;3.0
2398;higher;0;0.0;0;6468.0;52.0;0;1;8.0
2399;primary;0;1.0;0;12376.0;45.0;0;0;31.0
2400;secondary;0;1.0;1;6389.0;51.0;0;0;12.0
2401;higher;0;0.0;1;10933.0;33.0;1;1;16.0
2402;higher;1;1.0;1;6685.0;46.0;1;1;6.0
2403;secondary;0;0.0;1;4184.0;61.0;0;1;11.0
2404;higher;0;1.0;1;9670.0;50.0;0;1;2.0
2405;secondary;0;1.0;1;8951.0;49.0;0;1;6.0
2406;primary;1;1.0;0;8626.0;59.0;1;1;9.0
2407;higher;1;1.0;0;12353.0;39.0;1;0;5.0
2408;secondary;0;1.0;0;8015.0;56.0;0;1;11.0
2409;secondary;0;0.0;1;6684.0;58.0;1;1;6.0
2410;primary;1;1.0;1;11173.0;52.0;0;1;2.0
2411;higher;1;0.0;1;5353.0;40.0;1;0;7.0
2412;secondary;1;;1;10035.0;50.0;1;1;11.0
2413;primary;1;1.0;0;12860.0;49.0;1;1;10.0
2414;primary;1;1.0;1;6347.0;59.0;0;1;5.0
2415;primary;1;0.0;1;10983.0;48.0;0;0;5.0
2416;primary;1;1.0;1;8522.0;;0;1;
2417;primary;1;1.0;0;7680.0;47.0;0;1;7.0
2418;primary;1;0.0;1;10630.0;53.0;1;0;1.0
2419;secondary;1;1.0;0;8796.0;50.0;0;1;8.0
2420;primary;0;0.0;0;6738.0;48.0;0;1;12.0
2421;secondary;0;1.0;0;9543.0;46.0;0;1;4.0
2422;secondary;1;0.0;0;7654.0;51.0;0;0;3.0
2423;secondary;0;0.0;0;8221.0;60.0;0;1;
2424;primary;1;1.0;1;7358.0;48.0;0;0;9.0
2425;higher;1;1.0;1;7458.0;51.0;1;1;35.0
2426;higher;0;0.0;1;4524.0;27.0;1;1;7.0
2427;higher;0;1.0;0;10508.0;42.0;0;0;13.0
2428;secondary;0;0.0;0;6325.0;59.0;0;0;8.0
2429;secondary;1;1.0;0;5826.0;46.0;1;1;12.0
2430;primary;1;1.0;0;7179.0;55.0;0;1;11.0
2431;secondary;0;1.0;1;12787.0;53.0;1;1;1.0
2432;secondary;0;1.0;0;6578.0;56.0;1;1;11.0
2433;secondary;1;0.0;1;9361.0;49.0;1;1;2.0
2434;higher;1;1.0;0;8230.0;53.0;0;0;9.0
2435;higher;0;1.0;0;11107.0;48.0;1;0;14.0
2436;higher;0;0.0;0;7823.0;54.0;0;1;6.0
2437;secondary;1;0.0;0;10884.0;44.0;0;1;10.0
2438;primary;1;1.0;1;6574.0;54.0;0;1;8.0
2439;higher;0;0.0;0;6634.0;57.0;0;1;9.0
2440;primary;0;1.0;0;7615.0;49.0;0;1;12.0
2441;secondary;0;1.0;0;7254.0;51.0;0;1;9.0
2442;higher;0;0.0;1;6819.0;59.0;0;0;6.0
2443;secondary;1;1.0;0;5737.0;59.0;0;1;18.0
2444;primary;0;1.0;0;6839.0;56.0;0;1;9.0
2445;secondary;0;1.0;0;7584.0;60.0;0;1;11.0
2446;secondary;0;1.0;0;6058.0;38.0;0;1;9.0
2447;primary;1;1.0;1;7799.0;42.0;0;0;10.0
2448;primary;1;1.0;0;6845.0;57.0;0;1;9.0
2449;higher;1;0.0;1;6741.0;64.0;1;1;
2450;secondary;1;0.0;0;10729.0;54.0;0;1;3.0
2451;secondary;0;1.0;0;6464.0;52.0;0;0;11.0
2452;secondary;0;0.0;1;11604.0;46.0;1;0;
2453;secondary;1;0.0;0;6419.0;47.0;0;1;0.0
2454;higher;0;1.0;0;7435.0;53.0;0;1;8.0
2455;higher;1;0.0;1;7362.0;42.0;0;1;7.0
2456;higher;1;0.0;0;11086.0;46.0;0;0;9.0
2457;higher;1;1.0;1;6684.0;64.0;0;1;5.0
2458;primary;1;0.0;1;11197.0;52.0;0;0;8.0
2459;primary;1;1.0;0;8673.0;51.0;0;0;0.0
2460;higher;1;0.0;0;7269.0;50.0;0;1;9.0
2461;higher;1;1.0;1;6395.0;47.0;1;1;0.0
2462;secondary;1;1.0;0;6831.0;59.0;0;1;10.0
2463;secondary;1;1.0;0;7962.0;42.0;1;1;9.0
2464;secondary;1;0.0;0;8797.0;58.0;0;1;13.0
2465;secondary;1;1.0;0;8018.0;50.0;0;1;12.0
2466;higher;1;1.0;0;14452.0;46.0;0;1;11.0
2467;secondary;1;0.0;1;8788.0;53.0;0;0;4.0
2468;higher;1;1.0;0;7013.0;56.0;0;0;12.0
2469;secondary;1;0.0;0;9468.0;56.0;0;0;9.0
2470;primary;0;1.0;0;12135.0;50.0;0;1;11.0
2471;primary;1;1.0;0;5152.0;58.0;0;0;6.0
2472;secondary;1;0.0;0;6056.0;52.0;0;1;3.0
2473;primary;1;1.0;1;4657.0;30.0;1;1;14.0
2474;higher;0;1.0;0;10636.0;55.0;0;1;10.0
2475;higher;0;0.0;0;9164.0;60.0;0;1;0.0
2476;primary;0;1.0;0;6819.0;51.0;0;0;11.0
2477;higher;1;0.0;0;6873.0;55.0;0;1;5.0
2478;primary;1;1.0;1;6946.0;41.0;1;1;8.0
2479;primary;1;0.0;0;7212.0;50.0;0;1;10.0
2480;higher;0;1.0;1;5505.0;38.0;1;1;2.0
2481;secondary;0;1.0;1;6127.0;44.0;1;1;1.0
2482;primary;1;1.0;1;10221.0;56.0;0;1;9.0
2483;secondary;0;0.0;0;8012.0;53.0;0;1;7.0
2484;primary;1;1.0;1;7866.0;54.0;0;1;5.0
2485;secondary;1;0.0;1;6083.0;49.0;0;0;11.0
2486;secondary;1;0.0;1;9085.0;50.0;0;1;12.0
2487;higher;1;1.0;0;6112.0;47.0;0;1;2.0
2488;secondary;0;0.0;0;10101.0;48.0;0;1;12.0
2489;primary;0;1.0;0;8774.0;56.0;0;1;12.0
2490;primary;1;0.0;0;10622.0;58.0;1;1;11.0
2491;primary;0;0.0;1;7700.0;45.0;0;1;11.0
2492;higher;1;0.0;0;8523.0;56.0;0;1;
2493;secondary;1;1.0;0;8611.0;49.0;0;1;
2494;primary;0;1.0;1;9203.0;49.0;0;0;10.0
2495;primary;0;1.0;1;7434.0;54.0;1;1;0.0
2496;secondary;0;1.0;0;6530.0;36.0;0;1;6.0
2497;secondary;1;0.0;0;7350.0;56.0;0;1;13.0
2498;primary;0;1.0;0;11434.0;55.0;0;1;13.0
2499;higher;1;0.0;0;7591.0;50.0;0;0;9.0
2500;primary;1;0.0;0;10233.0;51.0;0;1;9.0
2501;higher;0;0.0;0;5895.0;50.0;0;0;14.0
2502;secondary;1;0.0;0;7852.0;56.0;0;1;2.0
2503;primary;1;1.0;1;4490.0;46.0;0;1;3.0
2504;secondary;0;1.0;0;9763.0;55.0;0;0;7.0
2505;higher;0;1.0;0;11480.0;43.0;0;1;9.0
2506;secondary;0;1.0;1;6909.0;36.0;1;1;5.0
2507;higher;1;0.0;0;6672.0;49.0;0;1;11.0
2508;primary;1;1.0;0;11292.0;49.0;0;1;8.0
2509;secondary;1;1.0;0;7678.0;69.0;0;0;
2510;secondary;0;0.0;1;10927.0;56.0;0;1;5.0
2511;higher;0;0.0;1;6117.0;51.0;0;1;6.0
2512;secondary;0;1.0;0;12478.0;37.0;0;1;14.0
2513;secondary;1;1.0;0;10098.0;49.0;0;1;10.0
2514;higher;0;0.0;0;8552.0;44.0;0;1;7.0
2515;primary;1;1.0;1;4416.0;45.0;1;0;7.0
2516;primary;1;1.0;0;6995.0;53.0;0;1;10.0
2517;secondary;0;1.0;0;8256.0;55.0;0;1;3.0
2518;primary;1;1.0;0;4968.0;53.0;1;1;7.0
2519;primary;1;1.0;1;7989.0;44.0;1;1;7.0
2520;higher;1;1.0;0;6859.0;47.0;1;1;1.0
2521;higher;1;1.0;1;6514.0;56.0;0;1;0.0
2522;higher;1;1.0;0;5269.0;48.0;0;1;13.0
2523;primary;1;1.0;1;6445.0;58.0;0;1;5.0
2524;primary;1;1.0;0;7663.0;61.0;0;1;8.0
2525;higher;0;0.0;0;7189.0;28.0;1;1;2.0
2526;primary;1;1.0;0;13819.0;58.0;0;1;8.0
2527;primary;0;0.0;1;7138.0;47.0;1;1;10.0
2528;primary;0;;0;8419.0;57.0;0;1;11.0
2529;higher;0;1.0;0;6882.0;43.0;0;1;11.0
2530;higher;1;0.0;0;6394.0;49.0;0;1;11.0
2531;higher;1;0.0;0;12399.0;43.0;0;0;
2532;secondary;0;1.0;0;7162.0;46.0;0;0;2.0
2533;higher;1;1.0;1;6501.0;52.0;0;1;13.0
2534;secondary;1;1.0;0;6828.0;58.0;0;1;5.0
2535;primary;1;0.0;1;5719.0;57.0;0;1;7.0
2536;higher;1;0.0;0;10063.0;61.0;0;1;11.0
2537;primary;1;0.0;0;6769.0;53.0;0;1;9.0
2538;secondary;1;1.0;0;9491.0;59.0;0;1;5.0
2539;higher;0;0.0;1;3651.0;43.0;1;1;14.0
2540;secondary;1;0.0;0;8352.0;53.0;0;1;9.0
2541;higher;0;1.0;1;8261.0;58.0;0;0;13.0
2542;secondary;1;1.0;1;3897.0;52.0;1;1;6.0
2543;primary;1;1.0;0;10378.0;57.0;0;1;3.0
2544;primary;1;1.0;1;;45.0;0;1;10.0
2545;secondary;0;0.0;1;8906.0;39.0;0;1;9.0
2546;secondary;0;1.0;0;5173.0;52.0;0;1;11.0
2547;higher;0;0.0;0;7905.0;60.0;0;1;10.0
2548;higher;1;0.0;0;5926.0;52.0;0;0;9.0
2549;secondary;0;0.0;0;8353.0;58.0;0;1;8.0
2550;higher;0;1.0;0;;50.0;0;1;7.0
2551;primary;0;0.0;0;9759.0;56.0;0;1;0.0
2552;secondary;1;0.0;1;6150.0;48.0;0;0;0.0
2553;primary;1;1.0;0;11257.0;48.0;0;1;
2554;higher;1;0.0;1;4993.0;58.0;0;1;15.0
2555;primary;1;1.0;0;7699.0;54.0;0;1;7.0
2556;higher;0;1.0;0;8627.0;50.0;0;1;2.0
2557;primary;0;1.0;0;4977.0;42.0;0;1;4.0
2558;secondary;0;1.0;1;6166.0;48.0;1;1;12.0
2559;primary;0;0.0;0;7168.0;55.0;0;1;5.0
2560;higher;1;0.0;0;6482.0;;0;1;5.0
2561;secondary;1;1.0;0;10315.0;55.0;0;1;15.0
2562;secondary;1;1.0;0;6543.0;57.0;0;0;29.0
2563;primary;1;1.0;0;5140.0;48.0;0;1;12.0
2564;primary;0;1.0;1;6397.0;60.0;0;1;31.0
2565;higher;1;0.0;1;5953.0;44.0;0;1;7.0
2566;higher;1;1.0;0;9592.0;45.0;0;1;8.0
2567;primary;1;1.0;0;6883.0;52.0;0;1;8.0
2568;secondary;1;1.0;0;8944.0;65.0;1;1;8.0
2569;secondary;0;1.0;1;6185.0;52.0;1;1;9.0
2570;secondary;1;1.0;1;9749.0;53.0;0;0;9.0
2571;primary;1;0.0;0;7254.0;51.0;0;1;6.0
2572;primary;1;0.0;0;8795.0;53.0;0;1;
2573;secondary;1;0.0;1;8326.0;39.0;0;0;8.0
2574;secondary;1;0.0;0;12567.0;45.0;0;1;
2575;secondary;0;0.0;0;8904.0;49.0;0;1;4.0
2576;primary;1;0.0;0;6935.0;48.0;1;1;8.0
2577;higher;0;1.0;1;7453.0;45.0;0;1;13.0
2578;secondary;0;0.0;0;7102.0;44.0;0;1;11.0
2579;higher;1;1.0;1;8256.0;50.0;0;1;9.0
2580;primary;0;0.0;0;9852.0;61.0;0;1;8.0
2581;higher;1;0.0;1;8157.0;54.0;0;1;2.0
2582;secondary;0;0.0;1;6642.0;54.0;0;0;1.0
2583;secondary;1;0.0;0;8412.0;47.0;0;1;6.0
2584;higher;0;0.0;0;7560.0;45.0;0;1;12.0
2585;higher;1;1.0;1;7920.0;45.0;0;1;8.0
2586;secondary;1;0.0;0;9166.0;57.0;0;0;35.0
2587;secondary;1;0.0;1;7472.0;47.0;0;1;11.0
2588;higher;0;1.0;0;6512.0;;0;1;
2589;primary;1;1.0;0;7430.0;42.0;0;1;8.0
2590;secondary;1;0.0;0;6741.0;55.0;0;0;34.0
2591;secondary;1;0.0;0;7736.0;53.0;0;1;8.0
2592;higher;1;0.0;0;6180.0;54.0;0;0;12.0
2593;higher;1;1.0;0;6124.0;59.0;0;1;
2594;secondary;0;1.0;0;7222.0;46.0;0;0;11.0
2595;higher;0;1.0;0;7138.0;51.0;0;1;7.0
2596;secondary;0;1.0;0;7189.0;49.0;0;1;12.0
2597;secondary;0;1.0;0;7786.0;48.0;0;1;14.0
2598;primary;0;0.0;0;8366.0;58.0;1;1;13.0
2599;secondary;1;0.0;0;7126.0;47.0;0;1;12.0
2600;higher;0;0.0;0;5463.0;53.0;0;0;12.0
2601;secondary;1;1.0;0;10606.0;55.0;0;1;4.0
2602;primary;1;1.0;0;7693.0;61.0;0;1;9.0
2603;secondary;0;0.0;0;6754.0;38.0;1;1;9.0
2604;primary;1;1.0;0;12135.0;42.0;0;1;5.0
2605;secondary;0;0.0;1;7046.0;54.0;0;0;9.0
2606;secondary;1;1.0;0;9883.0;58.0;0;1;9.0
2607;primary;1;0.0;0;10336.0;48.0;0;1;13.0
2608;primary;0;0.0;1;12614.0;50.0;1;1;7.0
2609;higher;1;1.0;0;5496.0;52.0;0;0;10.0
2610;secondary;1;1.0;0;6577.0;48.0;0;1;10.0
2611;primary;0;0.0;1;13408.0;54.0;0;1;11.0
2612;secondary;1;0.0;0;10958.0;52.0;0;0;4.0
2613;secondary;1;0.0;0;10565.0;52.0;0;1;13.0
2614;higher;0;0.0;0;12450.0;51.0;0;1;5.0
2615;primary;0;0.0;0;5645.0;52.0;0;1;7.0
2616;higher;0;0.0;1;12566.0;55.0;0;0;11.0
2617;secondary;1;0.0;0;6414.0;47.0;0;1;5.0
2618;secondary;0;1.0;1;7081.0;48.0;0;0;4.0
2619;secondary;1;0.0;0;7272.0;49.0;0;0;10.0
2620;primary;0;0.0;0;5882.0;49.0;0;1;9.0
2621;primary;1;1.0;0;7973.0;50.0;0;1;11.0
2622;primary;1;1.0;1;;44.0;1;1;10.0
2623;higher;0;1.0;0;5019.0;30.0;1;1;12.0
2624;higher;0;0.0;0;6383.0;49.0;0;1;3.0
2625;primary;1;1.0;1;7091.0;51.0;0;0;7.0
2626;primary;1;1.0;1;9126.0;51.0;1;1;8.0
2627;higher;1;0.0;1;8445.0;51.0;0;0;24.0
2628;primary;0;0.0;1;6199.0;52.0;0;1;2.0
2629;primary;0;0.0;0;6792.0;50.0;0;1;10.0
2630;primary;1;1.0;1;5319.0;50.0;0;1;5.0
2631;higher;0;1.0;1;7034.0;46.0;0;0;6.0
2632;primary;0;0.0;1;5167.0;52.0;0;1;9.0
2633;primary;0;0.0;1;7012.0;57.0;0;1;5.0
2634;primary;1;1.0;1;8291.0;50.0;1;1;10.0
2635;higher;1;0.0;1;10072.0;56.0;0;0;14.0
2636;primary;0;1.0;1;8043.0;44.0;0;1;6.0
2637;secondary;1;0.0;1;5519.0;50.0;0;1;5.0
2638;higher;0;1.0;1;8583.0;42.0;0;1;13.0
2639;higher;1;1.0;0;9046.0;51.0;0;1;7.0
2640;secondary;1;0.0;0;7634.0;40.0;0;1;4.0
2641;higher;1;1.0;0;11621.0;47.0;0;1;9.0
2642;primary;0;0.0;1;8503.0;60.0;0;1;22.0
2643;primary;1;0.0;1;6872.0;46.0;0;1;
2644;higher;1;1.0;1;6153.0;42.0;1;1;11.0
2645;higher;0;1.0;1;12984.0;36.0;1;1;
2646;higher;1;1.0;0;11889.0;48.0;0;1;4.0
2647;secondary;1;0.0;0;6422.0;51.0;0;1;12.0
2648;secondary;1;0.0;0;10595.0;48.0;0;1;4.0
2649;secondary;1;0.0;1;7255.0;61.0;0;1;13.0
2650;secondary;1;0.0;0;10268.0;50.0;0;0;9.0
2651;secondary;0;0.0;0;9858.0;49.0;0;1;
2652;higher;1;1.0;0;5941.0;51.0;0;0;
2653;secondary;0;1.0;0;9569.0;58.0;0;1;
2654;primary;1;1.0;1;9582.0;42.0;1;1;9.0
2655;higher;1;0.0;0;7075.0;41.0;1;1;10.0
2656;primary;1;1.0;0;12429.0;45.0;1;0;19.0
2657;higher;1;0.0;0;9602.0;50.0;0;1;6.0
2658;primary;0;0.0;1;6861.0;49.0;0;1;10.0
2659;higher;1;1.0;1;8494.0;43.0;0;0;5.0
2660;primary;1;0.0;1;10873.0;47.0;0;1;9.0
2661;secondary;0;1.0;0;8674.0;56.0;0;1;4.0
2662;primary;0;1.0;0;7457.0;70.0;1;0;2.0
2663;primary;1;1.0;1;8804.0;48.0;0;1;0.0
2664;primary;1;0.0;1;11111.0;55.0;0;0;30.0
2665;higher;0;1.0;1;6168.0;54.0;0;1;10.0
2666;primary;1;0.0;1;5905.0;47.0;0;1;14.0
2667;secondary;1;1.0;1;4824.0;46.0;1;1;11.0
2668;higher;1;0.0;0;9984.0;53.0;0;1;2.0
2669;higher;0;1.0;0;12062.0;50.0;0;0;3.0
2670;primary;0;1.0;0;6573.0;51.0;0;1;2.0
2671;higher;1;1.0;0;6518.0;47.0;0;0;6.0
2672;primary;0;1.0;1;11121.0;55.0;0;1;14.0
2673;higher;1;1.0;1;8607.0;52.0;0;1;13.0
2674;primary;0;0.0;0;10381.0;49.0;0;1;3.0
2675;higher;0;1.0;1;8674.0;52.0;0;1;8.0
2676;primary;1;1.0;0;7675.0;48.0;1;0;9.0
2677;higher;1;0.0;0;8261.0;;0;0;7.0
2678;secondary;1;0.0;0;9986.0;37.0;0;1;13.0
2679;secondary;1;1.0;1;6109.0;65.0;0;1;4.0
2680;secondary;1;0.0;1;6970.0;57.0;0;0;9.0
2681;secondary;0;1.0;0;;42.0;0;1;11.0
2682;primary;0;0.0;0;6394.0;45.0;0;1;0.0
2683;secondary;0;1.0;0;11466.0;53.0;0;1;10.0
2684;higher;1;0.0;0;7337.0;45.0;0;0;
2685;primary;1;0.0;0;5257.0;50.0;0;1;11.0
2686;higher;0;1.0;0;6494.0;39.0;1;1;5.0
2687;secondary;1;0.0;0;5193.0;53.0;0;1;11.0
2688;secondary;1;1.0;0;10032.0;53.0;1;1;9.0
2689;secondary;1;0.0;0;4817.0;50.0;0;1;12.0
2690;secondary;1;1.0;0;5247.0;34.0;1;1;10.0
2691;primary;0;1.0;0;7191.0;;0;1;11.0
2692;higher;0;0.0;1;12451.0;46.0;0;1;9.0
2693;secondary;0;0.0;0;7622.0;49.0;0;1;10.0
2694;primary;0;1.0;0;12221.0;47.0;0;1;9.0
2695;primary;1;0.0;1;6937.0;50.0;1;1;38.0
2696;primary;1;0.0;1;5275.0;60.0;0;1;10.0
2697;higher;0;1.0;0;9339.0;59.0;0;1;10.0
2698;primary;1;1.0;0;9152.0;46.0;0;0;10.0
2699;secondary;1;0.0;0;10915.0;54.0;0;1;8.0
2700;primary;1;1.0;0;7206.0;48.0;0;1;8.0
2701;secondary;1;1.0;0;6152.0;49.0;0;1;4.0
2702;primary;1;1.0;1;6010.0;55.0;0;1;11.0
2703;primary;1;1.0;0;6698.0;60.0;0;0;8.0
2704;secondary;1;1.0;0;10875.0;56.0;1;0;10.0
2705;higher;0;0.0;0;7249.0;46.0;0;0;9.0
2706;primary;1;0.0;1;8150.0;54.0;0;1;7.0
2707;secondary;1;1.0;0;7478.0;52.0;0;0;10.0
2708;secondary;0;0.0;0;8111.0;62.0;0;1;8.0
2709;primary;0;0.0;1;8379.0;48.0;1;1;4.0
2710;secondary;1;1.0;1;9058.0;54.0;0;1;23.0
2711;higher;1;1.0;1;7660.0;66.0;0;1;
2712;secondary;0;1.0;0;7388.0;57.0;0;0;12.0
2713;secondary;1;0.0;0;6767.0;50.0;0;1;10.0
2714;primary;0;1.0;1;8885.0;42.0;0;1;23.0
2715;primary;1;0.0;1;9722.0;54.0;0;1;12.0
2716;primary;1;1.0;0;5679.0;62.0;0;0;6.0
2717;primary;1;0.0;0;10243.0;49.0;0;1;9.0
2718;secondary;0;0.0;0;5394.0;50.0;0;0;7.0
2719;higher;0;0.0;1;7128.0;57.0;0;1;7.0
2720;secondary;1;1.0;0;8790.0;59.0;0;1;13.0
2721;primary;0;1.0;0;5773.0;48.0;0;1;2.0
2722;higher;1;0.0;0;7303.0;37.0;0;1;9.0
2723;higher;0;1.0;0;11697.0;44.0;0;0;7.0
2724;primary;1;1.0;1;9532.0;54.0;0;1;5.0
2725;secondary;0;1.0;0;13102.0;44.0;0;0;0.0
2726;higher;0;0.0;1;7574.0;59.0;0;1;11.0
2727;higher;1;1.0;1;12921.0;47.0;0;1;10.0
2728;secondary;1;1.0;0;8765.0;56.0;0;0;11.0
2729;primary;1;0.0;0;8406.0;61.0;0;1;7.0
2730;primary;1;1.0;0;7300.0;58.0;0;1;15.0
2731;secondary;0;0.0;0;7605.0;54.0;0;0;4.0
2732;higher;1;0.0;1;7312.0;55.0;0;0;5.0
2733;primary;1;0.0;0;7908.0;56.0;0;0;8.0
2734;secondary;1;1.0;0;7387.0;62.0;0;1;12.0
2735;secondary;1;0.0;0;6863.0;52.0;0;1;4.0
2736;primary;0;1.0;0;8146.0;52.0;0;0;10.0
2737;secondary;1;1.0;1;7811.0;50.0;0;0;
2738;secondary;0;1.0;0;9996.0;49.0;0;1;4.0
2739;secondary;1;1.0;0;10075.0;55.0;0;1;
2740;secondary;1;0.0;0;11131.0;42.0;0;1;11.0
2741;secondary;1;1.0;1;7571.0;42.0;1;1;10.0
2742;secondary;0;0.0;0;9414.0;51.0;0;1;9.0
2743;higher;1;1.0;0;10086.0;62.0;0;1;9.0
2744;secondary;1;1.0;0;6878.0;52.0;1;1;
2745;higher;1;1.0;0;10383.0;54.0;0;1;7.0
2746;primary;1;1.0;1;7811.0;55.0;0;0;
2747;secondary;0;0.0;1;7740.0;53.0;0;1;
2748;higher;1;1.0;1;5552.0;41.0;0;1;11.0
2749;higher;0;0.0;1;6674.0;41.0;0;0;5.0
2750;secondary;0;0.0;0;11014.0;51.0;0;1;10.0
2751;primary;1;0.0;1;7406.0;48.0;0;1;10.0
2752;secondary;1;0.0;0;6471.0;54.0;0;1;13.0
2753;secondary;1;0.0;0;7139.0;52.0;0;0;5.0
2754;primary;1;1.0;1;9204.0;54.0;0;0;11.0
2755;secondary;1;1.0;0;12079.0;56.0;0;1;12.0
2756;primary;1;1.0;0;;58.0;0;1;7.0
2757;secondary;1;0.0;0;8173.0;53.0;0;1;
2758;higher;0;0.0;0;7330.0;62.0;0;1;13.0
2759;primary;0;0.0;0;12964.0;54.0;0;1;11.0
2760;secondary;0;1.0;1;7916.0;42.0;0;1;12.0
2761;higher;1;1.0;1;3964.0;67.0;1;1;12.0
2762;higher;0;1.0;1;4019.0;46.0;1;1;6.0
2763;secondary;1;0.0;1;6773.0;59.0;1;1;28.0
2764;primary;1;1.0;1;8211.0;50.0;0;1;13.0
2765;higher;1;1.0;0;10999.0;50.0;0;0;
2766;secondary;1;1.0;0;9482.0;49.0;0;1;0.0
2767;higher;1;1.0;1;7176.0;52.0;0;1;7.0
2768;primary;1;0.0;0;8172.0;46.0;0;0;8.0
2769;higher;1;1.0;0;6520.0;50.0;0;1;12.0
2770;higher;1;0.0;1;12255.0;52.0;0;1;11.0
2771;higher;1;0.0;1;5849.0;58.0;1;1;6.0
2772;higher;1;0.0;1;8400.0;55.0;1;1;39.0
2773;secondary;1;0.0;1;6413.0;54.0;0;1;9.0
2774;primary;1;1.0;1;8610.0;50.0;1;1;16.0
2775;secondary;1;0.0;0;9836.0;50.0;0;1;5.0
2776;higher;1;0.0;0;7191.0;49.0;0;1;6.0
2777;higher;1;0.0;0;11205.0;53.0;0;1;11.0
2778;secondary;1;0.0;1;6420.0;51.0;0;1;8.0
2779;higher;1;1.0;0;7741.0;43.0;1;1;7.0
2780;primary;1;0.0;0;7456.0;58.0;1;0;10.0
2781;higher;1;1.0;1;7932.0;51.0;1;1;11.0
2782;higher;1;0.0;0;12364.0;43.0;0;1;10.0
2783;higher;0;1.0;1;7431.0;59.0;0;0;5.0
2784;secondary;0;1.0;1;6240.0;52.0;0;0;34.0
2785;secondary;1;1.0;0;6808.0;43.0;0;0;8.0
2786;higher;0;0.0;1;8852.0;57.0;0;0;7.0
2787;higher;0;0.0;0;13106.0;36.0;0;1;4.0
2788;secondary;1;1.0;0;7375.0;54.0;0;0;9.0
2789;primary;1;1.0;0;5506.0;51.0;0;0;7.0
2790;secondary;0;1.0;0;12350.0;50.0;0;0;10.0
2791;secondary;1;0.0;0;7867.0;49.0;0;1;30.0
2792;higher;0;0.0;0;5085.0;60.0;0;1;9.0
2793;higher;0;1.0;0;8784.0;59.0;0;1;9.0
2794;higher;1;0.0;0;7389.0;53.0;0;1;8.0
2795;secondary;1;0.0;0;9122.0;59.0;0;1;5.0
2796;primary;1;0.0;0;5127.0;50.0;0;1;7.0
2797;secondary;0;1.0;0;6686.0;51.0;0;1;4.0
2798;secondary;1;1.0;1;8473.0;41.0;1;1;
2799;secondary;0;1.0;1;6794.0;45.0;1;0;6.0
2800;primary;1;0.0;0;7369.0;53.0;0;1;12.0
2801;primary;1;0.0;0;8438.0;56.0;0;1;0.0
2802;higher;1;1.0;0;6906.0;58.0;0;1;12.0
2803;higher;0;;1;8330.0;53.0;1;1;6.0
2804;primary;1;1.0;0;6588.0;55.0;0;1;11.0
2805;primary;1;1.0;1;8360.0;56.0;1;0;9.0
2806;higher;1;1.0;1;7086.0;54.0;0;0;11.0
2807;secondary;0;0.0;0;6154.0;46.0;0;1;13.0
2808;secondary;0;0.0;1;10086.0;53.0;1;1;11.0
2809;secondary;0;0.0;0;10689.0;45.0;0;1;5.0
2810;higher;1;0.0;0;8394.0;57.0;0;0;14.0
2811;higher;1;1.0;1;7212.0;59.0;0;1;9.0
2812;secondary;1;0.0;1;7366.0;54.0;0;1;7.0
2813;secondary;1;1.0;1;5572.0;54.0;1;1;
2814;higher;1;0.0;1;7352.0;43.0;0;1;13.0
2815;primary;1;1.0;0;12151.0;51.0;0;1;7.0
2816;higher;0;1.0;0;5669.0;59.0;0;1;7.0
2817;primary;1;0.0;0;12664.0;55.0;0;1;3.0
2818;secondary;0;1.0;0;10024.0;44.0;0;1;22.0
2819;primary;0;1.0;0;7603.0;49.0;0;1;6.0
2820;secondary;0;1.0;1;8902.0;54.0;0;1;12.0
2821;higher;1;0.0;1;7165.0;38.0;0;1;6.0
2822;secondary;0;0.0;0;;53.0;0;1;2.0
2823;higher;1;0.0;1;9358.0;45.0;0;1;6.0
2824;higher;1;1.0;0;6874.0;57.0;0;1;7.0
2825;primary;0;0.0;1;4693.0;61.0;0;1;11.0
2826;higher;1;1.0;0;10536.0;50.0;1;1;8.0
2827;primary;1;0.0;1;6604.0;45.0;1;1;9.0
2828;primary;1;1.0;1;8331.0;51.0;1;1;11.0
2829;primary;1;0.0;0;6838.0;55.0;0;1;8.0
2830;higher;1;1.0;1;10491.0;57.0;0;1;7.0
2831;secondary;1;1.0;0;;50.0;0;0;5.0
2832;secondary;1;0.0;0;6028.0;49.0;0;1;2.0
2833;secondary;1;0.0;0;7422.0;51.0;0;1;10.0
2834;secondary;1;0.0;0;;62.0;0;0;4.0
2835;secondary;0;1.0;0;8709.0;49.0;1;0;7.0
2836;higher;1;1.0;1;12864.0;43.0;0;0;0.0
2837;higher;1;1.0;0;11247.0;45.0;0;1;11.0
2838;secondary;1;0.0;0;9727.0;51.0;0;0;19.0
2839;secondary;1;1.0;1;8142.0;54.0;0;1;7.0
2840;secondary;0;0.0;0;7057.0;35.0;0;0;4.0
2841;higher;1;1.0;1;5385.0;39.0;1;1;7.0
2842;higher;1;0.0;0;9943.0;52.0;0;1;11.0
2843;secondary;0;1.0;1;10309.0;55.0;1;1;13.0
2844;secondary;0;0.0;0;5146.0;54.0;0;1;11.0
2845;higher;0;1.0;0;;43.0;0;0;1.0
2846;secondary;1;0.0;0;11566.0;57.0;0;1;5.0
2847;higher;1;1.0;1;6713.0;45.0;1;1;16.0
2848;primary;1;0.0;0;7566.0;57.0;1;1;9.0
2849;higher;1;1.0;1;7314.0;47.0;0;1;10.0
2850;higher;1;1.0;0;7113.0;44.0;0;0;3.0
2851;higher;1;1.0;0;6748.0;52.0;0;1;9.0
2852;secondary;0;0.0;1;10642.0;46.0;0;0;8.0
2853;higher;1;1.0;1;7151.0;55.0;0;1;6.0
2854;higher;1;0.0;1;6575.0;58.0;0;1;11.0
2855;higher;1;0.0;1;11612.0;55.0;0;1;6.0
2856;primary;1;0.0;0;11474.0;43.0;0;1;13.0
2857;primary;1;0.0;0;9132.0;55.0;0;1;11.0
2858;secondary;0;0.0;1;6475.0;55.0;0;1;0.0
2859;higher;0;1.0;0;9247.0;49.0;0;1;3.0
2860;primary;1;0.0;0;10516.0;51.0;0;1;
2861;primary;0;0.0;1;9066.0;54.0;0;1;9.0
2862;primary;1;0.0;0;5269.0;53.0;0;0;11.0
2863;secondary;1;1.0;1;9396.0;56.0;1;1;
2864;primary;1;1.0;1;6851.0;57.0;1;0;4.0
2865;primary;0;1.0;1;12291.0;56.0;0;1;6.0
2866;higher;0;0.0;1;11409.0;37.0;0;0;2.0
2867;secondary;1;1.0;0;6573.0;58.0;0;1;
2868;primary;1;1.0;1;10050.0;49.0;0;1;13.0
2869;secondary;1;1.0;0;8754.0;55.0;0;1;11.0
2870;secondary;1;0.0;1;6198.0;52.0;0;0;4.0
2871;higher;1;1.0;0;9231.0;54.0;0;1;12.0
2872;secondary;0;0.0;1;6958.0;56.0;0;1;12.0
2873;primary;1;0.0;1;7645.0;61.0;0;1;4.0
2874;primary;1;1.0;0;9739.0;49.0;0;1;3.0
2875;secondary;1;0.0;1;8001.0;54.0;0;1;11.0
2876;secondary;1;1.0;0;6355.0;50.0;0;1;9.0
2877;primary;1;1.0;0;8028.0;43.0;0;1;14.0
2878;primary;0;0.0;1;9062.0;59.0;0;1;6.0
2879;primary;1;0.0;0;6848.0;55.0;0;0;12.0
2880;secondary;1;1.0;0;7943.0;61.0;0;1;1.0
2881;higher;0;0.0;0;6971.0;39.0;0;1;7.0
2882;higher;1;0.0;1;7629.0;;0;1;8.0
2883;secondary;0;0.0;0;7127.0;44.0;0;1;7.0
2884;primary;1;0.0;0;7203.0;46.0;0;1;5.0
2885;higher;0;0.0;0;5941.0;49.0;0;0;15.0
2886;secondary;1;0.0;0;7183.0;41.0;0;1;
2887;higher;1;0.0;1;8910.0;52.0;1;1;12.0
2888;higher;1;1.0;0;6556.0;64.0;1;1;11.0
2889;higher;0;1.0;1;8286.0;61.0;0;1;10.0
2890;primary;1;0.0;1;7747.0;61.0;0;1;12.0
2891;secondary;1;1.0;0;6914.0;52.0;0;1;14.0
2892;higher;0;0.0;1;11663.0;44.0;0;0;12.0
2893;primary;1;1.0;0;10668.0;50.0;0;1;10.0
2894;secondary;1;0.0;0;7003.0;46.0;0;1;7.0
2895;secondary;0;1.0;0;6051.0;49.0;0;1;10.0
2896;secondary;0;1.0;0;9539.0;55.0;0;1;7.0
2897;secondary;0;1.0;1;7586.0;41.0;1;0;6.0
2898;primary;1;1.0;0;5808.0;54.0;0;1;11.0
2899;secondary;0;0.0;1;7101.0;61.0;0;1;4.0
2900;secondary;0;0.0;0;8338.0;61.0;0;1;11.0
2901;higher;1;1.0;1;10275.0;53.0;1;1;10.0
2902;secondary;1;1.0;1;9583.0;54.0;1;1;7.0
2903;higher;1;1.0;0;7533.0;60.0;0;1;5.0
2904;primary;1;0.0;0;5680.0;44.0;0;0;14.0
2905;secondary;1;0.0;1;9159.0;54.0;0;0;11.0
2906;primary;1;0.0;0;9650.0;53.0;0;1;10.0
2907;higher;1;1.0;0;8978.0;;0;1;34.0
2908;higher;1;0.0;0;7911.0;51.0;0;0;5.0
2909;secondary;0;0.0;1;7137.0;40.0;1;1;10.0
2910;primary;0;1.0;0;9168.0;58.0;0;1;18.0
2911;primary;1;1.0;0;6752.0;51.0;0;0;5.0
2912;secondary;1;0.0;0;7823.0;54.0;0;1;0.0
2913;secondary;1;1.0;0;10902.0;53.0;0;1;10.0
2914;primary;0;0.0;1;11335.0;55.0;0;1;13.0
2915;higher;1;0.0;1;5548.0;28.0;1;1;9.0
2916;secondary;0;1.0;0;8481.0;62.0;0;1;15.0
2917;higher;0;0.0;1;7025.0;56.0;0;1;12.0
2918;primary;1;;1;10328.0;48.0;0;1;10.0
2919;secondary;1;0.0;1;6758.0;46.0;0;1;6.0
2920;higher;1;1.0;0;8357.0;53.0;0;1;10.0
2921;secondary;1;0.0;0;8114.0;51.0;0;0;0.0
2922;primary;0;0.0;1;7102.0;53.0;0;1;7.0
2923;primary;0;1.0;1;7997.0;40.0;1;1;8.0
2924;higher;0;0.0;1;9180.0;42.0;1;1;11.0
2925;primary;1;1.0;0;6782.0;56.0;0;1;0.0
2926;higher;1;0.0;0;8216.0;46.0;1;1;6.0
2927;primary;1;0.0;0;12462.0;58.0;0;1;5.0
2928;secondary;0;1.0;0;12846.0;51.0;0;0;5.0
2929;primary;1;0.0;0;8369.0;64.0;0;1;4.0
2930;primary;1;1.0;1;10202.0;36.0;1;1;7.0
2931;secondary;0;0.0;1;9678.0;58.0;0;1;3.0
2932;higher;1;0.0;1;8360.0;60.0;0;1;8.0
2933;secondary;1;0.0;1;6797.0;50.0;0;1;11.0
2934;higher;1;1.0;0;9094.0;49.0;0;1;10.0
2935;higher;1;1.0;1;7784.0;52.0;0;1;8.0
2936;secondary;1;1.0;1;11181.0;50.0;1;1;12.0
2937;primary;1;0.0;0;6996.0;65.0;0;1;12.0
2938;secondary;0;0.0;1;6047.0;59.0;0;1;
2939;secondary;1;1.0;1;8991.0;54.0;0;1;11.0
2940;higher;0;1.0;0;5725.0;46.0;1;1;11.0
2941;higher;1;0.0;0;6749.0;49.0;0;0;9.0
2942;primary;0;1.0;0;6553.0;47.0;0;1;11.0
2943;higher;1;0.0;1;7524.0;44.0;0;0;9.0
2944;secondary;1;1.0;0;5996.0;36.0;1;1;0.0
2945;primary;1;1.0;0;9665.0;50.0;0;1;10.0
2946;secondary;1;0.0;1;7857.0;40.0;1;0;8.0
2947;primary;0;0.0;0;7036.0;51.0;0;1;12.0
2948;secondary;0;1.0;0;10498.0;49.0;0;1;7.0
2949;primary;1;0.0;0;7850.0;58.0;0;1;5.0
2950;primary;0;0.0;0;12088.0;58.0;0;1;5.0
2951;higher;0;1.0;0;7153.0;45.0;0;1;13.0
2952;secondary;0;0.0;1;7802.0;47.0;1;1;12.0
2953;higher;1;1.0;1;6762.0;33.0;0;1;8.0
2954;higher;0;1.0;0;6556.0;;0;1;6.0
2955;higher;1;1.0;0;6973.0;49.0;0;1;7.0
2956;primary;1;1.0;0;6770.0;46.0;0;0;19.0
2957;secondary;1;1.0;0;9941.0;51.0;0;0;11.0
2958;secondary;1;0.0;0;8817.0;46.0;0;1;1.0
2959;secondary;0;0.0;0;9525.0;40.0;0;0;13.0
2960;primary;1;1.0;0;10283.0;48.0;0;0;2.0
2961;higher;0;1.0;1;9501.0;50.0;0;1;7.0
2962;secondary;1;0.0;1;10270.0;56.0;0;1;11.0
2963;higher;1;0.0;0;11326.0;49.0;0;1;5.0
2964;higher;1;0.0;0;13349.0;51.0;0;1;11.0
2965;higher;1;1.0;0;8053.0;50.0;0;0;9.0
2966;higher;1;1.0;1;13062.0;57.0;0;1;12.0
2967;higher;1;0.0;0;6819.0;51.0;0;1;10.0
2968;higher;0;0.0;0;7138.0;51.0;1;1;5.0
2969;secondary;0;1.0;1;9576.0;56.0;0;1;7.0
2970;secondary;1;1.0;1;8789.0;57.0;0;1;12.0
2971;secondary;0;0.0;1;8894.0;62.0;0;0;6.0
2972;secondary;0;0.0;1;6597.0;51.0;0;1;4.0
2973;secondary;1;1.0;1;7648.0;55.0;0;1;7.0
2974;higher;0;1.0;1;12791.0;45.0;0;1;12.0
2975;higher;1;1.0;1;7689.0;60.0;0;1;8.0
2976;secondary;0;1.0;1;9223.0;52.0;0;0;10.0
2977;secondary;0;1.0;1;6020.0;51.0;0;1;10.0
2978;secondary;1;0.0;0;6794.0;50.0;0;1;
2979;secondary;1;0.0;0;9736.0;50.0;0;1;0.0
2980;secondary;1;1.0;0;7192.0;53.0;0;1;3.0
2981;primary;1;1.0;0;10574.0;55.0;0;1;8.0
2982;secondary;0;0.0;0;8855.0;48.0;0;1;4.0
2983;higher;0;1.0;1;7468.0;45.0;0;1;
2984;secondary;0;1.0;0;4942.0;59.0;1;1;31.0
2985;secondary;1;0.0;1;7290.0;48.0;0;1;
2986;secondary;1;1.0;0;7290.0;55.0;0;0;2.0
2987;primary;0;0.0;0;10982.0;46.0;0;1;11.0
2988;secondary;1;1.0;1;;57.0;0;1;11.0
2989;higher;1;1.0;0;9249.0;51.0;1;1;7.0
2990;secondary;0;1.0;0;6285.0;64.0;0;1;9.0
2991;secondary;1;0.0;1;;44.0;1;1;
2992;higher;0;0.0;0;6757.0;55.0;0;0;
2993;primary;1;1.0;1;7066.0;38.0;1;1;10.0
2994;higher;0;1.0;1;9836.0;52.0;0;1;3.0
2995;secondary;1;0.0;0;7038.0;;1;0;5.0
2996;primary;1;1.0;0;8438.0;52.0;0;1;6.0
2997;primary;1;1.0;0;8042.0;45.0;0;1;5.0
2998;higher;0;0.0;0;8896.0;53.0;0;1;7.0
2999;secondary;0;0.0;0;9436.0;54.0;1;1;8.0
3000;primary;1;1.0;1;11613.0;;0;1;11.0
3001;primary;1;0.0;0;6055.0;53.0;1;1;6.0
3002;primary;0;0.0;1;7960.0;53.0;0;1;9.0
3003;higher;1;1.0;1;7529.0;45.0;0;1;3.0
3004;secondary;1;1.0;0;8824.0;56.0;0;0;6.0
3005;primary;1;0.0;0;8297.0;47.0;1;1;12.0
3006;secondary;1;1.0;0;9583.0;58.0;1;0;2.0
3007;secondary;1;1.0;0;7026.0;53.0;0;1;0.0
3008;primary;1;0.0;0;9979.0;55.0;0;1;
3009;secondary;1;0.0;0;8095.0;53.0;0;1;12.0
3010;secondary;1;1.0;0;11702.0;49.0;0;1;9.0
3011;secondary;1;1.0;0;8875.0;49.0;0;1;2.0
3012;higher;0;1.0;1;9993.0;54.0;0;1;11.0
3013;secondary;1;1.0;0;7515.0;46.0;0;1;12.0
3014;higher;1;0.0;0;9139.0;;0;0;9.0
3015;secondary;1;1.0;1;4545.0;63.0;1;1;7.0
3016;primary;1;0.0;0;6604.0;53.0;0;1;7.0
3017;higher;1;0.0;1;6747.0;43.0;1;1;4.0
3018;primary;1;1.0;0;10057.0;52.0;0;1;9.0
3019;secondary;1;0.0;0;7019.0;37.0;0;1;0.0
3020;secondary;0;1.0;1;8406.0;50.0;0;1;6.0
3021;secondary;1;0.0;0;6565.0;54.0;0;1;1.0
3022;secondary;0;1.0;1;10980.0;50.0;0;1;5.0
3023;secondary;0;1.0;0;9457.0;50.0;0;1;2.0
3024;primary;1;0.0;0;7823.0;57.0;0;1;7.0
3025;primary;1;1.0;1;5905.0;49.0;0;1;5.0
3026;secondary;1;0.0;0;5909.0;39.0;1;1;6.0
3027;secondary;1;1.0;0;7127.0;55.0;0;0;9.0
3028;higher;1;1.0;1;6666.0;59.0;0;1;9.0
3029;primary;0;1.0;1;7324.0;57.0;0;1;10.0
3030;higher;1;0.0;1;6813.0;28.0;1;1;
3031;secondary;1;0.0;0;7026.0;54.0;1;1;11.0
3032;primary;1;1.0;0;7400.0;42.0;0;1;7.0
3033;higher;1;1.0;0;;48.0;0;1;11.0
3034;primary;0;1.0;0;6069.0;51.0;0;1;4.0
3035;higher;0;1.0;1;6967.0;51.0;0;1;3.0
3036;higher;0;1.0;1;7379.0;49.0;0;1;10.0
3037;primary;1;1.0;0;6177.0;52.0;0;1;10.0
3038;higher;1;0.0;0;6775.0;45.0;0;1;8.0
3039;secondary;1;0.0;1;;57.0;0;1;2.0
3040;secondary;1;1.0;0;6932.0;49.0;0;1;7.0
3041;secondary;0;0.0;0;7309.0;40.0;0;1;6.0
3042;higher;1;1.0;0;14035.0;37.0;0;1;10.0
3043;primary;0;0.0;0;7898.0;48.0;0;0;10.0
3044;higher;1;1.0;1;5673.0;61.0;0;1;10.0
3045;higher;1;1.0;1;6196.0;25.0;1;1;10.0
3046;higher;1;1.0;0;5263.0;48.0;1;1;10.0
3047;secondary;1;0.0;1;6991.0;42.0;0;1;10.0
3048;primary;1;1.0;0;6826.0;56.0;0;1;10.0
3049;primary;0;0.0;1;6541.0;64.0;0;0;10.0
3050;secondary;1;0.0;0;7314.0;63.0;1;1;36.0
3051;primary;1;1.0;0;6096.0;56.0;0;1;3.0
3052;primary;1;0.0;1;15441.0;45.0;0;1;10.0
3053;secondary;1;1.0;0;5838.0;44.0;1;0;10.0
3054;primary;0;1.0;0;8588.0;51.0;0;1;14.0
3055;primary;0;1.0;0;10500.0;59.0;0;1;12.0
3056;secondary;0;0.0;1;6647.0;57.0;0;1;7.0
3057;higher;0;1.0;0;8969.0;54.0;0;1;11.0
3058;secondary;1;1.0;0;;49.0;0;1;29.0
3059;primary;1;0.0;0;7648.0;48.0;0;1;8.0
3060;secondary;0;1.0;0;8018.0;61.0;0;1;
3061;primary;1;0.0;1;6963.0;56.0;0;0;4.0
3062;primary;1;;0;5430.0;71.0;0;0;11.0
3063;secondary;0;1.0;0;;55.0;0;1;11.0
3064;secondary;0;1.0;0;6599.0;55.0;0;1;3.0
3065;higher;1;1.0;0;8364.0;49.0;0;0;10.0
3066;secondary;1;1.0;1;5434.0;46.0;0;0;8.0
3067;higher;0;1.0;1;7140.0;52.0;0;1;
3068;secondary;0;0.0;1;5520.0;45.0;0;1;
3069;secondary;0;0.0;0;6663.0;51.0;0;1;12.0
3070;secondary;0;1.0;0;10598.0;56.0;0;1;5.0
3071;higher;1;1.0;1;7468.0;41.0;0;1;4.0
3072;higher;1;1.0;1;4926.0;69.0;1;1;2.0
3073;primary;1;1.0;0;9758.0;58.0;0;0;7.0
3074;secondary;1;0.0;1;6730.0;;0;1;
3075;secondary;0;1.0;0;6947.0;66.0;0;0;11.0
3076;secondary;1;1.0;0;7267.0;56.0;0;1;12.0
3077;secondary;1;0.0;0;11749.0;61.0;0;1;
3078;secondary;1;1.0;1;7468.0;49.0;1;1;2.0
3079;secondary;1;0.0;1;11584.0;46.0;1;1;24.0
3080;secondary;1;0.0;0;7804.0;50.0;0;1;11.0
3081;higher;1;;0;4862.0;42.0;1;1;7.0
3082;secondary;0;0.0;0;7694.0;63.0;0;1;11.0
3083;primary;1;0.0;1;9444.0;49.0;1;0;
3084;higher;1;1.0;0;9389.0;55.0;0;0;7.0
3085;higher;1;0.0;1;9506.0;46.0;0;0;12.0
3086;higher;0;1.0;1;12453.0;48.0;0;1;11.0
3087;higher;0;1.0;1;6152.0;52.0;0;1;9.0
3088;primary;1;1.0;1;6535.0;58.0;0;1;7.0
3089;primary;1;1.0;0;10122.0;46.0;0;1;0.0
3090;higher;1;1.0;0;9554.0;49.0;0;0;
3091;higher;1;0.0;0;6347.0;58.0;1;1;9.0
3092;primary;0;0.0;0;6654.0;50.0;0;1;35.0
3093;secondary;1;0.0;1;7932.0;42.0;1;0;10.0
3094;secondary;0;1.0;0;9304.0;51.0;1;1;
3095;higher;0;1.0;0;10402.0;57.0;0;1;
3096;higher;1;0.0;0;8610.0;44.0;0;1;8.0
3097;secondary;1;0.0;0;9140.0;;0;1;14.0
3098;higher;1;1.0;0;10023.0;45.0;0;1;11.0
3099;higher;0;0.0;0;7718.0;57.0;0;0;7.0
3100;higher;1;0.0;0;5603.0;37.0;0;1;9.0
3101;secondary;1;1.0;0;6579.0;63.0;0;1;5.0
3102;secondary;0;0.0;0;9329.0;52.0;0;0;9.0
3103;primary;1;1.0;0;11001.0;47.0;0;1;
3104;higher;1;1.0;0;13067.0;50.0;0;1;10.0
3105;secondary;1;0.0;1;4711.0;52.0;0;1;5.0
3106;secondary;0;1.0;0;12967.0;61.0;0;1;8.0
3107;secondary;1;1.0;0;6335.0;52.0;0;1;10.0
3108;higher;1;1.0;1;5291.0;56.0;0;1;11.0
3109;higher;1;0.0;0;10888.0;50.0;0;1;7.0
3110;higher;1;1.0;1;8791.0;55.0;1;1;1.0
3111;secondary;1;1.0;1;5817.0;52.0;0;1;10.0
3112;primary;1;0.0;0;6450.0;55.0;0;1;8.0
3113;secondary;1;0.0;0;7940.0;43.0;0;0;9.0
3114;primary;0;0.0;0;8311.0;55.0;1;1;2.0
3115;primary;1;1.0;1;6101.0;51.0;0;1;11.0
3116;primary;1;1.0;0;8049.0;56.0;0;1;5.0
3117;higher;0;1.0;1;6062.0;;0;1;12.0
3118;higher;0;0.0;0;10588.0;49.0;0;1;12.0
3119;primary;1;0.0;0;7278.0;52.0;0;1;9.0
3120;higher;0;1.0;0;8250.0;61.0;0;1;18.0
3121;secondary;0;1.0;0;6716.0;44.0;0;1;12.0
3122;secondary;1;0.0;0;6399.0;54.0;0;1;5.0
3123;higher;1;1.0;0;7322.0;55.0;0;0;9.0
3124;secondary;1;1.0;0;9117.0;55.0;1;1;13.0
3125;secondary;0;1.0;0;11461.0;46.0;0;1;8.0
3126;primary;0;1.0;0;6292.0;55.0;1;1;0.0
3127;secondary;1;0.0;0;10395.0;51.0;0;1;6.0
3128;primary;0;0.0;0;3754.0;52.0;0;0;8.0
3129;higher;1;0.0;0;12239.0;50.0;0;1;2.0
3130;higher;1;1.0;0;6681.0;52.0;0;1;
3131;primary;0;1.0;0;7680.0;54.0;0;1;7.0
3132;higher;1;0.0;0;10493.0;53.0;0;1;
3133;secondary;0;1.0;1;3333.0;28.0;1;1;11.0
3134;primary;1;0.0;0;9087.0;53.0;0;1;16.0
3135;primary;1;1.0;0;9147.0;55.0;0;0;9.0
3136;primary;1;1.0;1;7976.0;43.0;1;1;11.0
3137;higher;1;0.0;1;11079.0;46.0;0;1;10.0
3138;secondary;1;0.0;0;7780.0;47.0;0;1;7.0
3139;primary;1;0.0;0;6756.0;61.0;0;1;32.0
3140;secondary;1;1.0;1;4950.0;54.0;0;0;
3141;secondary;0;1.0;1;7540.0;50.0;1;0;6.0
3142;primary;0;;0;9210.0;58.0;1;1;5.0
3143;primary;0;1.0;0;6307.0;61.0;0;1;12.0
3144;higher;1;1.0;0;8089.0;60.0;0;1;6.0
3145;higher;1;;0;8583.0;;0;1;7.0
3146;higher;0;1.0;0;9793.0;64.0;1;1;11.0
3147;higher;1;1.0;0;6807.0;44.0;1;1;7.0
3148;higher;1;0.0;1;6323.0;49.0;0;0;2.0
3149;primary;1;0.0;1;6473.0;52.0;0;1;13.0
3150;primary;1;1.0;0;5597.0;45.0;0;0;11.0
3151;higher;1;1.0;0;7819.0;67.0;0;0;2.0
3152;primary;1;1.0;0;12199.0;49.0;0;1;9.0
3153;secondary;1;1.0;0;9974.0;51.0;0;1;
3154;primary;1;1.0;1;8310.0;67.0;1;1;5.0
3155;secondary;1;1.0;0;8885.0;57.0;1;1;4.0
3156;primary;0;0.0;0;7427.0;;1;1;11.0
3157;higher;1;0.0;1;6011.0;52.0;0;1;10.0
3158;primary;1;1.0;0;11400.0;54.0;0;1;7.0
3159;primary;0;0.0;1;5752.0;50.0;0;1;11.0
3160;primary;1;1.0;0;6105.0;42.0;1;1;13.0
3161;primary;1;0.0;0;6402.0;43.0;0;1;24.0
3162;higher;1;0.0;0;6559.0;35.0;1;0;9.0
3163;higher;0;1.0;0;8469.0;41.0;0;1;14.0
3164;secondary;1;1.0;1;7872.0;52.0;0;1;9.0
3165;higher;1;0.0;1;10194.0;53.0;0;1;11.0
3166;higher;0;1.0;0;10469.0;45.0;0;0;12.0
3167;secondary;0;0.0;0;8083.0;50.0;1;0;8.0
3168;secondary;1;1.0;1;8806.0;56.0;0;1;
3169;secondary;0;1.0;0;12199.0;35.0;0;1;
3170;higher;0;1.0;0;6408.0;50.0;0;1;3.0
3171;primary;1;1.0;1;7860.0;43.0;1;1;1.0
3172;secondary;1;1.0;0;12137.0;49.0;0;1;9.0
3173;higher;1;1.0;0;11958.0;45.0;0;1;10.0
3174;higher;1;0.0;1;6997.0;40.0;1;1;8.0
3175;secondary;0;1.0;0;8411.0;54.0;0;0;9.0
3176;secondary;0;1.0;1;8228.0;54.0;0;1;4.0
3177;primary;1;0.0;0;10975.0;56.0;0;1;4.0
3178;primary;0;1.0;0;8500.0;58.0;0;1;0.0
3179;primary;0;1.0;0;5582.0;52.0;1;1;11.0
3180;secondary;0;0.0;0;6330.0;64.0;0;1;10.0
3181;primary;1;1.0;1;8179.0;48.0;1;1;10.0
3182;secondary;0;0.0;0;10808.0;53.0;0;0;7.0
3183;primary;1;0.0;0;8706.0;50.0;0;1;12.0
3184;secondary;1;0.0;0;5971.0;59.0;0;1;12.0
3185;primary;1;0.0;0;7551.0;61.0;0;1;6.0
3186;primary;1;0.0;1;5325.0;47.0;0;1;34.0
3187;secondary;1;0.0;0;7000.0;55.0;0;1;5.0
3188;higher;0;1.0;0;5038.0;64.0;0;0;7.0
3189;secondary;1;1.0;1;7039.0;57.0;0;1;6.0
3190;higher;1;0.0;0;6230.0;35.0;1;1;1.0
3191;secondary;0;1.0;0;5816.0;61.0;0;1;12.0
3192;secondary;0;1.0;1;9079.0;59.0;0;0;11.0
3193;primary;1;1.0;0;11343.0;50.0;0;1;9.0
3194;secondary;0;0.0;0;8255.0;;1;1;8.0
3195;secondary;0;0.0;1;9698.0;56.0;1;1;10.0
3196;primary;1;0.0;0;5602.0;55.0;0;1;2.0
3197;higher;0;1.0;1;11108.0;44.0;1;1;13.0
3198;secondary;1;1.0;1;8929.0;47.0;0;1;6.0
3199;secondary;1;1.0;0;7676.0;50.0;1;1;5.0
3200;secondary;0;1.0;0;7846.0;63.0;0;1;6.0
3201;primary;0;0.0;0;11318.0;58.0;0;1;11.0
3202;higher;1;1.0;0;6752.0;53.0;0;1;11.0
3203;primary;1;0.0;0;7533.0;57.0;1;1;9.0
3204;higher;0;1.0;1;11724.0;49.0;1;1;11.0
3205;higher;1;0.0;0;7226.0;56.0;0;0;7.0
3206;secondary;1;1.0;0;8010.0;65.0;0;1;11.0
3207;primary;0;0.0;1;7125.0;61.0;0;1;12.0
3208;primary;1;1.0;0;5756.0;44.0;0;0;12.0
3209;primary;0;1.0;1;5397.0;43.0;0;1;11.0
3210;secondary;1;1.0;0;6750.0;50.0;0;0;8.0
3211;primary;0;1.0;0;7955.0;55.0;0;1;14.0
3212;secondary;1;1.0;0;6078.0;53.0;0;1;6.0
3213;secondary;1;1.0;0;6284.0;42.0;0;1;4.0
3214;primary;0;1.0;1;10119.0;53.0;0;0;4.0
3215;primary;0;0.0;0;7998.0;45.0;0;1;3.0
3216;primary;1;1.0;0;10981.0;49.0;0;1;7.0
3217;secondary;1;0.0;0;5862.0;53.0;0;1;
3218;primary;0;1.0;0;9285.0;55.0;0;1;12.0
3219;secondary;0;1.0;0;7495.0;46.0;0;0;7.0
3220;secondary;1;0.0;1;7385.0;52.0;0;0;15.0
3221;secondary;1;1.0;0;7261.0;53.0;0;1;11.0
3222;secondary;1;1.0;0;7814.0;56.0;0;1;10.0
3223;secondary;1;1.0;0;5179.0;45.0;1;1;33.0
3224;secondary;0;1.0;1;9768.0;50.0;0;1;8.0
3225;secondary;0;0.0;0;10860.0;42.0;0;0;5.0
3226;primary;0;1.0;0;8460.0;51.0;0;0;13.0
3227;primary;1;1.0;1;6810.0;54.0;0;1;10.0
3228;higher;1;0.0;1;7417.0;39.0;1;1;8.0
3229;secondary;1;0.0;1;9258.0;52.0;0;1;9.0
3230;primary;1;0.0;1;6690.0;53.0;1;1;9.0
3231;higher;1;0.0;1;13177.0;47.0;1;1;11.0
3232;higher;1;0.0;1;3987.0;49.0;0;1;9.0
3233;higher;1;1.0;0;6796.0;44.0;0;1;10.0
3234;higher;1;1.0;0;11914.0;52.0;0;0;0.0
3235;higher;0;0.0;0;6797.0;55.0;0;1;0.0
3236;secondary;1;0.0;1;10295.0;42.0;1;1;7.0
3237;primary;0;1.0;0;5087.0;60.0;0;0;2.0
3238;secondary;1;0.0;0;11712.0;52.0;0;1;10.0
3239;secondary;0;1.0;0;6021.0;59.0;0;1;5.0
3240;primary;1;1.0;1;11921.0;52.0;0;1;8.0
3241;primary;1;1.0;1;9875.0;57.0;0;1;
3242;secondary;0;1.0;1;7769.0;49.0;1;1;8.0
3243;secondary;0;1.0;1;7756.0;44.0;1;1;10.0
3244;higher;1;1.0;1;7408.0;48.0;1;1;8.0
3245;secondary;1;0.0;1;5527.0;56.0;0;0;13.0
3246;higher;0;0.0;0;4808.0;30.0;1;1;8.0
3247;secondary;1;1.0;0;9501.0;52.0;0;1;11.0
3248;primary;1;1.0;1;11243.0;51.0;0;0;2.0
3249;primary;1;1.0;0;8817.0;46.0;0;1;35.0
3250;secondary;1;1.0;0;5630.0;48.0;0;0;12.0
3251;higher;1;1.0;0;7651.0;52.0;0;1;7.0
3252;secondary;1;1.0;0;11746.0;48.0;0;1;5.0
3253;higher;0;0.0;0;7176.0;48.0;0;1;0.0
3254;primary;0;0.0;0;5932.0;52.0;0;1;10.0
3255;higher;0;;1;5307.0;29.0;1;1;11.0
3256;primary;0;1.0;1;5369.0;60.0;0;1;9.0
3257;secondary;0;1.0;0;9135.0;57.0;0;1;10.0
3258;secondary;0;1.0;1;8013.0;54.0;0;1;13.0
3259;secondary;1;0.0;1;5207.0;48.0;0;1;0.0
3260;higher;0;1.0;0;11810.0;36.0;0;1;13.0
3261;primary;1;1.0;0;6053.0;47.0;1;1;39.0
3262;secondary;1;1.0;0;10710.0;47.0;0;0;
3263;secondary;0;0.0;1;6233.0;48.0;0;1;
3264;secondary;1;1.0;1;7302.0;53.0;0;0;7.0
3265;higher;1;0.0;0;11568.0;44.0;0;1;11.0
3266;primary;1;1.0;0;6583.0;49.0;0;1;5.0
3267;primary;1;1.0;0;8548.0;63.0;0;1;25.0
3268;primary;0;0.0;1;6307.0;65.0;0;1;6.0
3269;secondary;1;1.0;0;8457.0;41.0;0;1;11.0
3270;higher;1;0.0;0;7033.0;;0;1;9.0
3271;primary;1;1.0;1;7240.0;54.0;0;1;11.0
3272;higher;1;0.0;1;6846.0;53.0;0;0;10.0
3273;secondary;1;0.0;0;6250.0;50.0;0;1;11.0
3274;higher;1;0.0;1;7948.0;62.0;0;1;6.0
3275;secondary;1;1.0;1;7299.0;47.0;0;1;6.0
3276;secondary;1;1.0;1;9529.0;50.0;0;1;10.0
3277;higher;1;1.0;0;4707.0;61.0;0;0;11.0
3278;higher;1;0.0;0;7680.0;35.0;0;1;5.0
3279;secondary;1;1.0;1;7378.0;46.0;1;1;
3280;primary;0;1.0;1;10616.0;52.0;0;1;5.0
3281;higher;1;0.0;0;5529.0;58.0;0;1;11.0
3282;higher;1;1.0;0;6593.0;50.0;1;1;0.0
3283;primary;1;1.0;0;9392.0;56.0;0;1;9.0
3284;primary;1;1.0;0;9852.0;49.0;0;1;8.0
3285;higher;0;1.0;0;12323.0;52.0;0;1;10.0
3286;primary;0;0.0;0;5069.0;49.0;0;0;6.0
3287;primary;1;1.0;0;7675.0;48.0;0;1;
3288;secondary;0;0.0;1;6703.0;57.0;0;1;
3289;higher;1;0.0;1;10472.0;51.0;1;0;2.0
3290;primary;1;1.0;0;7251.0;55.0;0;1;11.0
3291;secondary;1;0.0;0;6649.0;56.0;0;1;22.0
3292;primary;1;0.0;0;11056.0;48.0;0;1;5.0
3293;higher;0;0.0;1;;62.0;0;0;7.0
3294;secondary;1;0.0;1;8737.0;49.0;0;1;5.0
3295;primary;0;0.0;0;7274.0;58.0;0;0;12.0
3296;primary;1;1.0;1;9883.0;51.0;0;0;27.0
3297;higher;1;1.0;1;9085.0;49.0;1;1;7.0
3298;secondary;1;0.0;1;5940.0;39.0;0;0;7.0
3299;secondary;0;1.0;0;7147.0;45.0;1;1;8.0
3300;higher;1;0.0;0;11643.0;49.0;0;0;0.0
3301;higher;1;0.0;0;8323.0;53.0;0;1;12.0
3302;secondary;1;0.0;0;11292.0;46.0;0;1;
3303;higher;0;1.0;0;6140.0;60.0;0;0;11.0
3304;secondary;0;1.0;0;5795.0;44.0;0;0;11.0
3305;higher;1;0.0;0;12187.0;45.0;0;1;28.0
3306;secondary;0;1.0;0;6755.0;40.0;0;0;10.0
3307;secondary;0;1.0;1;5837.0;52.0;1;1;1.0
3308;secondary;1;0.0;0;10045.0;47.0;0;0;3.0
3309;primary;0;1.0;0;9378.0;54.0;0;0;6.0
3310;secondary;0;0.0;1;7006.0;44.0;1;1;12.0
3311;higher;1;0.0;0;8393.0;44.0;0;1;8.0
3312;higher;1;0.0;0;12725.0;52.0;0;1;6.0
3313;higher;1;0.0;0;10501.0;57.0;0;1;7.0
3314;higher;1;0.0;1;7527.0;57.0;0;0;9.0
3315;higher;0;0.0;0;7869.0;52.0;0;1;8.0
3316;higher;1;0.0;1;7271.0;45.0;0;1;7.0
3317;secondary;0;0.0;1;6361.0;54.0;1;1;6.0
3318;secondary;1;0.0;0;7367.0;56.0;0;1;7.0
3319;primary;0;0.0;0;6752.0;64.0;0;1;7.0
3320;secondary;1;1.0;0;6083.0;46.0;0;1;11.0
3321;secondary;1;0.0;0;6119.0;49.0;0;1;10.0
3322;secondary;0;1.0;0;9959.0;49.0;0;1;8.0
3323;secondary;0;1.0;0;6102.0;57.0;1;1;11.0
3324;primary;0;0.0;0;9242.0;52.0;0;1;8.0
3325;higher;1;0.0;1;10110.0;;0;1;8.0
3326;higher;1;1.0;1;8092.0;55.0;1;1;11.0
3327;higher;1;1.0;0;6715.0;38.0;0;1;6.0
3328;primary;1;1.0;0;10368.0;41.0;0;1;
3329;higher;1;1.0;0;10614.0;48.0;0;1;0.0
3330;higher;0;0.0;0;7877.0;47.0;0;1;8.0
3331;primary;1;1.0;1;8122.0;55.0;0;0;5.0
3332;higher;1;0.0;0;5926.0;54.0;1;1;5.0
3333;secondary;0;0.0;0;7876.0;50.0;0;1;2.0
3334;higher;1;0.0;0;4530.0;50.0;0;0;2.0
3335;higher;0;0.0;0;5838.0;56.0;0;1;29.0
3336;secondary;1;0.0;0;6503.0;47.0;0;0;10.0
3337;secondary;0;0.0;0;5885.0;43.0;0;0;3.0
3338;primary;1;1.0;0;10120.0;50.0;0;1;11.0
3339;higher;1;0.0;0;7420.0;60.0;0;1;7.0
3340;secondary;1;0.0;0;10787.0;55.0;1;1;13.0
3341;higher;1;1.0;1;6678.0;44.0;0;1;9.0
3342;higher;1;0.0;0;6240.0;42.0;0;1;12.0
3343;higher;0;0.0;0;7055.0;51.0;0;0;7.0
3344;primary;1;0.0;0;6882.0;49.0;0;1;5.0
3345;higher;1;0.0;0;6545.0;40.0;0;1;12.0
3346;secondary;1;1.0;0;9458.0;48.0;1;1;12.0
3347;higher;0;0.0;0;6069.0;53.0;0;1;12.0
3348;higher;1;1.0;0;7577.0;56.0;0;1;
3349;secondary;0;0.0;1;6901.0;53.0;0;1;9.0
3350;primary;0;0.0;0;6978.0;46.0;0;1;9.0
3351;primary;0;0.0;1;6907.0;47.0;0;0;11.0
3352;secondary;1;0.0;1;10214.0;58.0;0;1;6.0
3353;higher;1;0.0;0;9279.0;51.0;0;0;11.0
3354;higher;1;0.0;0;6165.0;51.0;0;1;13.0
3355;primary;0;0.0;0;6877.0;54.0;0;0;4.0
3356;higher;1;1.0;0;7282.0;47.0;0;1;7.0
3357;primary;1;0.0;1;8220.0;50.0;0;1;6.0
3358;secondary;1;0.0;0;6558.0;57.0;0;0;8.0
3359;secondary;0;1.0;1;6404.0;59.0;1;1;10.0
3360;primary;1;1.0;0;9766.0;54.0;0;0;3.0
3361;primary;1;1.0;0;6288.0;58.0;0;1;7.0
3362;secondary;1;0.0;0;8651.0;50.0;0;1;7.0
3363;secondary;1;1.0;1;7848.0;50.0;0;1;11.0
3364;secondary;0;0.0;1;10576.0;41.0;1;0;9.0
3365;secondary;0;0.0;0;6880.0;31.0;1;0;0.0
3366;secondary;1;1.0;0;5687.0;56.0;0;1;10.0
3367;secondary;1;0.0;1;7960.0;53.0;1;1;10.0
3368;secondary;1;0.0;1;9943.0;50.0;0;1;
3369;secondary;1;1.0;1;8587.0;34.0;0;1;0.0
3370;primary;1;0.0;1;12414.0;48.0;0;1;11.0
3371;secondary;0;0.0;1;8889.0;50.0;0;0;6.0
3372;primary;1;0.0;0;8176.0;;0;1;7.0
3373;higher;0;0.0;1;;51.0;0;1;11.0
3374;secondary;1;1.0;0;11811.0;47.0;0;0;9.0
3375;secondary;0;0.0;1;6415.0;52.0;0;1;10.0
3376;higher;1;1.0;1;5970.0;52.0;0;1;12.0
3377;secondary;0;0.0;1;6713.0;53.0;0;1;0.0
3378;higher;1;0.0;1;5089.0;51.0;1;0;13.0
3379;secondary;1;0.0;0;8029.0;56.0;0;1;0.0
3380;higher;1;0.0;0;6675.0;58.0;0;1;
3381;secondary;1;0.0;0;;;0;1;6.0
3382;primary;1;1.0;1;8232.0;40.0;1;1;8.0
3383;higher;1;1.0;0;11235.0;48.0;0;1;7.0
3384;primary;1;1.0;0;7855.0;51.0;0;1;6.0
3385;secondary;0;1.0;1;8360.0;52.0;0;0;11.0
3386;primary;0;0.0;0;8232.0;;0;1;12.0
3387;higher;0;1.0;1;6625.0;39.0;1;1;13.0
3388;secondary;1;1.0;0;8331.0;46.0;0;0;38.0
3389;primary;1;1.0;0;9026.0;58.0;0;1;8.0
3390;secondary;0;0.0;0;9640.0;52.0;0;0;
3391;secondary;1;1.0;0;8807.0;;0;0;9.0
3392;secondary;0;0.0;1;5882.0;;1;1;9.0
3393;secondary;1;0.0;0;6973.0;42.0;0;1;12.0
3394;secondary;0;0.0;0;8879.0;64.0;0;1;5.0
3395;higher;1;1.0;1;6954.0;50.0;0;1;9.0
3396;higher;1;1.0;0;9406.0;53.0;1;0;7.0
3397;higher;1;0.0;0;7537.0;;0;1;6.0
3398;higher;1;1.0;0;11308.0;48.0;0;0;7.0
3399;secondary;0;0.0;1;10590.0;48.0;1;1;
3400;higher;1;0.0;1;7975.0;44.0;0;1;13.0
3401;secondary;0;1.0;1;8864.0;40.0;1;1;9.0
3402;higher;1;1.0;0;9216.0;52.0;0;0;12.0
3403;secondary;1;0.0;0;11950.0;49.0;0;0;11.0
3404;primary;0;1.0;0;6577.0;58.0;0;1;6.0
3405;higher;1;0.0;0;9027.0;57.0;0;1;1.0
3406;secondary;0;1.0;0;8520.0;59.0;0;0;9.0
3407;higher;1;1.0;0;6147.0;53.0;0;1;8.0
3408;secondary;0;1.0;1;4832.0;53.0;0;0;9.0
3409;secondary;1;1.0;0;10595.0;49.0;0;1;5.0
3410;higher;1;0.0;0;7553.0;60.0;1;1;8.0
3411;secondary;1;1.0;0;10164.0;61.0;0;0;12.0
3412;secondary;1;0.0;1;6705.0;43.0;1;1;9.0
3413;secondary;1;0.0;0;7069.0;55.0;0;1;8.0
3414;secondary;1;1.0;0;5293.0;54.0;0;1;4.0
3415;secondary;1;1.0;1;9570.0;51.0;1;1;3.0
3416;secondary;1;1.0;0;4947.0;47.0;0;1;7.0
3417;secondary;0;1.0;1;4494.0;46.0;0;1;7.0
3418;higher;1;0.0;0;8676.0;62.0;0;1;3.0
3419;higher;1;1.0;0;10635.0;45.0;0;1;6.0
3420;secondary;0;1.0;1;10144.0;57.0;0;1;3.0
3421;secondary;1;1.0;0;7775.0;49.0;0;1;10.0
3422;secondary;0;0.0;1;9920.0;38.0;1;1;10.0
3423;secondary;1;1.0;1;7385.0;44.0;1;1;7.0
3424;primary;1;1.0;0;6478.0;48.0;0;1;12.0
3425;primary;1;1.0;0;5289.0;52.0;0;1;11.0
3426;higher;1;1.0;1;5840.0;53.0;0;1;6.0
3427;higher;0;0.0;1;7175.0;53.0;1;1;8.0
3428;higher;1;0.0;0;12031.0;59.0;0;1;2.0
3429;secondary;0;1.0;0;5898.0;54.0;1;1;13.0
3430;primary;1;1.0;1;7245.0;52.0;0;1;8.0
3431;higher;1;0.0;1;5045.0;47.0;0;1;34.0
3432;secondary;0;1.0;0;6636.0;63.0;0;1;1.0
3433;secondary;1;0.0;0;5742.0;54.0;0;1;0.0
3434;secondary;1;;0;6297.0;49.0;0;1;9.0
3435;secondary;1;1.0;1;8340.0;57.0;0;1;8.0
3436;higher;0;1.0;1;9814.0;52.0;0;0;9.0
3437;primary;1;1.0;0;12808.0;42.0;0;1;27.0
3438;higher;0;0.0;0;9481.0;44.0;0;1;17.0
3439;higher;1;0.0;1;8815.0;59.0;0;1;8.0
3440;higher;1;1.0;1;10625.0;42.0;0;1;13.0
3441;secondary;1;1.0;1;11149.0;51.0;0;1;12.0
3442;primary;1;1.0;0;5589.0;;0;1;2.0
3443;secondary;0;1.0;0;6829.0;54.0;0;0;8.0
3444;higher;0;0.0;0;6647.0;46.0;0;1;10.0
3445;higher;1;1.0;1;7250.0;58.0;0;1;13.0
3446;higher;1;0.0;1;4775.0;54.0;0;0;
3447;primary;0;0.0;0;7472.0;54.0;0;1;1.0
3448;primary;1;0.0;0;;64.0;0;1;
3449;primary;1;0.0;0;8903.0;37.0;0;1;7.0
3450;primary;1;0.0;0;6491.0;53.0;0;0;3.0
3451;secondary;1;0.0;1;5255.0;47.0;0;1;11.0
3452;secondary;0;0.0;1;6671.0;53.0;0;1;6.0
3453;secondary;0;0.0;1;7232.0;63.0;0;1;9.0
3454;primary;1;1.0;0;12238.0;52.0;0;1;12.0
3455;secondary;1;0.0;1;7808.0;44.0;0;1;11.0
3456;primary;0;1.0;0;6383.0;49.0;0;0;31.0
3457;higher;0;;0;7422.0;45.0;0;1;30.0
3458;secondary;1;0.0;0;5583.0;52.0;0;0;6.0
3459;higher;1;0.0;1;7244.0;49.0;0;1;8.0
3460;secondary;1;1.0;1;7525.0;58.0;0;1;12.0
3461;higher;1;1.0;0;3731.0;52.0;1;1;
3462;primary;1;1.0;0;8725.0;51.0;0;0;10.0
3463;secondary;1;0.0;0;8857.0;57.0;0;1;5.0
3464;higher;0;1.0;1;8749.0;49.0;1;1;2.0
3465;primary;0;0.0;1;9896.0;47.0;0;1;7.0
3466;secondary;0;1.0;0;6664.0;48.0;0;1;1.0
3467;higher;1;1.0;0;8476.0;70.0;0;1;13.0
3468;secondary;1;1.0;0;8508.0;47.0;0;1;11.0
3469;higher;1;1.0;0;4650.0;49.0;0;1;5.0
3470;secondary;1;1.0;1;7105.0;48.0;0;1;8.0
3471;higher;0;1.0;0;5055.0;46.0;1;0;9.0
3472;higher;1;1.0;0;10193.0;51.0;0;1;4.0
3473;primary;0;0.0;1;7063.0;49.0;0;0;30.0
3474;higher;0;1.0;0;11786.0;52.0;0;0;11.0
3475;higher;0;1.0;0;6096.0;50.0;0;1;10.0
3476;primary;0;1.0;1;3886.0;71.0;1;1;0.0
3477;higher;1;0.0;0;6950.0;;0;1;10.0
3478;primary;1;0.0;0;6303.0;;0;1;9.0
3479;primary;1;1.0;0;11717.0;46.0;0;1;12.0
3480;primary;1;1.0;0;9967.0;60.0;0;1;11.0
3481;higher;0;1.0;1;8017.0;;1;1;7.0
3482;secondary;0;0.0;0;9728.0;49.0;0;1;9.0
3483;secondary;0;1.0;0;8019.0;60.0;0;1;12.0
3484;secondary;1;0.0;0;11240.0;53.0;0;1;9.0
3485;higher;0;1.0;0;9825.0;49.0;0;1;11.0
3486;primary;1;0.0;0;6419.0;44.0;0;1;5.0
3487;secondary;1;0.0;1;7196.0;47.0;1;1;10.0
3488;higher;0;1.0;0;7854.0;50.0;0;1;7.0
3489;primary;1;1.0;0;6376.0;43.0;0;1;
3490;secondary;1;0.0;0;7871.0;58.0;0;1;8.0
3491;secondary;1;0.0;0;9148.0;53.0;0;1;6.0
3492;primary;1;0.0;0;10411.0;39.0;0;1;
3493;higher;1;1.0;1;11794.0;44.0;0;1;8.0
3494;primary;0;1.0;0;8186.0;;0;1;8.0
3495;secondary;1;1.0;1;5265.0;55.0;1;1;6.0
3496;secondary;0;0.0;1;8991.0;66.0;0;0;
3497;higher;0;0.0;0;7871.0;51.0;0;1;11.0
3498;higher;1;0.0;0;6862.0;40.0;0;1;7.0
3499;higher;1;0.0;1;6974.0;34.0;1;1;11.0
3500;primary;0;1.0;1;6965.0;62.0;0;1;8.0
3501;higher;1;;1;4332.0;33.0;1;1;
3502;secondary;1;1.0;1;6915.0;54.0;1;1;10.0
3503;primary;1;0.0;1;6658.0;50.0;0;1;9.0
3504;primary;0;1.0;0;7970.0;52.0;0;1;8.0
3505;secondary;1;1.0;1;7226.0;57.0;1;1;4.0
3506;higher;1;1.0;0;5868.0;55.0;0;1;
3507;higher;0;0.0;0;6205.0;35.0;1;1;14.0
3508;secondary;1;0.0;0;9262.0;55.0;0;1;9.0
3509;secondary;1;1.0;0;8761.0;45.0;0;0;5.0
3510;higher;0;1.0;1;7594.0;36.0;1;1;
3511;primary;1;1.0;1;8199.0;47.0;0;1;4.0
3512;higher;0;1.0;1;7668.0;47.0;0;0;14.0
3513;secondary;1;1.0;1;10726.0;41.0;1;0;9.0
3514;secondary;1;0.0;0;8422.0;63.0;0;1;11.0
3515;primary;0;0.0;0;6824.0;;0;1;8.0
3516;secondary;1;0.0;0;7453.0;41.0;0;1;9.0
3517;primary;1;0.0;1;13534.0;51.0;1;1;10.0
3518;secondary;1;1.0;0;9560.0;52.0;0;1;4.0
3519;primary;1;0.0;1;8340.0;49.0;0;1;5.0
3520;secondary;1;0.0;0;8326.0;50.0;0;0;8.0
3521;primary;1;1.0;1;6783.0;51.0;1;1;7.0
3522;primary;1;1.0;0;9065.0;;1;1;11.0
3523;primary;1;;1;7424.0;53.0;0;1;10.0
3524;higher;0;1.0;1;6016.0;47.0;1;0;10.0
3525;secondary;1;1.0;0;6593.0;66.0;0;1;7.0
3526;secondary;1;0.0;0;13141.0;44.0;0;1;1.0
3527;higher;1;0.0;0;13121.0;42.0;0;1;10.0
3528;secondary;1;1.0;0;10574.0;62.0;0;1;12.0
3529;secondary;1;1.0;0;9927.0;51.0;0;1;11.0
3530;higher;0;1.0;0;7424.0;44.0;0;1;7.0
3531;primary;1;1.0;0;6740.0;50.0;0;1;10.0
3532;higher;0;0.0;1;6716.0;45.0;0;0;0.0
3533;primary;1;0.0;0;10574.0;44.0;0;1;9.0
3534;higher;0;1.0;0;7294.0;42.0;0;1;9.0
3535;higher;1;0.0;0;8136.0;65.0;0;1;0.0
3536;higher;1;0.0;0;7574.0;51.0;0;1;0.0
3537;secondary;1;1.0;0;7675.0;54.0;0;1;7.0
3538;higher;1;1.0;0;;52.0;0;1;4.0
3539;higher;1;1.0;1;14713.0;41.0;0;1;4.0
3540;higher;1;1.0;1;5500.0;31.0;1;1;8.0
3541;primary;1;0.0;0;6003.0;49.0;0;1;1.0
3542;secondary;1;0.0;0;8028.0;52.0;0;1;13.0
3543;primary;0;1.0;0;8990.0;48.0;0;0;7.0
3544;higher;1;0.0;1;5450.0;64.0;0;1;4.0
3545;primary;0;0.0;1;7252.0;60.0;1;1;10.0
3546;higher;1;1.0;0;7387.0;62.0;0;1;3.0
3547;primary;0;1.0;0;8525.0;56.0;0;0;7.0
3548;higher;1;1.0;1;9799.0;54.0;0;1;0.0
3549;primary;1;1.0;0;6636.0;53.0;0;1;
3550;higher;1;0.0;1;7552.0;55.0;0;1;4.0
3551;higher;0;0.0;1;10336.0;50.0;0;1;9.0
3552;secondary;1;1.0;1;3746.0;56.0;1;1;5.0
3553;primary;1;1.0;1;11559.0;55.0;1;1;7.0
3554;higher;1;0.0;1;8001.0;53.0;0;1;8.0
3555;secondary;1;1.0;0;8185.0;49.0;0;1;1.0
3556;primary;1;1.0;0;9000.0;49.0;0;0;13.0
3557;secondary;1;1.0;0;13491.0;;0;0;4.0
3558;higher;1;0.0;1;8226.0;50.0;1;1;9.0
3559;secondary;1;0.0;1;;52.0;1;1;0.0
3560;primary;1;0.0;0;;56.0;0;0;6.0
3561;secondary;1;1.0;0;8718.0;49.0;0;1;2.0
3562;secondary;1;1.0;0;8905.0;47.0;0;1;7.0
3563;higher;1;1.0;0;7594.0;38.0;1;1;7.0
3564;primary;1;0.0;1;5246.0;56.0;1;1;6.0
3565;secondary;1;1.0;0;7938.0;55.0;0;1;12.0
3566;secondary;1;0.0;1;5723.0;64.0;0;1;11.0
3567;secondary;1;0.0;1;5730.0;49.0;0;1;11.0
3568;higher;0;0.0;1;;45.0;1;1;
3569;higher;1;0.0;0;9184.0;57.0;0;1;10.0
3570;secondary;1;;1;10268.0;45.0;0;1;22.0
3571;higher;1;0.0;0;8776.0;59.0;0;1;8.0
3572;secondary;0;1.0;0;10476.0;46.0;0;1;11.0
3573;primary;0;0.0;0;11928.0;44.0;0;1;1.0
3574;secondary;0;1.0;1;6500.0;47.0;1;1;4.0
3575;higher;1;0.0;1;5858.0;35.0;0;1;13.0
3576;higher;1;1.0;1;9046.0;52.0;1;1;13.0
3577;primary;1;0.0;0;7290.0;55.0;0;1;9.0
3578;primary;0;0.0;0;6381.0;57.0;0;1;20.0
3579;primary;0;1.0;0;10086.0;57.0;0;1;12.0
3580;higher;0;1.0;0;12417.0;59.0;0;1;11.0
3581;primary;1;0.0;0;6752.0;55.0;0;1;11.0
3582;secondary;1;1.0;0;5977.0;40.0;0;1;12.0
3583;higher;0;0.0;0;5684.0;60.0;0;1;
3584;secondary;0;0.0;0;11093.0;52.0;0;1;10.0
3585;secondary;1;1.0;1;9716.0;52.0;0;1;4.0
3586;secondary;1;1.0;0;9140.0;55.0;0;1;9.0
3587;primary;1;1.0;0;6041.0;57.0;0;0;11.0
3588;higher;1;1.0;0;8526.0;;0;1;13.0
3589;higher;0;0.0;0;7962.0;37.0;1;1;2.0
3590;secondary;0;1.0;1;;64.0;0;1;13.0
3591;secondary;1;0.0;1;9354.0;58.0;0;0;
3592;secondary;0;1.0;0;11542.0;48.0;0;0;2.0
3593;higher;0;0.0;0;9200.0;49.0;0;0;13.0
3594;secondary;1;0.0;0;6184.0;55.0;0;0;0.0
3595;primary;1;0.0;0;6665.0;51.0;0;1;
3596;secondary;1;0.0;0;7046.0;44.0;1;0;10.0
3597;higher;0;1.0;0;;45.0;0;1;3.0
3598;higher;0;0.0;1;7343.0;49.0;0;1;12.0
3599;higher;1;1.0;0;6297.0;57.0;0;1;
3600;secondary;1;0.0;0;10312.0;51.0;0;0;0.0
3601;higher;0;1.0;0;6791.0;45.0;1;0;10.0
3602;primary;1;1.0;1;7311.0;59.0;0;0;7.0
3603;primary;1;1.0;0;7961.0;47.0;0;1;0.0
3604;higher;1;1.0;1;7114.0;55.0;0;1;8.0
3605;higher;1;0.0;1;5736.0;58.0;1;1;8.0
3606;higher;0;0.0;1;8441.0;60.0;1;0;10.0
3607;primary;1;0.0;0;8868.0;46.0;0;1;8.0
3608;higher;1;0.0;1;12594.0;52.0;1;1;0.0
3609;secondary;1;0.0;0;10556.0;49.0;0;1;1.0
3610;higher;0;0.0;1;8874.0;50.0;0;1;11.0
3611;secondary;1;1.0;0;6844.0;52.0;0;1;9.0
3612;secondary;0;1.0;0;8030.0;61.0;0;1;10.0
3613;secondary;0;1.0;0;9381.0;;0;1;13.0
3614;primary;0;1.0;0;9826.0;54.0;0;1;10.0
3615;secondary;1;0.0;1;6792.0;54.0;1;1;12.0
3616;secondary;1;1.0;0;7049.0;58.0;0;1;12.0
3617;higher;0;1.0;0;7786.0;;0;1;7.0
3618;secondary;0;0.0;0;7255.0;51.0;0;0;6.0
3619;secondary;1;1.0;0;7160.0;;1;1;9.0
3620;secondary;0;0.0;0;7597.0;44.0;0;1;8.0
3621;higher;1;1.0;1;10568.0;49.0;0;1;9.0
3622;higher;1;1.0;0;7176.0;52.0;0;1;9.0
3623;secondary;0;1.0;0;7836.0;46.0;1;0;12.0
3624;secondary;0;0.0;0;11642.0;41.0;0;1;10.0
3625;higher;0;0.0;0;8616.0;47.0;0;0;12.0
3626;secondary;0;0.0;1;11615.0;43.0;0;1;11.0
3627;secondary;1;1.0;1;7735.0;57.0;0;1;17.0
3628;secondary;1;1.0;1;10707.0;48.0;0;1;6.0
3629;higher;0;0.0;0;7950.0;49.0;0;1;1.0
3630;higher;1;0.0;1;6104.0;49.0;0;1;5.0
3631;primary;1;1.0;0;12167.0;53.0;0;1;6.0
3632;primary;0;0.0;0;9840.0;47.0;0;1;9.0
3633;primary;1;0.0;1;8659.0;;1;1;6.0
3634;primary;1;1.0;1;11938.0;51.0;0;1;7.0
3635;primary;0;0.0;1;8513.0;50.0;1;1;12.0
3636;primary;1;;0;6501.0;50.0;0;1;10.0
3637;higher;1;1.0;1;5524.0;50.0;0;1;4.0
3638;higher;1;1.0;0;9458.0;45.0;0;0;13.0
3639;secondary;0;0.0;1;3326.0;36.0;1;1;6.0
3640;higher;1;1.0;0;7246.0;44.0;0;1;3.0
3641;primary;1;1.0;0;13123.0;50.0;0;0;
3642;higher;1;1.0;0;7666.0;44.0;0;1;6.0
3643;primary;1;0.0;0;9693.0;59.0;0;1;10.0
3644;primary;1;0.0;0;9659.0;42.0;0;0;9.0
3645;higher;1;1.0;1;11017.0;48.0;0;1;11.0
3646;secondary;0;0.0;0;6424.0;50.0;1;1;6.0
3647;secondary;1;1.0;0;10860.0;52.0;0;1;11.0
3648;secondary;0;0.0;1;8979.0;45.0;0;1;14.0
3649;higher;1;0.0;1;5706.0;51.0;0;1;8.0
3650;primary;1;1.0;1;7121.0;49.0;1;1;11.0
3651;secondary;1;1.0;0;7194.0;59.0;0;0;0.0
3652;primary;1;0.0;0;11578.0;50.0;0;1;9.0
3653;primary;1;0.0;0;7268.0;66.0;0;1;12.0
3654;higher;0;1.0;0;8692.0;46.0;0;1;10.0
3655;secondary;1;1.0;0;8561.0;45.0;0;1;3.0
3656;higher;1;1.0;1;5975.0;43.0;0;1;9.0
3657;primary;1;0.0;1;7340.0;47.0;0;1;7.0
3658;secondary;1;0.0;0;7554.0;56.0;0;1;6.0
3659;secondary;0;1.0;1;8776.0;48.0;0;1;3.0
3660;secondary;1;1.0;1;6272.0;49.0;1;1;10.0
3661;secondary;0;1.0;1;6302.0;58.0;0;0;10.0
3662;higher;1;0.0;0;11687.0;42.0;0;1;9.0
3663;primary;1;0.0;0;8182.0;39.0;0;1;6.0
3664;primary;1;1.0;0;5548.0;52.0;0;1;9.0
3665;primary;1;;1;6876.0;56.0;0;0;
3666;primary;1;0.0;1;8453.0;56.0;1;1;18.0
3667;secondary;0;0.0;0;9379.0;61.0;0;1;12.0
3668;secondary;0;0.0;0;6917.0;39.0;1;1;5.0
3669;primary;0;0.0;0;5891.0;43.0;0;0;7.0
3670;primary;1;0.0;0;6943.0;55.0;0;1;5.0
3671;secondary;0;0.0;0;10658.0;60.0;0;1;8.0
3672;primary;1;1.0;0;12347.0;50.0;0;1;
3673;higher;1;0.0;0;9498.0;54.0;0;1;5.0
3674;primary;0;0.0;0;10220.0;48.0;0;1;7.0
3675;higher;1;1.0;0;6888.0;;0;1;10.0
3676;higher;1;0.0;0;7786.0;58.0;0;0;
3677;secondary;1;1.0;1;10459.0;45.0;0;0;2.0
3678;higher;1;1.0;0;3979.0;44.0;0;0;
3679;secondary;1;1.0;1;5493.0;60.0;0;1;11.0
3680;higher;0;1.0;0;7877.0;54.0;0;0;12.0
3681;primary;0;0.0;0;8963.0;54.0;0;1;0.0
3682;secondary;1;0.0;0;9780.0;46.0;0;1;13.0
3683;primary;0;0.0;0;6907.0;50.0;0;1;5.0
3684;secondary;0;0.0;1;8958.0;55.0;0;1;11.0
3685;primary;1;0.0;0;7138.0;58.0;0;1;5.0
3686;secondary;1;0.0;0;13286.0;52.0;0;1;7.0
3687;higher;1;0.0;0;7104.0;58.0;0;1;8.0
3688;secondary;1;0.0;1;10939.0;48.0;0;1;8.0
3689;secondary;0;1.0;0;12485.0;53.0;0;1;7.0
3690;primary;1;0.0;0;7537.0;;1;1;9.0
3691;higher;0;1.0;0;14102.0;47.0;0;1;0.0
3692;secondary;0;0.0;0;8284.0;54.0;0;1;4.0
3693;secondary;1;1.0;1;7643.0;63.0;0;1;8.0
3694;secondary;0;0.0;0;8454.0;54.0;0;0;13.0
3695;primary;0;;1;12029.0;46.0;0;1;5.0
3696;secondary;1;1.0;1;7528.0;43.0;0;0;7.0
3697;higher;0;1.0;0;6493.0;54.0;0;0;9.0
3698;secondary;1;1.0;0;5574.0;42.0;0;1;11.0
3699;secondary;0;1.0;0;8113.0;48.0;0;1;2.0
3700;higher;1;1.0;0;8657.0;48.0;0;1;9.0
3701;primary;1;0.0;1;10345.0;42.0;0;1;7.0
3702;higher;1;1.0;1;16100.0;50.0;0;1;7.0
3703;higher;0;1.0;1;12437.0;43.0;0;0;6.0
3704;primary;0;0.0;1;10728.0;53.0;0;0;12.0
3705;higher;1;0.0;0;6981.0;65.0;1;1;12.0
3706;primary;0;1.0;0;6825.0;52.0;0;1;12.0
3707;secondary;1;1.0;0;;50.0;0;1;6.0
3708;primary;1;0.0;0;11163.0;48.0;0;0;27.0
3709;secondary;1;1.0;0;6922.0;49.0;0;1;
3710;higher;1;0.0;0;6165.0;46.0;0;1;1.0
3711;secondary;1;0.0;1;11455.0;58.0;0;1;6.0
3712;primary;0;1.0;0;5258.0;;1;1;7.0
3713;secondary;0;1.0;0;6693.0;55.0;0;0;2.0
3714;primary;1;0.0;0;6737.0;53.0;0;0;13.0
3715;primary;0;0.0;1;10269.0;47.0;0;0;5.0
3716;higher;0;1.0;1;7433.0;36.0;0;1;10.0
3717;higher;0;1.0;0;8814.0;57.0;0;1;7.0
3718;higher;1;1.0;1;6921.0;52.0;1;1;8.0
3719;secondary;0;0.0;0;5971.0;60.0;0;1;9.0
3720;primary;1;0.0;1;11302.0;57.0;0;1;10.0
3721;primary;0;1.0;0;10824.0;50.0;1;1;3.0
3722;higher;1;1.0;0;6310.0;57.0;1;1;11.0
3723;higher;1;0.0;0;6337.0;43.0;0;1;5.0
3724;secondary;0;0.0;0;11775.0;58.0;0;1;11.0
3725;higher;0;1.0;0;6842.0;51.0;0;1;7.0
3726;higher;1;0.0;0;5470.0;43.0;1;0;6.0
3727;higher;0;0.0;0;6417.0;54.0;0;1;5.0
3728;primary;1;1.0;0;7634.0;58.0;0;1;0.0
3729;secondary;0;1.0;1;6728.0;42.0;1;1;16.0
3730;secondary;0;1.0;1;4601.0;63.0;1;1;10.0
3731;primary;1;1.0;0;9376.0;61.0;1;0;7.0
3732;higher;1;1.0;1;14098.0;40.0;0;1;9.0
3733;primary;1;0.0;0;7196.0;42.0;1;1;8.0
3734;higher;1;0.0;1;6750.0;68.0;0;1;9.0
3735;secondary;1;1.0;0;7044.0;50.0;0;1;7.0
3736;secondary;1;0.0;0;7371.0;42.0;1;1;9.0
3737;secondary;1;1.0;0;9757.0;51.0;0;1;0.0
3738;higher;1;1.0;0;9680.0;43.0;0;1;8.0
3739;secondary;0;1.0;0;7470.0;44.0;0;1;
3740;higher;1;1.0;1;13272.0;44.0;0;1;6.0
3741;primary;0;1.0;0;6762.0;53.0;0;1;12.0
3742;higher;1;1.0;1;8253.0;49.0;0;1;8.0
3743;secondary;1;0.0;0;9373.0;57.0;0;1;4.0
3744;secondary;0;1.0;0;6407.0;52.0;0;1;3.0
3745;higher;0;0.0;0;6145.0;36.0;1;0;4.0
3746;primary;1;1.0;1;5781.0;48.0;0;1;8.0
3747;secondary;0;0.0;1;8326.0;53.0;0;1;1.0
3748;secondary;1;0.0;0;7319.0;50.0;0;1;
3749;secondary;1;1.0;1;6105.0;51.0;0;1;10.0
3750;higher;0;1.0;1;10356.0;55.0;0;1;14.0
3751;primary;0;0.0;0;10961.0;52.0;1;1;9.0
3752;secondary;0;0.0;0;7233.0;48.0;0;1;12.0
3753;secondary;1;0.0;0;;51.0;0;0;10.0
3754;primary;1;0.0;1;6804.0;58.0;0;0;8.0
3755;secondary;1;0.0;0;7315.0;53.0;0;0;12.0
3756;primary;1;0.0;0;10854.0;57.0;0;1;0.0
3757;higher;0;0.0;1;8538.0;45.0;0;1;13.0
3758;secondary;1;1.0;0;9171.0;59.0;0;1;12.0
3759;higher;0;1.0;1;7529.0;54.0;0;1;8.0
3760;secondary;0;0.0;0;6470.0;49.0;0;1;1.0
3761;secondary;1;1.0;1;8585.0;53.0;0;1;6.0
3762;secondary;0;0.0;0;7874.0;69.0;1;0;31.0
3763;higher;1;0.0;0;9446.0;;0;1;3.0
3764;secondary;1;0.0;0;6028.0;58.0;1;1;4.0
3765;primary;1;0.0;0;6152.0;55.0;0;1;0.0
3766;primary;1;1.0;0;9548.0;52.0;0;0;4.0
3767;higher;0;1.0;1;7561.0;61.0;0;0;6.0
3768;higher;0;0.0;1;7418.0;60.0;1;1;11.0
3769;secondary;1;1.0;1;7100.0;56.0;1;1;8.0
3770;higher;1;0.0;0;10775.0;60.0;0;1;11.0
3771;secondary;1;1.0;1;4948.0;39.0;1;1;12.0
3772;primary;0;1.0;1;6931.0;60.0;0;0;4.0
3773;primary;1;0.0;0;11890.0;56.0;0;1;7.0
3774;secondary;0;0.0;1;10402.0;50.0;0;1;4.0
3775;primary;1;1.0;0;8830.0;51.0;0;1;8.0
3776;higher;1;1.0;0;7242.0;56.0;0;1;6.0
3777;secondary;0;0.0;0;6321.0;57.0;0;1;
3778;higher;0;0.0;0;6357.0;59.0;0;1;7.0
3779;secondary;0;0.0;0;10386.0;52.0;0;1;11.0
3780;primary;1;1.0;0;7911.0;56.0;0;1;15.0
3781;primary;1;;0;9538.0;64.0;0;1;9.0
3782;primary;1;0.0;0;8812.0;53.0;0;1;10.0
3783;primary;1;0.0;1;6915.0;63.0;0;1;0.0
3784;secondary;1;1.0;0;8292.0;51.0;0;1;17.0
3785;primary;1;1.0;0;8500.0;51.0;0;1;16.0
3786;primary;0;0.0;1;10206.0;35.0;0;0;5.0
3787;secondary;1;0.0;1;6944.0;51.0;0;0;11.0
3788;secondary;1;1.0;0;12825.0;44.0;0;1;9.0
3789;primary;1;1.0;0;7836.0;41.0;1;1;3.0
3790;higher;1;0.0;0;7714.0;59.0;0;0;27.0
3791;primary;1;0.0;0;9521.0;57.0;0;1;9.0
3792;higher;1;0.0;0;8715.0;48.0;0;1;5.0
3793;higher;1;1.0;0;6720.0;45.0;0;1;7.0
3794;higher;0;0.0;0;11647.0;45.0;0;1;12.0
3795;primary;0;1.0;0;8022.0;52.0;0;1;9.0
3796;higher;1;0.0;0;8925.0;53.0;0;1;16.0
3797;primary;1;1.0;0;5978.0;54.0;0;1;10.0
3798;higher;1;0.0;0;8807.0;48.0;0;1;9.0
3799;primary;1;0.0;0;8915.0;51.0;0;1;11.0
3800;secondary;1;0.0;0;6575.0;56.0;0;1;11.0
3801;higher;1;0.0;1;7222.0;62.0;0;0;5.0
3802;secondary;1;0.0;1;8673.0;56.0;0;1;11.0
3803;higher;0;0.0;0;6836.0;;0;1;6.0
3804;secondary;0;1.0;0;5580.0;49.0;1;1;10.0
3805;higher;1;1.0;0;9861.0;52.0;0;1;12.0
3806;primary;1;1.0;1;6628.0;53.0;0;1;14.0
3807;primary;0;1.0;0;12012.0;47.0;0;1;14.0
3808;secondary;0;0.0;0;6676.0;57.0;0;1;4.0
3809;primary;1;1.0;1;8175.0;65.0;0;0;10.0
3810;primary;1;0.0;0;6647.0;42.0;1;1;11.0
3811;higher;1;0.0;0;7506.0;48.0;1;0;11.0
3812;secondary;0;1.0;0;7485.0;55.0;0;1;8.0
3813;secondary;1;0.0;0;7362.0;56.0;0;1;9.0
3814;secondary;1;0.0;0;7503.0;51.0;0;1;10.0
3815;secondary;0;1.0;0;10173.0;49.0;0;1;0.0
3816;secondary;0;1.0;1;5849.0;62.0;0;1;10.0
3817;higher;1;1.0;1;7376.0;68.0;0;1;2.0
3818;higher;1;1.0;0;10122.0;49.0;0;0;
3819;secondary;1;1.0;0;6593.0;48.0;0;1;7.0
3820;higher;1;1.0;0;9304.0;49.0;0;1;1.0
3821;higher;1;0.0;1;10930.0;48.0;0;0;10.0
3822;primary;1;0.0;0;7283.0;52.0;0;1;8.0
3823;higher;1;1.0;0;7505.0;36.0;1;1;12.0
3824;secondary;0;0.0;0;6134.0;52.0;0;1;9.0
3825;primary;1;1.0;0;7334.0;;0;0;9.0
3826;primary;1;1.0;1;9182.0;50.0;1;0;3.0
3827;primary;0;1.0;0;7778.0;42.0;0;0;7.0
3828;primary;1;0.0;0;8002.0;47.0;0;1;7.0
3829;secondary;0;1.0;0;7042.0;37.0;1;1;5.0
3830;higher;1;0.0;1;5936.0;58.0;0;1;10.0
3831;primary;0;1.0;0;7202.0;56.0;0;1;4.0
3832;secondary;1;1.0;1;5493.0;57.0;1;1;10.0
3833;higher;1;1.0;0;10587.0;43.0;0;1;13.0
3834;secondary;0;0.0;0;10476.0;45.0;0;1;1.0
3835;higher;1;0.0;1;5804.0;63.0;0;1;8.0
3836;secondary;1;0.0;1;8951.0;55.0;0;1;6.0
3837;higher;1;0.0;1;10433.0;48.0;0;1;11.0
3838;secondary;1;0.0;0;7577.0;50.0;0;1;9.0
3839;secondary;0;0.0;0;10135.0;54.0;0;1;0.0
3840;higher;1;0.0;0;7681.0;57.0;0;1;10.0
3841;secondary;1;0.0;0;11201.0;52.0;0;1;
3842;secondary;0;1.0;1;10002.0;50.0;0;1;0.0
3843;higher;0;0.0;1;7451.0;36.0;1;1;8.0
3844;secondary;0;1.0;0;5454.0;58.0;0;1;11.0
3845;primary;0;1.0;1;6269.0;57.0;0;1;0.0
3846;primary;0;0.0;0;7182.0;52.0;0;1;4.0
3847;primary;1;0.0;0;12511.0;49.0;0;1;4.0
3848;secondary;1;1.0;1;8283.0;59.0;1;1;10.0
3849;primary;1;0.0;0;6380.0;60.0;0;0;
3850;higher;0;0.0;0;7661.0;39.0;0;0;11.0
3851;secondary;1;0.0;0;11054.0;37.0;0;1;5.0
3852;higher;0;0.0;1;6455.0;55.0;1;1;8.0
3853;secondary;0;0.0;0;7242.0;44.0;0;1;
3854;secondary;1;0.0;1;13314.0;53.0;0;1;1.0
3855;higher;0;1.0;0;9723.0;58.0;0;0;10.0
3856;primary;1;1.0;0;7498.0;54.0;0;1;2.0
3857;secondary;1;0.0;0;6782.0;48.0;1;1;
3858;secondary;0;1.0;1;7588.0;62.0;1;0;3.0
3859;higher;0;1.0;0;8341.0;61.0;0;1;12.0
3860;higher;1;1.0;0;7742.0;43.0;0;1;12.0
3861;secondary;0;0.0;0;5208.0;42.0;1;1;11.0
3862;primary;1;0.0;1;9149.0;49.0;0;0;
3863;higher;0;1.0;0;7328.0;49.0;0;0;10.0
3864;higher;0;0.0;0;8076.0;54.0;0;1;
3865;primary;1;1.0;0;6532.0;52.0;0;0;9.0
3866;primary;0;1.0;0;11619.0;52.0;0;1;10.0
3867;primary;0;0.0;0;9925.0;50.0;0;1;3.0
3868;higher;1;0.0;1;7301.0;49.0;0;1;11.0
3869;secondary;0;0.0;0;10259.0;56.0;0;1;4.0
3870;higher;1;1.0;0;5408.0;46.0;0;0;4.0
3871;primary;1;0.0;0;4955.0;42.0;0;1;6.0
3872;primary;1;0.0;0;8710.0;;0;1;6.0
3873;primary;1;0.0;1;9264.0;49.0;0;0;8.0
3874;higher;1;1.0;1;11031.0;52.0;0;1;0.0
3875;primary;0;1.0;0;11296.0;51.0;0;1;33.0
3876;higher;1;0.0;0;13458.0;38.0;0;1;0.0
3877;secondary;1;0.0;0;7065.0;56.0;0;1;11.0
3878;primary;1;0.0;1;8381.0;57.0;0;1;3.0
3879;higher;0;0.0;1;11306.0;47.0;0;1;10.0
3880;primary;1;1.0;0;8107.0;51.0;0;1;8.0
3881;primary;1;1.0;0;6364.0;47.0;0;1;3.0
3882;higher;1;0.0;0;8530.0;50.0;0;0;12.0
3883;secondary;1;0.0;1;11585.0;;0;1;
3884;higher;0;;0;8694.0;46.0;0;1;12.0
3885;secondary;1;0.0;0;13382.0;48.0;0;1;9.0
3886;secondary;0;1.0;0;10113.0;57.0;0;1;11.0
3887;higher;1;0.0;1;5458.0;52.0;0;1;
3888;secondary;0;1.0;0;6090.0;47.0;0;1;12.0
3889;secondary;1;0.0;0;6247.0;52.0;0;0;0.0
3890;primary;1;1.0;0;9994.0;51.0;0;1;8.0
3891;primary;1;1.0;0;6314.0;43.0;0;1;8.0
3892;secondary;0;0.0;0;7184.0;57.0;0;1;2.0
3893;secondary;1;1.0;0;7656.0;45.0;1;1;12.0
3894;secondary;1;1.0;0;10712.0;50.0;0;0;1.0
3895;primary;1;0.0;0;9693.0;53.0;0;1;10.0
3896;secondary;0;0.0;0;6327.0;57.0;1;0;
3897;higher;0;0.0;0;5574.0;62.0;0;0;39.0
3898;higher;0;0.0;0;10202.0;43.0;0;0;9.0
3899;secondary;1;1.0;0;8138.0;49.0;0;1;
3900;secondary;1;0.0;0;12100.0;30.0;0;1;14.0
3901;secondary;0;0.0;0;13164.0;47.0;0;0;7.0
3902;higher;1;1.0;0;10578.0;54.0;0;1;1.0
3903;primary;1;0.0;1;7759.0;53.0;0;1;11.0
3904;secondary;1;0.0;0;6540.0;54.0;0;1;3.0
3905;secondary;0;0.0;0;10628.0;50.0;0;1;5.0
3906;higher;0;;0;5736.0;52.0;0;0;8.0
3907;primary;1;1.0;0;8691.0;59.0;0;0;14.0
3908;higher;1;0.0;1;6993.0;45.0;0;1;3.0
3909;primary;1;0.0;0;9339.0;60.0;0;0;10.0
3910;primary;1;0.0;1;6965.0;52.0;0;0;11.0
3911;higher;1;1.0;0;12219.0;46.0;0;1;39.0
3912;primary;1;0.0;0;8186.0;46.0;0;1;6.0
3913;higher;1;1.0;0;8087.0;44.0;1;0;9.0
3914;primary;0;0.0;1;6761.0;49.0;0;1;9.0
3915;secondary;1;1.0;0;8918.0;54.0;0;1;11.0
3916;primary;1;1.0;0;7740.0;55.0;0;1;2.0
3917;secondary;1;0.0;0;5666.0;54.0;0;1;
3918;higher;0;1.0;1;8280.0;51.0;1;1;10.0
3919;secondary;1;1.0;1;8621.0;51.0;0;0;4.0
3920;secondary;0;1.0;1;7621.0;66.0;0;1;13.0
3921;higher;1;0.0;0;10173.0;46.0;0;1;8.0
3922;secondary;1;0.0;1;11097.0;52.0;0;1;
3923;primary;1;0.0;0;11539.0;51.0;0;0;9.0
3924;primary;1;1.0;0;5371.0;52.0;0;1;9.0
3925;primary;1;0.0;0;6782.0;47.0;0;1;9.0
3926;primary;0;1.0;0;6907.0;54.0;0;0;9.0
3927;higher;1;1.0;1;5865.0;49.0;0;1;0.0
3928;higher;1;1.0;1;8698.0;41.0;0;1;9.0
3929;secondary;1;1.0;0;8758.0;48.0;1;1;13.0
3930;higher;1;0.0;1;;52.0;0;1;6.0
3931;higher;0;1.0;0;7552.0;45.0;0;0;0.0
3932;primary;1;1.0;1;7084.0;51.0;0;1;5.0
3933;secondary;0;1.0;1;11217.0;41.0;0;1;12.0
3934;secondary;1;0.0;1;8098.0;49.0;0;1;7.0
3935;secondary;1;1.0;0;8820.0;53.0;0;1;8.0
3936;primary;0;0.0;0;6607.0;60.0;0;1;
3937;primary;1;1.0;1;12156.0;44.0;0;1;13.0
3938;higher;1;0.0;0;7323.0;49.0;0;1;14.0
3939;higher;1;0.0;1;9364.0;56.0;0;1;12.0
3940;secondary;1;1.0;0;8695.0;61.0;0;1;8.0
3941;primary;1;1.0;0;5841.0;61.0;0;1;5.0
3942;secondary;0;0.0;1;8693.0;58.0;0;1;5.0
3943;secondary;1;0.0;0;7861.0;57.0;0;1;0.0
3944;higher;1;0.0;0;5763.0;45.0;0;0;1.0
3945;secondary;1;1.0;1;9024.0;56.0;0;1;10.0
3946;primary;1;1.0;0;11191.0;48.0;0;0;5.0
3947;primary;1;0.0;1;8986.0;55.0;0;1;12.0
3948;higher;1;0.0;0;6464.0;66.0;0;0;10.0
3949;higher;0;1.0;0;7341.0;57.0;0;1;5.0
3950;secondary;1;0.0;1;7249.0;54.0;0;1;12.0
3951;primary;0;0.0;0;7979.0;53.0;0;1;10.0
3952;higher;0;0.0;1;5997.0;61.0;0;1;0.0
3953;secondary;1;1.0;1;5417.0;56.0;0;1;12.0
3954;secondary;1;1.0;1;11146.0;49.0;1;1;6.0
3955;primary;1;0.0;0;7575.0;62.0;0;1;7.0
3956;secondary;1;1.0;1;7844.0;59.0;1;1;11.0
3957;primary;1;1.0;0;5457.0;54.0;0;1;10.0
3958;secondary;0;1.0;0;9039.0;47.0;1;1;4.0
3959;primary;1;1.0;0;8235.0;62.0;0;1;
3960;secondary;0;1.0;1;8814.0;48.0;1;1;10.0
3961;secondary;1;1.0;0;8064.0;53.0;0;1;15.0
3962;primary;1;1.0;1;3100.0;56.0;1;1;
3963;primary;0;0.0;1;10311.0;46.0;0;1;12.0
3964;secondary;1;0.0;1;6372.0;55.0;1;1;
3965;higher;0;0.0;0;8577.0;47.0;0;0;8.0
3966;secondary;1;0.0;1;11890.0;54.0;0;1;14.0
3967;higher;1;1.0;1;7843.0;59.0;0;1;0.0
3968;primary;1;1.0;0;7059.0;60.0;1;1;5.0
3969;higher;1;1.0;0;4312.0;36.0;1;1;11.0
3970;secondary;0;1.0;1;7582.0;47.0;0;1;10.0
3971;secondary;0;1.0;1;8628.0;59.0;0;1;
3972;primary;0;0.0;1;8608.0;60.0;0;1;7.0
3973;higher;0;0.0;0;6738.0;55.0;0;0;3.0
3974;higher;1;1.0;1;6936.0;56.0;0;1;5.0
3975;primary;0;0.0;0;7670.0;52.0;0;1;6.0
3976;primary;0;0.0;0;7839.0;46.0;0;1;10.0
3977;higher;1;1.0;1;6607.0;38.0;1;0;9.0
3978;secondary;1;1.0;0;6895.0;55.0;0;1;6.0
3979;secondary;1;;0;9712.0;56.0;0;1;8.0
3980;primary;1;0.0;0;8443.0;57.0;0;1;13.0
3981;higher;0;1.0;0;9221.0;54.0;0;1;7.0
3982;higher;1;1.0;0;11655.0;51.0;0;0;10.0
3983;higher;0;1.0;0;8430.0;59.0;0;1;6.0
3984;higher;1;1.0;0;8431.0;47.0;0;1;12.0
3985;primary;1;1.0;0;8070.0;64.0;0;1;10.0
3986;secondary;1;;0;;56.0;0;1;14.0
3987;higher;1;1.0;0;9335.0;58.0;0;1;0.0
3988;secondary;1;1.0;0;11840.0;46.0;0;1;6.0
3989;primary;0;0.0;1;10119.0;52.0;0;1;2.0
3990;higher;0;1.0;1;11176.0;43.0;0;1;
3991;higher;1;1.0;1;7700.0;49.0;0;1;1.0
3992;secondary;1;1.0;0;8249.0;46.0;0;1;
3993;secondary;1;0.0;0;7623.0;48.0;0;0;9.0
3994;primary;1;0.0;0;5341.0;48.0;0;1;8.0
3995;higher;1;1.0;1;5852.0;52.0;1;1;0.0
3996;primary;1;0.0;0;7593.0;51.0;0;1;5.0
3997;secondary;0;1.0;0;9898.0;;0;1;8.0
3998;primary;0;1.0;1;10865.0;53.0;1;1;19.0
3999;higher;1;0.0;0;11763.0;45.0;0;0;5.0
4000;secondary;0;1.0;1;10413.0;53.0;1;1;12.0
4001;higher;0;1.0;1;7833.0;39.0;1;1;10.0
4002;secondary;0;0.0;0;9377.0;48.0;0;1;7.0
4003;primary;1;1.0;1;10003.0;47.0;0;1;5.0
4004;higher;0;0.0;1;6443.0;37.0;1;0;0.0
4005;primary;1;1.0;0;4990.0;50.0;1;1;9.0
4006;higher;1;0.0;0;7606.0;50.0;1;1;
4007;primary;1;0.0;0;7394.0;49.0;0;1;5.0
4008;higher;1;0.0;0;6645.0;58.0;0;1;2.0
4009;primary;1;1.0;1;7839.0;;0;1;0.0
4010;primary;1;0.0;0;6945.0;60.0;0;1;0.0
4011;primary;1;0.0;0;13621.0;47.0;1;1;11.0
4012;higher;0;1.0;0;8485.0;50.0;0;0;7.0
4013;primary;1;1.0;0;9858.0;52.0;1;1;7.0
4014;secondary;0;0.0;0;10758.0;57.0;0;0;7.0
4015;secondary;1;0.0;0;7575.0;49.0;0;1;9.0
4016;higher;1;0.0;0;6730.0;;0;1;12.0
4017;higher;1;0.0;1;7534.0;60.0;0;0;12.0
4018;higher;1;1.0;0;10560.0;59.0;0;1;9.0
4019;higher;1;1.0;0;7757.0;48.0;0;1;11.0
4020;primary;1;1.0;0;;40.0;0;0;10.0
4021;higher;0;0.0;0;7245.0;53.0;0;1;11.0
4022;secondary;0;0.0;1;11826.0;48.0;0;1;4.0
4023;secondary;1;1.0;0;11496.0;45.0;0;1;10.0
4024;secondary;1;0.0;0;11101.0;54.0;0;1;8.0
4025;secondary;1;0.0;0;8421.0;60.0;0;1;8.0
4026;secondary;0;0.0;1;6566.0;59.0;0;0;5.0
4027;secondary;1;0.0;1;6834.0;45.0;0;1;9.0
4028;secondary;0;0.0;1;6109.0;49.0;0;1;7.0
4029;higher;0;0.0;0;5327.0;44.0;0;1;7.0
4030;higher;1;0.0;0;9240.0;54.0;0;1;3.0
4031;secondary;1;0.0;0;11117.0;54.0;0;1;11.0
4032;primary;1;1.0;0;7615.0;46.0;0;1;10.0
4033;higher;1;1.0;0;7739.0;58.0;0;1;14.0
4034;primary;1;0.0;0;9396.0;48.0;0;1;10.0
4035;higher;1;1.0;0;12594.0;55.0;0;1;9.0
4036;higher;0;0.0;1;7928.0;45.0;0;1;7.0
4037;secondary;1;1.0;1;10759.0;51.0;0;1;13.0
4038;primary;0;1.0;0;5829.0;52.0;0;1;29.0
4039;higher;1;0.0;0;10373.0;51.0;0;1;9.0
4040;secondary;1;1.0;1;5525.0;50.0;0;1;10.0
4041;secondary;0;0.0;1;7389.0;57.0;1;0;4.0
4042;secondary;1;0.0;0;7230.0;50.0;0;0;8.0
4043;secondary;0;1.0;0;6252.0;57.0;0;1;2.0
4044;primary;1;1.0;1;10209.0;51.0;0;0;13.0
4045;secondary;1;0.0;1;9370.0;50.0;1;1;0.0
4046;higher;0;0.0;1;10100.0;52.0;1;1;13.0
4047;higher;1;0.0;1;10021.0;42.0;0;1;8.0
4048;secondary;0;0.0;0;10005.0;63.0;0;1;12.0
4049;primary;0;0.0;0;8171.0;63.0;0;0;10.0
4050;higher;1;1.0;0;6935.0;48.0;0;1;4.0
4051;secondary;1;0.0;1;6556.0;58.0;0;1;27.0
4052;secondary;0;1.0;1;7165.0;62.0;0;1;10.0
4053;secondary;0;1.0;0;10363.0;53.0;0;0;6.0
4054;secondary;1;0.0;0;8252.0;55.0;0;1;14.0
4055;secondary;0;0.0;1;6048.0;61.0;1;0;13.0
4056;higher;1;1.0;0;10699.0;47.0;0;1;12.0
4057;higher;0;1.0;0;8817.0;44.0;1;1;3.0
4058;higher;0;0.0;1;13834.0;41.0;0;1;12.0
4059;secondary;0;0.0;0;5573.0;60.0;0;1;10.0
4060;secondary;1;1.0;0;8654.0;55.0;0;1;4.0
4061;secondary;0;1.0;1;7828.0;45.0;1;1;8.0
4062;secondary;1;1.0;1;6256.0;53.0;0;1;8.0
4063;higher;0;1.0;0;6841.0;50.0;0;1;7.0
4064;secondary;1;1.0;0;7774.0;59.0;0;1;2.0
4065;higher;0;1.0;0;8215.0;43.0;1;1;4.0
4066;primary;1;0.0;1;7141.0;54.0;1;1;7.0
4067;secondary;1;1.0;0;6479.0;50.0;0;0;5.0
4068;secondary;1;1.0;0;12552.0;60.0;0;0;8.0
4069;primary;1;0.0;1;12556.0;45.0;0;1;6.0
4070;higher;1;1.0;0;11383.0;41.0;0;1;9.0
4071;primary;0;1.0;0;5672.0;58.0;1;1;11.0
4072;secondary;1;0.0;0;6030.0;46.0;1;1;10.0
4073;primary;1;1.0;0;10855.0;47.0;0;1;0.0
4074;secondary;0;0.0;0;9312.0;56.0;0;1;5.0
4075;secondary;1;0.0;0;12434.0;57.0;0;1;5.0
4076;primary;1;0.0;0;11844.0;48.0;0;1;8.0
4077;secondary;1;0.0;0;11825.0;53.0;0;1;4.0
4078;secondary;1;1.0;0;8684.0;57.0;0;1;
4079;secondary;0;1.0;1;5817.0;55.0;0;1;
4080;secondary;1;1.0;0;5827.0;53.0;0;1;13.0
4081;higher;1;1.0;1;13868.0;43.0;0;1;6.0
4082;higher;1;1.0;1;6508.0;52.0;0;1;7.0
4083;higher;1;1.0;0;12026.0;57.0;0;1;5.0
4084;higher;0;0.0;0;11595.0;39.0;0;1;12.0
4085;secondary;1;;0;11012.0;57.0;0;0;11.0
4086;higher;0;0.0;0;8485.0;55.0;0;1;4.0
4087;secondary;0;0.0;0;7609.0;43.0;0;1;0.0
4088;higher;1;0.0;0;6449.0;49.0;1;1;8.0
4089;higher;1;0.0;0;10673.0;54.0;0;1;11.0
4090;secondary;0;1.0;0;8210.0;;0;1;11.0
4091;primary;1;0.0;1;12799.0;53.0;0;1;11.0
4092;primary;1;0.0;0;5767.0;40.0;0;1;7.0
4093;primary;0;1.0;0;8835.0;43.0;0;1;8.0
4094;secondary;0;0.0;0;12669.0;49.0;0;1;9.0
4095;primary;1;;0;14028.0;46.0;0;1;11.0
4096;secondary;1;1.0;0;5890.0;53.0;0;1;21.0
4097;secondary;1;1.0;0;10167.0;59.0;0;1;6.0
4098;secondary;0;1.0;1;5323.0;50.0;1;1;
4099;secondary;1;0.0;0;5691.0;62.0;0;1;9.0
4100;primary;0;1.0;0;6284.0;57.0;0;1;11.0
4101;secondary;0;0.0;1;5465.0;57.0;0;0;14.0
4102;primary;1;1.0;1;8710.0;51.0;0;1;10.0
4103;secondary;0;1.0;0;10709.0;36.0;0;1;7.0
4104;higher;1;0.0;0;5424.0;41.0;1;1;34.0
4105;higher;1;1.0;1;8678.0;44.0;0;1;7.0
4106;primary;1;1.0;0;7562.0;52.0;0;1;7.0
4107;secondary;1;0.0;0;6575.0;68.0;1;1;7.0
4108;secondary;1;1.0;0;9128.0;50.0;0;1;13.0
4109;primary;0;1.0;0;7900.0;55.0;0;1;8.0
4110;primary;0;1.0;0;8253.0;44.0;0;1;9.0
4111;secondary;0;0.0;0;10467.0;54.0;0;1;7.0
4112;higher;1;0.0;0;6840.0;49.0;0;1;
4113;primary;0;1.0;0;6391.0;59.0;0;1;23.0
4114;higher;1;1.0;1;9659.0;48.0;0;1;7.0
4115;higher;0;1.0;0;9899.0;52.0;0;1;10.0
4116;secondary;1;0.0;0;8320.0;53.0;0;1;9.0
4117;higher;1;0.0;1;8371.0;46.0;0;1;9.0
4118;secondary;1;1.0;1;7168.0;50.0;0;1;
4119;secondary;0;0.0;0;5555.0;53.0;0;1;7.0
4120;secondary;1;0.0;1;4573.0;54.0;1;0;13.0
4121;higher;0;1.0;1;8678.0;53.0;0;1;11.0
4122;higher;1;0.0;1;6005.0;34.0;1;1;0.0
4123;higher;1;0.0;1;7203.0;52.0;0;1;11.0
4124;higher;0;0.0;0;6498.0;50.0;0;1;4.0
4125;primary;0;0.0;0;11653.0;49.0;0;1;7.0
4126;primary;1;1.0;0;8688.0;;0;1;11.0
4127;higher;0;1.0;0;10779.0;45.0;0;1;7.0
4128;primary;1;0.0;1;;64.0;0;1;14.0
4129;higher;1;0.0;0;11257.0;54.0;0;1;12.0
4130;higher;0;1.0;0;5577.0;51.0;1;1;5.0
4131;higher;0;1.0;1;7307.0;59.0;0;1;
4132;primary;0;0.0;0;6915.0;48.0;0;1;7.0
4133;secondary;1;1.0;0;6334.0;50.0;0;1;9.0
4134;primary;1;1.0;0;7585.0;49.0;0;1;8.0
4135;primary;0;0.0;0;7213.0;52.0;0;1;9.0
4136;primary;1;1.0;1;8750.0;53.0;0;1;1.0
4137;secondary;1;1.0;0;;53.0;0;1;11.0
4138;higher;1;;0;9699.0;52.0;0;1;14.0
4139;primary;0;0.0;1;8855.0;49.0;1;1;13.0
4140;secondary;1;1.0;1;6254.0;56.0;0;1;3.0
4141;higher;1;0.0;1;6953.0;62.0;0;1;11.0
4142;secondary;1;1.0;0;9847.0;44.0;0;1;
4143;secondary;1;1.0;0;8391.0;55.0;1;1;5.0
4144;primary;1;1.0;1;6435.0;62.0;0;1;7.0
4145;secondary;0;1.0;0;7304.0;44.0;0;1;9.0
4146;secondary;1;0.0;0;6387.0;42.0;0;0;2.0
4147;higher;1;0.0;0;12634.0;44.0;0;1;2.0
4148;higher;1;1.0;0;8061.0;45.0;0;1;12.0
4149;secondary;0;0.0;0;9177.0;49.0;0;1;24.0
4150;secondary;1;1.0;1;10342.0;47.0;0;1;9.0
4151;higher;1;1.0;0;7131.0;54.0;0;1;
4152;higher;0;0.0;0;7798.0;42.0;0;1;2.0
4153;secondary;1;0.0;0;8332.0;63.0;0;1;4.0
4154;higher;1;1.0;0;9730.0;44.0;0;0;20.0
4155;primary;0;1.0;0;6087.0;53.0;0;1;4.0
4156;primary;0;1.0;0;13934.0;47.0;0;0;11.0
4157;higher;0;1.0;0;6768.0;49.0;0;1;6.0
4158;secondary;0;1.0;1;6229.0;51.0;1;1;8.0
4159;primary;1;0.0;0;10956.0;50.0;0;1;10.0
4160;secondary;0;1.0;0;8097.0;58.0;0;1;12.0
4161;secondary;0;;1;10788.0;43.0;0;0;7.0
4162;higher;1;;1;7624.0;47.0;0;0;8.0
4163;primary;1;0.0;1;11909.0;;0;1;6.0
4164;secondary;0;0.0;0;9559.0;58.0;1;0;12.0
4165;secondary;0;0.0;1;6077.0;54.0;0;1;5.0
4166;primary;1;0.0;0;5773.0;53.0;0;0;4.0
4167;primary;1;1.0;0;7046.0;61.0;0;1;4.0
4168;primary;0;;0;7257.0;50.0;0;1;7.0
4169;primary;1;1.0;1;9598.0;57.0;0;0;5.0
4170;higher;1;0.0;1;8266.0;36.0;1;0;28.0
4171;higher;0;0.0;0;4699.0;44.0;0;0;8.0
4172;higher;1;0.0;1;9194.0;34.0;0;1;
4173;primary;1;1.0;0;7791.0;56.0;0;1;6.0
4174;secondary;1;1.0;0;7642.0;50.0;0;0;9.0
4175;primary;0;0.0;1;7390.0;52.0;0;1;4.0
4176;primary;1;0.0;0;8932.0;50.0;0;1;
4177;primary;0;0.0;0;8549.0;54.0;0;1;8.0
4178;higher;1;0.0;0;6740.0;60.0;0;1;
4179;primary;1;1.0;0;7784.0;54.0;0;1;
4180;higher;1;0.0;0;10734.0;45.0;0;1;8.0
4181;secondary;1;1.0;0;11532.0;56.0;0;1;0.0
4182;higher;0;1.0;0;7648.0;54.0;0;1;14.0
4183;secondary;0;;0;8836.0;63.0;1;1;8.0
4184;primary;1;1.0;1;7000.0;60.0;0;1;25.0
4185;secondary;1;0.0;1;9598.0;51.0;0;1;2.0
4186;secondary;1;1.0;1;8958.0;36.0;1;1;7.0
4187;primary;1;1.0;0;7729.0;59.0;0;1;12.0
4188;primary;1;0.0;1;5327.0;43.0;1;1;13.0
4189;primary;1;1.0;0;5998.0;42.0;0;1;1.0
4190;higher;1;1.0;0;;53.0;0;1;13.0
4191;higher;1;0.0;0;12493.0;48.0;0;1;6.0
4192;primary;1;1.0;0;7442.0;52.0;0;1;6.0
4193;higher;1;1.0;1;9827.0;52.0;0;0;12.0
4194;secondary;1;1.0;0;6925.0;70.0;0;0;0.0
4195;secondary;1;1.0;0;10132.0;58.0;0;1;1.0
4196;primary;1;1.0;1;6614.0;45.0;0;0;15.0
4197;higher;0;1.0;1;5844.0;59.0;1;1;
4198;secondary;0;0.0;0;7926.0;52.0;0;0;3.0
4199;higher;1;1.0;1;8583.0;42.0;0;1;
4200;secondary;1;0.0;1;6419.0;40.0;0;1;18.0
4201;secondary;0;1.0;1;4529.0;54.0;0;1;7.0
4202;secondary;1;0.0;0;12828.0;43.0;0;1;15.0
4203;higher;1;;0;9709.0;42.0;0;0;6.0
4204;higher;0;0.0;1;11077.0;;0;1;
4205;primary;1;0.0;0;8978.0;60.0;0;1;3.0
4206;primary;1;1.0;1;14385.0;51.0;0;1;24.0
4207;secondary;0;0.0;0;7744.0;27.0;0;1;10.0
4208;secondary;1;1.0;1;5911.0;50.0;1;1;
4209;secondary;1;0.0;1;11396.0;53.0;0;1;12.0
4210;secondary;1;1.0;0;8099.0;54.0;0;1;9.0
4211;secondary;1;;0;10693.0;49.0;0;0;2.0
4212;higher;0;1.0;0;11753.0;58.0;0;1;18.0
4213;secondary;1;1.0;0;8380.0;;0;0;10.0
4214;higher;1;;0;8170.0;56.0;0;1;8.0
4215;secondary;1;1.0;0;7828.0;57.0;0;0;4.0
4216;primary;1;0.0;0;;46.0;0;1;14.0
4217;higher;1;1.0;0;9663.0;42.0;0;1;10.0
4218;primary;0;0.0;0;5975.0;51.0;0;1;9.0
4219;primary;0;1.0;0;6457.0;42.0;0;1;
4220;primary;1;0.0;0;7382.0;59.0;0;1;11.0
4221;primary;1;1.0;0;6618.0;56.0;0;1;13.0
4222;secondary;1;1.0;1;7381.0;53.0;0;1;10.0
4223;secondary;0;0.0;0;8433.0;58.0;0;0;4.0
4224;secondary;1;0.0;0;5447.0;59.0;0;1;3.0
4225;higher;1;0.0;0;11904.0;50.0;0;1;8.0
4226;primary;0;1.0;0;7187.0;49.0;0;1;6.0
4227;secondary;0;1.0;0;9963.0;58.0;0;0;7.0
4228;higher;1;0.0;0;8000.0;57.0;0;0;11.0
4229;primary;1;0.0;0;9070.0;50.0;0;1;3.0
4230;primary;1;1.0;0;7004.0;48.0;0;1;
4231;higher;1;0.0;1;6904.0;40.0;0;1;8.0
4232;secondary;1;0.0;1;7409.0;51.0;0;1;4.0
4233;higher;1;1.0;0;7640.0;51.0;0;1;9.0
4234;higher;0;1.0;0;8339.0;54.0;0;1;10.0
4235;primary;1;1.0;1;6350.0;49.0;0;1;6.0
4236;primary;1;0.0;0;7547.0;56.0;1;1;6.0
4237;primary;0;0.0;0;12753.0;42.0;0;1;2.0
4238;higher;1;1.0;0;7549.0;51.0;0;1;9.0
4239;secondary;0;1.0;1;8079.0;61.0;0;1;12.0
4240;higher;1;0.0;0;8299.0;52.0;0;1;10.0
4241;primary;0;1.0;0;6822.0;51.0;0;1;11.0
4242;primary;1;1.0;0;7801.0;45.0;0;1;15.0
4243;secondary;1;0.0;1;7030.0;52.0;1;1;4.0
4244;primary;0;1.0;0;;44.0;0;1;9.0
4245;secondary;1;0.0;0;;68.0;0;1;5.0
4246;secondary;0;1.0;1;9457.0;52.0;0;1;5.0
4247;secondary;1;1.0;0;7379.0;51.0;0;1;6.0
4248;secondary;1;1.0;1;10457.0;54.0;1;1;10.0
4249;higher;0;0.0;0;7018.0;37.0;1;1;4.0
4250;higher;1;1.0;1;5430.0;40.0;1;1;
4251;higher;0;0.0;1;7163.0;47.0;0;1;8.0
4252;primary;0;1.0;0;8510.0;48.0;0;1;
4253;primary;1;1.0;0;7841.0;45.0;0;1;7.0
4254;secondary;0;0.0;0;5419.0;54.0;0;1;9.0
4255;higher;1;0.0;0;5215.0;46.0;0;1;7.0
4256;secondary;0;1.0;0;6518.0;54.0;0;1;9.0
4257;primary;1;1.0;1;5260.0;53.0;1;1;10.0
4258;secondary;0;0.0;0;6410.0;44.0;0;1;7.0
4259;primary;1;0.0;0;9612.0;50.0;1;1;
4260;higher;0;0.0;1;6439.0;58.0;0;1;
4261;higher;1;0.0;1;10497.0;56.0;0;1;10.0
4262;primary;0;1.0;0;6775.0;39.0;1;1;32.0
4263;higher;1;0.0;1;8764.0;62.0;0;0;7.0
4264;higher;1;0.0;1;10969.0;53.0;0;0;9.0
4265;higher;1;0.0;0;6931.0;57.0;0;1;
4266;higher;1;1.0;1;7791.0;48.0;0;1;6.0
4267;higher;1;0.0;0;8037.0;47.0;0;1;8.0
4268;secondary;1;1.0;0;6355.0;55.0;0;1;10.0
4269;higher;1;0.0;0;11595.0;48.0;0;1;27.0
4270;primary;1;0.0;0;10037.0;63.0;0;1;7.0
4271;higher;1;0.0;0;6590.0;66.0;0;1;11.0
4272;secondary;1;0.0;0;7839.0;56.0;0;0;7.0
4273;higher;1;0.0;0;5640.0;52.0;0;1;6.0
4274;higher;0;1.0;0;7825.0;57.0;0;1;6.0
4275;higher;1;1.0;1;6933.0;42.0;1;0;13.0
4276;secondary;1;1.0;0;7859.0;47.0;0;0;11.0
4277;higher;1;1.0;0;6841.0;36.0;0;1;3.0
4278;higher;1;0.0;0;5684.0;43.0;0;1;12.0
4279;secondary;1;1.0;0;6541.0;55.0;0;1;10.0
4280;secondary;1;0.0;0;12436.0;45.0;0;1;7.0
4281;secondary;0;0.0;1;8625.0;52.0;0;0;5.0
4282;primary;0;1.0;0;9191.0;50.0;0;1;9.0
4283;secondary;1;0.0;0;6952.0;49.0;0;1;0.0
4284;secondary;1;1.0;0;5649.0;55.0;0;1;3.0
4285;primary;0;0.0;0;7219.0;59.0;0;1;10.0
4286;higher;1;1.0;0;7421.0;55.0;0;1;9.0
4287;higher;1;1.0;1;5858.0;46.0;0;1;7.0
4288;higher;0;0.0;0;8013.0;50.0;0;1;3.0
4289;secondary;0;0.0;0;8690.0;62.0;0;1;10.0
4290;primary;1;0.0;0;11317.0;48.0;0;1;
4291;higher;0;0.0;0;8316.0;51.0;0;1;10.0
4292;secondary;1;0.0;1;9411.0;50.0;0;1;11.0
4293;primary;1;0.0;1;6187.0;51.0;0;1;9.0
4294;higher;1;0.0;0;7054.0;47.0;0;1;5.0
4295;primary;1;1.0;0;8912.0;49.0;0;1;
4296;secondary;0;1.0;0;11403.0;51.0;0;1;10.0
4297;higher;1;0.0;0;7653.0;56.0;0;1;11.0
4298;higher;1;0.0;0;8779.0;53.0;0;1;8.0
4299;primary;0;1.0;1;11040.0;52.0;1;1;5.0
4300;higher;1;1.0;1;11169.0;44.0;0;1;9.0
4301;higher;1;0.0;0;8940.0;45.0;0;1;5.0
4302;secondary;1;0.0;0;7866.0;68.0;1;1;14.0
4303;secondary;1;0.0;0;9888.0;43.0;0;1;
4304;secondary;1;0.0;1;10773.0;41.0;0;1;9.0
4305;secondary;0;0.0;1;8030.0;64.0;1;1;7.0
4306;primary;0;1.0;1;12747.0;50.0;0;1;13.0
4307;secondary;0;1.0;0;7406.0;52.0;0;1;9.0
4308;secondary;1;1.0;0;7457.0;55.0;0;0;10.0
4309;higher;1;1.0;0;6713.0;46.0;1;1;11.0
4310;higher;0;1.0;1;11227.0;54.0;0;1;9.0
4311;primary;1;1.0;0;8977.0;53.0;0;1;9.0
4312;higher;1;1.0;1;9320.0;35.0;1;1;4.0
4313;higher;1;1.0;1;9987.0;45.0;0;1;13.0
4314;higher;0;1.0;0;5386.0;65.0;0;1;6.0
4315;primary;1;1.0;0;8854.0;;0;1;14.0
4316;secondary;0;1.0;0;5147.0;59.0;0;1;0.0
4317;secondary;0;0.0;1;10527.0;61.0;0;1;5.0
4318;primary;0;0.0;0;5229.0;63.0;0;0;16.0
4319;primary;0;1.0;0;6494.0;56.0;0;1;
4320;secondary;1;0.0;0;6826.0;;0;1;3.0
4321;higher;1;1.0;0;5121.0;54.0;0;1;
4322;higher;1;1.0;0;6960.0;53.0;0;1;11.0
4323;secondary;0;0.0;0;6307.0;59.0;0;1;10.0
4324;secondary;1;1.0;1;8101.0;53.0;0;1;13.0
4325;secondary;1;1.0;0;11282.0;51.0;0;1;
4326;higher;0;0.0;1;7550.0;53.0;0;0;11.0
4327;primary;0;1.0;1;;63.0;0;1;10.0
4328;primary;1;1.0;0;8202.0;48.0;0;1;8.0
4329;secondary;0;0.0;0;7143.0;53.0;0;1;8.0
4330;secondary;1;1.0;0;6828.0;59.0;0;1;22.0
4331;primary;0;1.0;0;7190.0;62.0;0;0;5.0
4332;higher;1;1.0;1;11015.0;48.0;0;0;12.0
4333;primary;1;0.0;0;4453.0;57.0;0;1;10.0
4334;primary;1;0.0;0;12817.0;59.0;0;0;11.0
4335;secondary;1;1.0;0;6898.0;59.0;0;1;2.0
4336;primary;1;;1;10307.0;50.0;0;1;13.0
4337;secondary;0;1.0;0;5089.0;49.0;0;1;7.0
4338;higher;0;1.0;1;8975.0;45.0;0;1;
4339;secondary;1;0.0;1;6489.0;47.0;0;1;16.0
4340;primary;0;1.0;0;6338.0;52.0;0;1;10.0
4341;secondary;1;1.0;1;8373.0;61.0;0;1;9.0
4342;primary;0;0.0;0;10368.0;57.0;0;0;7.0
4343;primary;1;1.0;0;7589.0;48.0;0;1;11.0
4344;higher;0;0.0;0;11624.0;51.0;0;1;10.0
4345;secondary;1;1.0;0;9914.0;51.0;0;1;11.0
4346;higher;0;1.0;0;5524.0;53.0;1;1;11.0
4347;higher;1;1.0;1;7290.0;53.0;0;1;11.0
4348;higher;0;0.0;0;10769.0;45.0;0;1;6.0
4349;higher;1;1.0;0;6182.0;56.0;0;1;11.0
4350;higher;0;0.0;1;10940.0;46.0;0;1;
4351;higher;1;0.0;0;10940.0;55.0;0;1;9.0
4352;secondary;0;1.0;0;10085.0;49.0;0;1;0.0
4353;primary;1;1.0;1;9255.0;48.0;1;1;10.0
4354;higher;0;0.0;1;13025.0;50.0;0;1;
4355;primary;1;1.0;0;5795.0;38.0;0;1;
4356;higher;1;0.0;0;6918.0;46.0;0;0;9.0
4357;primary;1;1.0;0;12888.0;43.0;0;1;9.0
4358;secondary;0;0.0;0;7552.0;51.0;0;1;5.0
4359;higher;0;1.0;0;8550.0;55.0;0;1;3.0
4360;primary;1;1.0;0;8308.0;47.0;0;0;
4361;primary;1;1.0;1;7739.0;50.0;1;1;7.0
4362;primary;1;0.0;0;4439.0;33.0;1;1;4.0
4363;secondary;0;1.0;1;7543.0;50.0;0;0;7.0
4364;primary;0;0.0;1;7057.0;50.0;0;0;6.0
4365;higher;0;1.0;0;6035.0;52.0;0;1;9.0
4366;primary;1;1.0;0;6621.0;46.0;0;1;10.0
4367;higher;1;1.0;0;10946.0;53.0;0;0;8.0
4368;higher;0;1.0;0;7189.0;42.0;0;1;6.0
4369;primary;1;0.0;0;10113.0;43.0;0;1;8.0
4370;primary;1;1.0;0;9321.0;47.0;0;1;10.0
4371;higher;1;1.0;1;7191.0;46.0;1;1;9.0
4372;higher;0;0.0;0;8026.0;51.0;0;1;
4373;primary;1;0.0;1;7875.0;48.0;0;0;37.0
4374;secondary;0;1.0;0;;49.0;0;0;0.0
4375;higher;0;1.0;0;6607.0;55.0;0;0;4.0
4376;higher;1;0.0;0;9340.0;51.0;1;1;11.0
4377;primary;1;0.0;1;;49.0;0;1;5.0
4378;primary;0;0.0;0;12512.0;49.0;0;1;2.0
4379;secondary;0;1.0;1;12099.0;54.0;0;1;9.0
4380;higher;1;1.0;0;6036.0;;0;0;
4381;higher;0;0.0;0;;45.0;1;1;10.0
4382;primary;1;1.0;0;9593.0;45.0;0;0;7.0
4383;primary;0;1.0;1;6532.0;40.0;0;0;5.0
4384;secondary;1;;0;7058.0;47.0;0;1;8.0
4385;primary;0;1.0;0;11120.0;47.0;1;0;6.0
4386;primary;1;0.0;0;6325.0;52.0;0;0;14.0
4387;primary;1;0.0;1;7662.0;52.0;1;0;10.0
4388;secondary;1;1.0;1;6527.0;61.0;0;0;9.0
4389;secondary;1;0.0;1;2331.0;48.0;1;1;10.0
4390;higher;0;0.0;0;9802.0;59.0;0;1;2.0
4391;secondary;1;1.0;0;7866.0;47.0;0;1;10.0
4392;higher;0;0.0;0;5180.0;44.0;1;1;28.0
4393;higher;1;0.0;0;8216.0;61.0;0;1;14.0
4394;primary;0;0.0;0;7984.0;48.0;0;1;1.0
4395;higher;1;1.0;0;13154.0;52.0;0;1;2.0
4396;secondary;0;1.0;1;7430.0;57.0;1;1;7.0
4397;secondary;1;1.0;1;10221.0;60.0;0;1;
4398;higher;0;0.0;0;8284.0;52.0;0;1;11.0
4399;secondary;1;1.0;0;8345.0;47.0;1;1;11.0
4400;secondary;1;1.0;0;6918.0;58.0;0;1;23.0
4401;secondary;1;1.0;1;7336.0;52.0;1;1;5.0
4402;secondary;0;0.0;0;8732.0;52.0;0;1;7.0
4403;secondary;1;1.0;0;7004.0;62.0;1;0;9.0
4404;higher;1;1.0;1;7524.0;43.0;1;1;3.0
4405;secondary;0;0.0;0;7409.0;52.0;0;1;11.0
4406;higher;1;1.0;0;5526.0;55.0;0;1;
4407;primary;1;0.0;0;6349.0;52.0;0;1;12.0
4408;higher;1;1.0;0;14443.0;42.0;0;1;7.0
4409;higher;0;1.0;1;7554.0;59.0;0;1;13.0
4410;secondary;1;0.0;0;9316.0;50.0;0;1;1.0
4411;secondary;1;0.0;1;8040.0;68.0;0;0;9.0
4412;primary;0;1.0;0;8001.0;63.0;0;1;2.0
4413;primary;0;1.0;0;7385.0;47.0;0;1;7.0
4414;secondary;1;1.0;1;7031.0;49.0;0;1;13.0
4415;higher;0;0.0;0;10919.0;53.0;0;1;5.0
4416;secondary;0;1.0;0;9988.0;46.0;0;1;8.0
4417;secondary;0;0.0;0;6888.0;48.0;0;1;12.0
4418;primary;1;1.0;0;8020.0;57.0;0;1;
4419;higher;1;0.0;1;10652.0;62.0;1;1;35.0
4420;higher;1;0.0;1;6419.0;43.0;0;1;10.0
4421;primary;1;0.0;1;5158.0;59.0;0;1;4.0
4422;higher;1;0.0;0;6166.0;53.0;0;1;7.0
4423;primary;1;1.0;0;9602.0;49.0;0;0;11.0
4424;secondary;0;;0;7575.0;57.0;0;1;4.0
4425;secondary;1;0.0;0;7192.0;38.0;1;1;10.0
4426;secondary;0;0.0;1;9505.0;50.0;0;1;10.0
4427;higher;1;1.0;0;7083.0;57.0;1;1;9.0
4428;higher;0;1.0;0;6935.0;51.0;0;1;8.0
4429;higher;0;1.0;1;8724.0;44.0;1;1;0.0
4430;higher;1;1.0;0;11502.0;51.0;0;0;5.0
4431;higher;1;0.0;0;10014.0;56.0;0;1;15.0
4432;higher;0;1.0;1;6214.0;40.0;1;0;13.0
4433;higher;0;0.0;1;9226.0;61.0;0;0;6.0
4434;higher;0;0.0;1;6957.0;44.0;0;0;10.0
4435;primary;0;0.0;1;11176.0;53.0;0;1;11.0
4436;higher;0;0.0;0;11316.0;47.0;0;1;5.0
4437;higher;0;1.0;1;7323.0;39.0;1;1;6.0
4438;primary;1;0.0;0;10830.0;47.0;0;1;3.0
4439;secondary;1;1.0;1;5229.0;33.0;1;1;11.0
4440;primary;0;1.0;1;6342.0;57.0;0;1;7.0
4441;higher;1;1.0;1;8318.0;44.0;1;1;1.0
4442;secondary;1;0.0;1;6147.0;57.0;0;1;12.0
4443;primary;1;0.0;0;8113.0;41.0;0;1;10.0
4444;primary;1;0.0;1;7685.0;46.0;1;1;11.0
4445;secondary;1;0.0;1;8323.0;51.0;1;1;3.0
4446;higher;1;0.0;0;9646.0;51.0;0;1;8.0
4447;secondary;0;0.0;1;8586.0;40.0;1;1;2.0
4448;secondary;1;0.0;0;4644.0;61.0;1;1;6.0
4449;higher;0;1.0;0;7652.0;50.0;0;1;5.0
4450;secondary;1;1.0;0;7948.0;60.0;0;1;13.0
4451;secondary;0;0.0;0;8099.0;50.0;0;1;7.0
4452;secondary;1;1.0;0;5057.0;48.0;0;1;6.0
4453;higher;1;0.0;1;4736.0;41.0;1;1;10.0
4454;secondary;0;0.0;0;7565.0;52.0;0;1;26.0
4455;higher;1;1.0;0;6572.0;66.0;0;1;
4456;primary;1;1.0;0;7452.0;;0;0;11.0
4457;higher;0;0.0;0;5598.0;42.0;1;1;
4458;secondary;1;0.0;0;7210.0;59.0;0;1;8.0
4459;secondary;0;1.0;0;6482.0;55.0;0;1;9.0
4460;secondary;1;0.0;1;6364.0;48.0;1;1;15.0
4461;higher;1;1.0;0;9358.0;57.0;0;1;9.0
4462;primary;0;0.0;0;6698.0;60.0;0;1;8.0
4463;secondary;1;1.0;0;8108.0;44.0;0;1;4.0
4464;primary;1;0.0;0;7904.0;59.0;0;1;23.0
4465;secondary;0;0.0;0;7552.0;64.0;1;1;11.0
4466;secondary;0;0.0;1;7173.0;45.0;0;0;37.0
4467;higher;0;0.0;0;4435.0;55.0;0;1;11.0
4468;primary;0;1.0;0;11174.0;53.0;0;0;4.0
4469;primary;1;1.0;1;10287.0;59.0;1;1;10.0
4470;secondary;1;0.0;0;5344.0;53.0;1;1;9.0
4471;primary;0;1.0;0;8500.0;56.0;0;0;7.0
4472;higher;1;0.0;0;5238.0;;0;0;8.0
4473;secondary;1;0.0;1;6492.0;51.0;1;1;10.0
4474;primary;1;0.0;0;8638.0;49.0;0;0;
4475;secondary;1;0.0;0;6236.0;58.0;0;1;9.0
4476;secondary;1;1.0;0;12400.0;51.0;0;0;8.0
4477;higher;0;0.0;1;7618.0;47.0;0;1;7.0
4478;higher;0;1.0;0;10659.0;56.0;0;1;0.0
4479;higher;1;0.0;0;7153.0;42.0;1;0;6.0
4480;higher;1;0.0;0;10302.0;52.0;0;1;12.0
4481;higher;0;1.0;1;10431.0;51.0;1;1;5.0
4482;higher;0;1.0;0;9724.0;46.0;1;1;13.0
4483;higher;0;0.0;0;12913.0;43.0;0;1;5.0
4484;higher;1;0.0;1;6740.0;49.0;0;1;8.0
4485;higher;0;0.0;0;10770.0;;0;0;6.0
4486;higher;1;1.0;1;;37.0;1;0;5.0
4487;secondary;0;0.0;0;6065.0;34.0;0;1;2.0
4488;secondary;0;1.0;0;4729.0;40.0;1;1;
4489;higher;1;1.0;0;8090.0;56.0;0;0;13.0
4490;higher;1;1.0;1;6520.0;44.0;0;1;4.0
4491;secondary;1;1.0;0;7366.0;55.0;0;1;10.0
4492;secondary;1;1.0;1;6521.0;;0;1;7.0
4493;secondary;0;0.0;0;10642.0;59.0;0;1;5.0
4494;primary;1;0.0;1;9401.0;31.0;1;1;3.0
4495;primary;1;0.0;1;9207.0;56.0;0;1;11.0
4496;secondary;1;0.0;0;9755.0;50.0;0;1;15.0
4497;primary;1;0.0;1;6686.0;48.0;1;1;9.0
4498;primary;0;0.0;0;7792.0;;1;1;3.0
4499;secondary;0;0.0;0;11230.0;57.0;0;1;8.0
4500;primary;1;0.0;0;5882.0;54.0;0;1;7.0
4501;higher;0;1.0;0;10144.0;51.0;0;1;8.0
4502;secondary;1;0.0;1;6960.0;56.0;0;1;3.0
4503;primary;1;1.0;1;10570.0;51.0;0;1;13.0
4504;higher;0;1.0;1;6067.0;53.0;1;1;9.0
4505;secondary;0;1.0;0;13495.0;50.0;0;1;10.0
4506;primary;0;0.0;0;10142.0;46.0;0;1;1.0
4507;higher;1;0.0;0;11709.0;40.0;0;1;6.0
4508;higher;1;0.0;0;9103.0;46.0;0;1;9.0
4509;secondary;1;1.0;0;10383.0;41.0;0;1;7.0
4510;primary;0;0.0;0;6828.0;58.0;0;1;9.0
4511;secondary;1;0.0;0;6362.0;59.0;0;1;1.0
4512;higher;1;0.0;0;7968.0;59.0;0;0;8.0
4513;secondary;0;1.0;0;10146.0;61.0;0;1;10.0
4514;secondary;0;0.0;0;7603.0;51.0;1;1;14.0
4515;primary;1;1.0;0;8577.0;;0;1;8.0
4516;secondary;1;1.0;0;7053.0;63.0;0;1;11.0
4517;secondary;1;1.0;0;7884.0;;0;1;11.0
4518;primary;0;1.0;0;14447.0;45.0;0;1;2.0
4519;higher;1;0.0;1;4724.0;42.0;0;1;9.0
4520;secondary;1;0.0;0;7792.0;55.0;0;0;12.0
4521;primary;1;1.0;1;7402.0;59.0;0;1;38.0
4522;higher;0;0.0;0;8396.0;42.0;0;1;10.0
4523;higher;1;0.0;1;7158.0;43.0;0;1;9.0
4524;secondary;1;1.0;0;6292.0;56.0;0;1;4.0
4525;secondary;1;1.0;1;8503.0;60.0;0;1;7.0
4526;secondary;1;0.0;0;6389.0;52.0;0;1;7.0
4527;higher;1;1.0;0;6122.0;48.0;0;1;
4528;primary;0;0.0;1;7743.0;57.0;0;1;21.0
4529;secondary;0;1.0;0;5821.0;;1;1;7.0
4530;primary;1;0.0;1;6291.0;52.0;0;0;6.0
4531;higher;1;1.0;0;7046.0;59.0;0;0;10.0
4532;primary;0;1.0;0;7732.0;;0;1;8.0
4533;primary;1;0.0;0;7601.0;54.0;0;1;11.0
4534;secondary;1;0.0;0;7911.0;44.0;0;0;8.0
4535;primary;1;1.0;1;6595.0;62.0;0;1;10.0
4536;primary;0;1.0;0;8896.0;47.0;0;0;6.0
4537;higher;0;1.0;0;8055.0;50.0;0;1;9.0
4538;secondary;1;0.0;1;7405.0;58.0;1;1;8.0
4539;primary;0;1.0;0;;47.0;0;1;8.0
4540;higher;0;0.0;0;6095.0;45.0;0;1;
4541;secondary;0;1.0;0;4148.0;45.0;0;1;7.0
4542;primary;0;0.0;0;6966.0;53.0;0;0;3.0
4543;secondary;1;0.0;0;6092.0;49.0;0;1;7.0
4544;higher;1;0.0;1;9121.0;48.0;0;1;
4545;primary;1;0.0;0;7123.0;48.0;0;1;20.0
4546;secondary;0;0.0;0;7479.0;57.0;0;1;3.0
4547;primary;1;0.0;1;8121.0;60.0;1;1;5.0
4548;secondary;1;1.0;1;7546.0;50.0;1;1;7.0
4549;primary;1;0.0;1;5626.0;58.0;0;1;4.0
4550;primary;1;1.0;1;5912.0;;0;1;0.0
4551;primary;1;0.0;0;9266.0;55.0;0;0;9.0
4552;primary;0;0.0;0;5953.0;51.0;0;0;0.0
4553;secondary;0;0.0;1;6529.0;58.0;0;1;
4554;higher;0;0.0;1;5920.0;42.0;0;1;16.0
4555;secondary;0;0.0;1;7274.0;53.0;1;1;7.0
4556;secondary;1;1.0;0;6810.0;46.0;0;1;12.0
4557;secondary;0;0.0;0;9421.0;50.0;0;1;6.0
4558;higher;1;1.0;0;7571.0;42.0;0;1;8.0
4559;higher;0;0.0;0;7571.0;55.0;0;0;14.0
4560;secondary;1;1.0;0;9232.0;45.0;0;1;11.0
4561;primary;1;0.0;0;5819.0;;1;1;
4562;secondary;1;1.0;0;12090.0;53.0;0;1;10.0
4563;primary;1;0.0;0;8722.0;51.0;0;0;11.0
4564;primary;0;1.0;1;7764.0;52.0;0;1;8.0
4565;secondary;0;1.0;0;10783.0;46.0;0;0;12.0
4566;secondary;0;1.0;1;7165.0;47.0;1;0;10.0
4567;primary;1;1.0;0;8347.0;58.0;0;1;6.0
4568;secondary;0;;1;9170.0;57.0;0;1;6.0
4569;higher;0;1.0;0;6537.0;52.0;0;1;4.0
4570;higher;0;0.0;1;7793.0;33.0;1;1;
4571;higher;1;0.0;0;12276.0;;0;1;24.0
4572;primary;1;0.0;0;6342.0;50.0;0;1;5.0
4573;higher;1;0.0;1;7799.0;30.0;1;1;11.0
4574;secondary;0;0.0;0;8736.0;49.0;0;0;9.0
4575;secondary;0;1.0;0;5665.0;55.0;0;1;10.0
4576;primary;0;1.0;1;7081.0;35.0;1;1;1.0
4577;secondary;0;0.0;1;7361.0;45.0;0;1;11.0
4578;primary;1;1.0;0;11130.0;47.0;0;1;7.0
4579;primary;0;0.0;0;11518.0;51.0;0;1;9.0
4580;higher;1;1.0;0;6870.0;55.0;0;1;5.0
4581;secondary;1;0.0;1;6763.0;58.0;1;1;6.0
4582;higher;1;1.0;0;13619.0;48.0;0;1;10.0
4583;higher;1;0.0;0;5903.0;52.0;0;1;4.0
4584;primary;1;;0;9620.0;55.0;0;1;
4585;secondary;1;1.0;0;12555.0;47.0;0;1;7.0
4586;primary;1;0.0;0;11921.0;46.0;0;1;3.0
4587;secondary;0;0.0;1;8622.0;45.0;0;1;13.0
4588;higher;1;1.0;0;6867.0;55.0;0;1;7.0
4589;secondary;1;1.0;1;7411.0;58.0;0;1;9.0
4590;primary;1;1.0;1;8295.0;48.0;0;1;10.0
4591;secondary;1;0.0;1;5379.0;21.0;1;1;
4592;primary;1;0.0;0;6568.0;57.0;0;0;11.0
4593;higher;0;1.0;1;6471.0;49.0;0;1;1.0
4594;higher;1;1.0;0;9011.0;49.0;0;1;7.0
4595;higher;1;1.0;0;;55.0;1;1;7.0
4596;secondary;1;1.0;0;8989.0;61.0;0;1;11.0
4597;higher;1;0.0;1;6267.0;56.0;0;1;12.0
4598;higher;0;0.0;0;8607.0;61.0;0;0;3.0
4599;secondary;0;1.0;0;;62.0;0;1;12.0
4600;primary;0;;0;7388.0;59.0;0;1;0.0
4601;higher;1;0.0;1;8786.0;51.0;0;1;5.0
4602;higher;1;0.0;0;7226.0;52.0;0;0;7.0
4603;primary;1;1.0;0;6829.0;58.0;0;1;5.0
4604;primary;0;1.0;1;10813.0;48.0;0;1;13.0
4605;higher;0;1.0;0;7858.0;48.0;1;1;0.0
4606;secondary;1;0.0;0;10777.0;55.0;0;1;3.0
4607;secondary;1;0.0;1;7707.0;51.0;0;0;9.0
4608;secondary;1;1.0;1;10696.0;49.0;0;1;3.0
4609;primary;1;1.0;1;6726.0;58.0;1;1;8.0
4610;primary;1;1.0;0;6262.0;49.0;0;1;11.0
4611;higher;1;0.0;0;9028.0;44.0;0;1;10.0
4612;primary;0;0.0;1;8543.0;58.0;0;1;14.0
4613;secondary;0;1.0;1;7277.0;54.0;0;1;21.0
4614;secondary;1;1.0;0;5564.0;;0;0;
4615;higher;1;1.0;1;7081.0;49.0;0;1;2.0
4616;higher;1;1.0;1;9923.0;57.0;1;0;9.0
4617;secondary;1;1.0;0;6926.0;56.0;0;1;11.0
4618;secondary;0;0.0;0;12011.0;47.0;0;0;9.0
4619;higher;1;1.0;0;9523.0;55.0;0;1;9.0
4620;secondary;0;1.0;0;5049.0;61.0;0;0;10.0
4621;primary;0;0.0;0;8653.0;63.0;0;1;
4622;secondary;1;1.0;1;5372.0;54.0;0;0;9.0
4623;secondary;1;0.0;0;5952.0;52.0;0;1;7.0
4624;primary;1;1.0;0;8061.0;54.0;0;1;8.0
4625;primary;1;0.0;0;12047.0;55.0;0;1;5.0
4626;higher;0;0.0;1;8413.0;63.0;0;1;6.0
4627;secondary;1;0.0;1;8079.0;55.0;0;1;5.0
4628;secondary;0;0.0;0;7454.0;65.0;0;1;0.0
4629;secondary;1;1.0;0;7965.0;49.0;0;1;5.0
4630;higher;1;0.0;0;8086.0;47.0;0;1;
4631;secondary;0;1.0;0;5664.0;55.0;0;0;11.0
4632;secondary;1;0.0;1;8223.0;58.0;0;1;9.0
4633;higher;1;0.0;0;6026.0;65.0;0;1;7.0
4634;secondary;1;0.0;0;7726.0;41.0;0;1;5.0
4635;secondary;0;0.0;0;7743.0;59.0;1;1;9.0
4636;secondary;0;1.0;0;8166.0;57.0;0;1;11.0
4637;higher;1;1.0;0;9326.0;52.0;1;1;
4638;primary;1;0.0;0;9027.0;42.0;0;1;2.0
4639;secondary;0;1.0;0;12188.0;45.0;0;0;12.0
4640;secondary;1;0.0;0;7115.0;50.0;0;1;7.0
4641;secondary;1;1.0;0;10848.0;49.0;0;1;9.0
4642;secondary;0;0.0;0;12258.0;51.0;0;1;29.0
4643;higher;1;1.0;0;6108.0;49.0;0;1;2.0
4644;higher;1;0.0;1;6504.0;;0;1;10.0
4645;secondary;1;1.0;1;5596.0;45.0;1;0;7.0
4646;secondary;0;0.0;0;9470.0;58.0;0;1;7.0
4647;primary;0;0.0;0;6469.0;56.0;0;1;
4648;secondary;1;0.0;1;7273.0;48.0;0;1;7.0
4649;higher;0;1.0;1;8133.0;44.0;0;1;8.0
4650;higher;0;0.0;0;10302.0;61.0;0;1;9.0
4651;secondary;0;0.0;0;10676.0;55.0;0;1;7.0
4652;higher;1;0.0;0;11340.0;47.0;0;1;6.0
4653;higher;0;0.0;0;5845.0;63.0;0;1;11.0
4654;secondary;1;1.0;0;6386.0;44.0;0;1;6.0
4655;secondary;1;0.0;0;7098.0;46.0;0;1;8.0
4656;primary;1;0.0;0;6496.0;48.0;1;1;13.0
4657;secondary;1;0.0;0;11313.0;50.0;0;1;14.0
4658;primary;1;0.0;0;12676.0;56.0;0;1;12.0
4659;higher;1;1.0;0;11016.0;49.0;0;1;8.0
4660;higher;1;1.0;0;7599.0;45.0;0;1;5.0
4661;secondary;1;0.0;0;6712.0;53.0;0;1;1.0
4662;secondary;1;0.0;1;10907.0;51.0;1;1;7.0
4663;secondary;0;1.0;1;6979.0;41.0;0;1;9.0
4664;secondary;0;1.0;1;8475.0;49.0;0;0;8.0
4665;higher;1;1.0;0;8092.0;54.0;0;1;11.0
4666;higher;0;0.0;1;5707.0;60.0;0;1;10.0
4667;secondary;1;1.0;0;7416.0;51.0;0;1;
4668;primary;1;1.0;1;6613.0;50.0;0;1;11.0
4669;secondary;0;1.0;0;7219.0;52.0;0;0;10.0
4670;higher;1;1.0;0;5536.0;46.0;0;0;11.0
4671;secondary;1;1.0;1;9247.0;49.0;1;0;5.0
4672;higher;0;1.0;0;11453.0;57.0;0;1;10.0
4673;secondary;1;1.0;0;6340.0;59.0;0;1;
4674;primary;1;0.0;0;7373.0;50.0;0;1;
4675;primary;1;1.0;0;6810.0;48.0;0;0;0.0
4676;secondary;1;0.0;0;10273.0;51.0;0;1;13.0
4677;primary;1;0.0;0;8090.0;46.0;0;1;12.0
4678;higher;1;0.0;1;8996.0;47.0;1;1;3.0
4679;higher;0;0.0;0;6789.0;51.0;0;1;23.0
4680;secondary;1;0.0;0;4377.0;52.0;0;0;9.0
4681;secondary;0;0.0;0;8439.0;49.0;0;1;8.0
4682;higher;0;1.0;0;8059.0;43.0;0;1;14.0
4683;secondary;1;1.0;0;10274.0;49.0;0;1;
4684;higher;1;0.0;0;9902.0;56.0;1;1;12.0
4685;higher;0;1.0;0;6984.0;54.0;0;1;5.0
4686;primary;0;1.0;0;5405.0;50.0;0;0;5.0
4687;secondary;1;1.0;0;10518.0;53.0;0;1;5.0
4688;secondary;1;1.0;1;8013.0;58.0;1;1;5.0
4689;primary;1;0.0;0;10400.0;49.0;1;1;
4690;secondary;1;1.0;1;6787.0;31.0;1;1;10.0
4691;secondary;1;0.0;0;9845.0;49.0;0;1;7.0
4692;higher;1;0.0;0;12381.0;48.0;0;0;8.0
4693;higher;0;1.0;1;6271.0;;1;0;6.0
4694;secondary;1;0.0;1;7854.0;39.0;1;1;1.0
4695;higher;0;0.0;1;8259.0;50.0;1;1;7.0
4696;higher;0;1.0;0;5247.0;51.0;0;1;16.0
4697;primary;0;;0;9717.0;52.0;0;1;8.0
4698;higher;1;0.0;1;9716.0;;0;0;1.0
4699;secondary;1;1.0;1;7408.0;47.0;0;1;14.0
4700;primary;0;1.0;0;7721.0;45.0;0;0;4.0
4701;secondary;1;0.0;0;7129.0;56.0;0;1;10.0
4702;higher;0;1.0;1;6821.0;47.0;1;1;1.0
4703;secondary;1;0.0;0;8281.0;52.0;0;0;2.0
4704;secondary;1;;0;5502.0;46.0;0;1;9.0
4705;higher;1;0.0;0;11476.0;50.0;0;0;5.0
4706;higher;0;0.0;1;8690.0;38.0;0;1;
4707;higher;0;1.0;1;6007.0;40.0;0;1;1.0
4708;secondary;0;0.0;0;6666.0;56.0;0;1;9.0
4709;higher;1;1.0;0;6715.0;67.0;0;1;10.0
4710;primary;1;1.0;0;7370.0;53.0;0;1;11.0
4711;higher;0;1.0;0;7362.0;51.0;0;1;8.0
4712;secondary;0;1.0;1;6625.0;56.0;0;1;3.0
4713;higher;0;1.0;0;7655.0;36.0;1;1;
4714;secondary;1;1.0;0;5888.0;52.0;0;1;10.0
4715;secondary;1;1.0;1;;53.0;0;0;7.0
4716;higher;1;1.0;0;8950.0;51.0;0;1;5.0
4717;secondary;0;0.0;0;11194.0;49.0;1;1;8.0
4718;higher;1;0.0;1;8243.0;59.0;0;1;
4719;higher;1;1.0;0;8765.0;52.0;0;1;8.0
4720;higher;1;0.0;1;10344.0;50.0;0;1;8.0
4721;higher;0;0.0;1;6396.0;45.0;0;1;7.0
4722;higher;0;0.0;0;8633.0;50.0;0;1;0.0
4723;higher;0;;0;5259.0;47.0;0;1;24.0
4724;higher;1;0.0;0;11704.0;54.0;0;1;13.0
4725;secondary;1;1.0;1;6857.0;52.0;0;0;10.0
4726;primary;0;0.0;0;6016.0;56.0;0;1;10.0
4727;primary;1;0.0;1;6406.0;48.0;0;1;5.0
4728;higher;1;0.0;0;7887.0;50.0;0;0;8.0
4729;primary;1;0.0;0;10792.0;49.0;0;1;10.0
4730;secondary;1;0.0;0;8119.0;59.0;0;1;13.0
4731;secondary;0;0.0;0;7953.0;52.0;0;0;4.0
4732;secondary;1;1.0;1;6801.0;62.0;0;1;6.0
4733;primary;1;1.0;1;6385.0;63.0;0;1;9.0
4734;primary;1;1.0;0;8254.0;55.0;0;1;10.0
4735;secondary;1;1.0;0;5101.0;53.0;0;1;7.0
4736;higher;0;1.0;0;4245.0;57.0;1;0;11.0
4737;secondary;1;0.0;1;9323.0;53.0;0;1;11.0
4738;primary;1;0.0;1;6826.0;57.0;0;1;
4739;secondary;1;1.0;0;5968.0;48.0;0;1;13.0
4740;higher;1;1.0;0;5144.0;30.0;1;0;39.0
4741;primary;1;0.0;0;12492.0;43.0;0;1;6.0
4742;higher;0;1.0;0;7378.0;53.0;0;1;7.0
4743;secondary;1;0.0;1;11495.0;49.0;0;1;0.0
4744;higher;0;1.0;0;7953.0;53.0;0;1;8.0
4745;primary;1;1.0;0;7324.0;49.0;0;1;8.0
4746;higher;1;0.0;0;9247.0;41.0;0;1;10.0
4747;primary;0;1.0;0;8882.0;43.0;0;1;8.0
4748;secondary;0;1.0;0;6331.0;;0;0;7.0
4749;primary;0;0.0;1;12830.0;50.0;0;1;1.0
4750;secondary;1;0.0;1;7788.0;51.0;0;1;5.0
4751;secondary;1;0.0;1;7800.0;33.0;1;0;7.0
4752;higher;0;0.0;1;5480.0;54.0;0;1;1.0
4753;secondary;1;0.0;0;12310.0;52.0;0;1;9.0
4754;secondary;0;1.0;1;12514.0;50.0;0;1;2.0
4755;higher;0;1.0;1;12023.0;59.0;0;1;11.0
4756;higher;0;0.0;1;10173.0;40.0;1;1;8.0
4757;secondary;0;1.0;1;3340.0;56.0;1;0;9.0
4758;secondary;1;1.0;1;5902.0;50.0;1;1;35.0
4759;primary;0;0.0;0;6875.0;57.0;0;1;8.0
4760;secondary;1;0.0;1;7927.0;59.0;1;1;
4761;higher;1;1.0;1;10353.0;51.0;0;1;
4762;secondary;1;1.0;1;10368.0;48.0;0;1;3.0
4763;secondary;0;1.0;0;8265.0;44.0;0;1;11.0
4764;higher;1;1.0;0;7450.0;50.0;0;1;
4765;secondary;1;1.0;0;8402.0;52.0;0;1;11.0
4766;primary;1;0.0;0;9750.0;52.0;0;1;6.0
4767;higher;1;1.0;1;6825.0;;0;0;8.0
4768;higher;1;1.0;0;6278.0;52.0;0;0;8.0
4769;primary;1;0.0;1;8758.0;50.0;0;1;6.0
4770;higher;1;1.0;0;6426.0;62.0;0;1;9.0
4771;secondary;0;;1;6527.0;49.0;1;0;3.0
4772;primary;1;1.0;0;7890.0;55.0;0;1;11.0
4773;secondary;1;0.0;0;9110.0;56.0;0;0;8.0
4774;secondary;1;0.0;0;8111.0;48.0;0;1;2.0
4775;higher;1;0.0;0;8781.0;50.0;0;0;7.0
4776;higher;0;1.0;0;6110.0;41.0;0;1;8.0
4777;primary;1;0.0;0;9588.0;58.0;0;1;6.0
4778;secondary;1;0.0;1;7508.0;;1;1;3.0
4779;secondary;1;1.0;1;5254.0;58.0;0;1;11.0
4780;secondary;1;0.0;0;8965.0;47.0;0;1;11.0
4781;higher;0;0.0;0;7338.0;56.0;0;1;8.0
4782;secondary;1;0.0;1;6370.0;55.0;0;1;4.0
4783;secondary;1;1.0;0;7274.0;55.0;0;0;8.0
4784;primary;1;1.0;0;8194.0;55.0;0;1;1.0
4785;higher;0;0.0;0;8055.0;51.0;0;1;27.0
4786;secondary;0;0.0;1;4232.0;37.0;1;1;9.0
4787;primary;1;1.0;1;7824.0;59.0;0;1;11.0
4788;primary;1;1.0;0;9676.0;46.0;0;1;8.0
4789;primary;0;0.0;0;8081.0;61.0;0;1;7.0
4790;primary;0;0.0;0;7194.0;57.0;0;1;
4791;higher;1;1.0;1;8546.0;37.0;0;1;9.0
4792;higher;1;1.0;0;7418.0;48.0;0;1;10.0
4793;secondary;0;0.0;0;6866.0;56.0;0;1;7.0
4794;secondary;1;0.0;0;5729.0;56.0;0;0;
4795;primary;0;1.0;1;5801.0;52.0;1;1;5.0
4796;secondary;1;0.0;1;7329.0;49.0;0;1;2.0
4797;primary;1;0.0;1;6312.0;34.0;0;1;
4798;higher;0;1.0;0;8473.0;61.0;0;1;13.0
4799;higher;1;1.0;0;6108.0;50.0;0;1;11.0
4800;higher;1;0.0;0;7850.0;38.0;0;1;13.0
4801;primary;1;1.0;1;7239.0;52.0;0;1;9.0
4802;higher;1;1.0;0;6467.0;40.0;0;1;12.0
4803;higher;0;1.0;0;9494.0;44.0;0;1;
4804;secondary;0;1.0;1;10355.0;55.0;1;1;12.0
4805;secondary;1;1.0;0;6259.0;48.0;0;1;6.0
4806;primary;0;1.0;0;6573.0;56.0;1;0;12.0
4807;higher;1;1.0;1;6882.0;43.0;0;1;10.0
4808;higher;0;1.0;1;5892.0;58.0;0;1;8.0
4809;primary;1;0.0;1;5616.0;40.0;0;1;5.0
4810;primary;1;0.0;1;10367.0;60.0;1;1;7.0
4811;secondary;1;1.0;0;9856.0;51.0;0;1;7.0
4812;higher;0;1.0;0;5958.0;;0;0;12.0
4813;secondary;1;0.0;1;10850.0;37.0;1;1;8.0
4814;higher;1;1.0;1;7601.0;46.0;0;1;2.0
4815;secondary;1;1.0;0;5144.0;54.0;0;1;12.0
4816;higher;1;0.0;1;7076.0;51.0;0;1;15.0
4817;higher;1;0.0;0;7404.0;57.0;0;1;9.0
4818;secondary;0;0.0;0;9787.0;54.0;1;1;7.0
4819;higher;1;0.0;1;5460.0;52.0;0;0;10.0
4820;primary;1;0.0;0;5680.0;68.0;0;1;11.0
4821;higher;0;1.0;1;11467.0;47.0;0;1;0.0
4822;secondary;1;0.0;0;9493.0;;0;1;
4823;primary;0;0.0;0;11880.0;59.0;0;1;10.0
4824;higher;1;1.0;0;8611.0;40.0;0;0;6.0
4825;primary;0;0.0;1;9158.0;53.0;0;1;7.0
4826;primary;1;0.0;1;9313.0;52.0;0;0;10.0
4827;primary;0;0.0;0;7221.0;55.0;0;1;4.0
4828;primary;1;0.0;0;6709.0;51.0;0;0;9.0
4829;secondary;1;0.0;0;6448.0;52.0;0;1;5.0
4830;primary;1;0.0;1;7832.0;43.0;0;0;2.0
4831;higher;1;1.0;0;12892.0;40.0;0;1;4.0
4832;higher;0;0.0;0;8636.0;52.0;0;1;13.0
4833;secondary;1;1.0;1;8226.0;46.0;0;1;2.0
4834;primary;1;1.0;0;6924.0;61.0;0;1;10.0
4835;higher;1;0.0;1;6087.0;38.0;1;1;0.0
4836;primary;1;1.0;0;9519.0;44.0;0;1;5.0
4837;higher;1;0.0;0;8389.0;50.0;0;1;4.0
4838;secondary;1;0.0;0;7348.0;55.0;0;1;7.0
4839;secondary;1;0.0;1;6798.0;53.0;0;1;
4840;secondary;1;0.0;0;7904.0;54.0;0;0;6.0
4841;primary;1;0.0;0;7481.0;55.0;0;0;0.0
4842;secondary;0;1.0;0;7691.0;52.0;0;0;6.0
4843;higher;1;1.0;0;7349.0;42.0;0;1;0.0
4844;higher;1;1.0;1;7947.0;57.0;0;1;8.0
4845;higher;1;0.0;0;11127.0;44.0;0;1;6.0
4846;secondary;0;0.0;0;11617.0;43.0;0;1;10.0
4847;higher;1;1.0;0;6715.0;46.0;0;1;5.0
4848;primary;1;0.0;0;8081.0;54.0;0;1;8.0
4849;higher;1;0.0;0;6520.0;45.0;0;1;11.0
4850;secondary;0;1.0;1;8039.0;58.0;0;1;3.0
4851;higher;1;1.0;0;7018.0;53.0;0;1;10.0
4852;primary;0;0.0;0;7913.0;56.0;0;1;
4853;higher;0;0.0;1;7830.0;47.0;1;1;12.0
4854;higher;0;0.0;1;11749.0;53.0;0;0;2.0
4855;higher;0;1.0;1;6436.0;40.0;0;1;17.0
4856;primary;1;0.0;0;5924.0;53.0;0;1;12.0
4857;higher;1;1.0;0;11531.0;51.0;0;1;9.0
4858;primary;1;0.0;1;7897.0;47.0;0;1;12.0
4859;secondary;1;0.0;0;6014.0;58.0;0;1;11.0
4860;higher;1;0.0;1;6802.0;52.0;0;1;3.0
4861;higher;0;1.0;0;8478.0;52.0;0;0;9.0
4862;secondary;0;0.0;0;9115.0;55.0;0;0;10.0
4863;secondary;1;0.0;0;5526.0;49.0;0;1;9.0
4864;secondary;0;1.0;1;7241.0;;0;1;4.0
4865;higher;1;1.0;1;4880.0;60.0;1;0;13.0
4866;primary;0;1.0;0;5437.0;61.0;0;1;6.0
4867;higher;1;1.0;1;13055.0;43.0;0;1;9.0
4868;higher;1;0.0;0;8750.0;43.0;0;1;7.0
4869;primary;0;0.0;0;14708.0;50.0;0;1;9.0
4870;primary;0;1.0;1;5612.0;53.0;0;0;9.0
4871;secondary;0;0.0;0;5638.0;46.0;0;0;6.0
4872;higher;1;1.0;0;7395.0;57.0;1;1;0.0
4873;higher;1;1.0;1;7475.0;44.0;0;0;
4874;primary;0;1.0;0;8511.0;40.0;0;0;0.0
4875;higher;0;1.0;0;8130.0;50.0;0;1;12.0
4876;secondary;0;1.0;0;12023.0;48.0;0;1;
4877;secondary;1;0.0;0;8545.0;49.0;0;1;7.0
4878;secondary;0;1.0;0;6261.0;53.0;0;1;32.0
4879;higher;1;0.0;1;6478.0;43.0;0;0;5.0
4880;higher;1;1.0;0;10627.0;52.0;0;1;15.0
4881;higher;1;1.0;0;9789.0;42.0;0;1;7.0
4882;secondary;0;0.0;0;9861.0;53.0;0;1;10.0
4883;primary;0;0.0;1;9685.0;52.0;0;1;23.0
4884;secondary;1;1.0;0;12411.0;45.0;0;1;11.0
4885;higher;1;1.0;0;6328.0;55.0;0;1;14.0
4886;primary;1;1.0;1;7866.0;46.0;1;1;7.0
4887;secondary;1;1.0;0;7805.0;57.0;0;1;13.0
4888;secondary;0;;0;9513.0;55.0;0;1;11.0
4889;higher;1;1.0;0;6493.0;61.0;0;1;
4890;primary;1;1.0;0;6939.0;53.0;1;0;9.0
4891;higher;1;1.0;1;5564.0;31.0;1;1;13.0
4892;higher;0;0.0;0;7430.0;46.0;1;1;7.0
4893;secondary;1;1.0;1;6826.0;55.0;1;0;13.0
4894;secondary;0;1.0;1;15046.0;48.0;0;1;9.0
4895;secondary;0;0.0;0;7418.0;59.0;0;0;10.0
4896;higher;0;0.0;0;7146.0;;0;0;9.0
4897;secondary;1;1.0;0;8086.0;47.0;0;1;1.0
4898;secondary;0;1.0;0;7300.0;56.0;0;1;8.0
4899;secondary;1;0.0;0;8585.0;62.0;0;0;
4900;secondary;1;1.0;0;;44.0;0;1;6.0
4901;secondary;1;1.0;0;7736.0;51.0;0;1;7.0
4902;secondary;1;1.0;0;7996.0;;0;1;9.0
4903;primary;1;1.0;1;5537.0;52.0;0;0;13.0
4904;secondary;1;0.0;0;10632.0;;0;1;6.0
4905;secondary;1;1.0;0;5748.0;59.0;0;1;12.0
4906;secondary;1;1.0;0;12002.0;50.0;0;0;7.0
4907;primary;1;0.0;0;5826.0;48.0;0;1;10.0
4908;higher;1;0.0;0;8940.0;60.0;0;1;13.0
4909;secondary;1;1.0;0;7387.0;50.0;0;0;8.0
4910;higher;0;1.0;1;5903.0;35.0;1;1;4.0
4911;primary;0;1.0;1;9747.0;33.0;1;1;10.0
4912;secondary;1;1.0;0;9413.0;55.0;0;1;11.0
4913;primary;1;1.0;0;7245.0;68.0;0;0;9.0
4914;primary;1;0.0;0;9102.0;56.0;0;1;1.0
4915;secondary;0;;0;8298.0;49.0;0;1;10.0
4916;higher;1;0.0;0;6448.0;58.0;0;1;2.0
4917;higher;1;0.0;0;8631.0;43.0;0;1;11.0
4918;higher;1;0.0;0;10126.0;55.0;0;1;12.0
4919;higher;1;1.0;0;6682.0;36.0;0;1;10.0
4920;higher;0;1.0;0;6386.0;46.0;0;1;11.0
4921;higher;1;1.0;0;7490.0;57.0;0;1;8.0
4922;secondary;1;1.0;0;7425.0;42.0;0;1;16.0
4923;secondary;1;1.0;0;11349.0;47.0;0;0;35.0
4924;higher;0;1.0;0;14337.0;42.0;0;1;9.0
4925;secondary;0;1.0;0;6839.0;64.0;0;1;7.0
4926;secondary;1;0.0;0;11303.0;45.0;0;1;5.0
4927;primary;1;0.0;0;11487.0;60.0;1;1;0.0
4928;secondary;1;0.0;1;6617.0;44.0;0;1;7.0
4929;higher;1;;1;6619.0;40.0;1;1;8.0
4930;primary;0;0.0;0;9101.0;48.0;0;1;11.0
4931;secondary;0;1.0;0;6575.0;48.0;0;1;8.0
4932;higher;1;0.0;0;7234.0;44.0;0;1;27.0
4933;higher;1;0.0;0;6154.0;58.0;1;1;10.0
4934;higher;0;1.0;1;13090.0;44.0;0;1;9.0
4935;higher;1;1.0;0;8499.0;41.0;0;1;2.0
4936;primary;1;1.0;0;7589.0;38.0;1;1;7.0
4937;secondary;0;0.0;0;8494.0;39.0;0;1;7.0
4938;secondary;0;1.0;1;7018.0;38.0;1;1;9.0
4939;secondary;1;1.0;1;10682.0;52.0;0;1;5.0
4940;higher;1;0.0;0;7263.0;60.0;0;0;0.0
4941;higher;1;0.0;0;6271.0;48.0;0;0;12.0
4942;secondary;1;0.0;1;7244.0;48.0;1;0;11.0
4943;secondary;0;0.0;0;10280.0;59.0;0;1;10.0
4944;primary;0;0.0;0;;50.0;0;1;9.0
4945;primary;0;0.0;0;6954.0;46.0;0;0;13.0
4946;secondary;1;1.0;1;5098.0;40.0;1;1;5.0
4947;primary;1;;0;7829.0;48.0;0;1;13.0
4948;primary;0;1.0;1;7280.0;53.0;1;0;4.0
4949;primary;1;1.0;0;6295.0;57.0;0;1;8.0
4950;higher;1;1.0;0;7253.0;39.0;0;1;12.0
4951;secondary;1;0.0;1;5152.0;;0;1;18.0
4952;secondary;0;1.0;0;8323.0;64.0;0;1;
4953;secondary;0;1.0;0;6197.0;54.0;0;1;3.0
4954;secondary;0;1.0;0;6970.0;53.0;0;1;4.0
4955;secondary;0;0.0;0;5614.0;50.0;0;1;4.0
4956;primary;0;0.0;0;10307.0;54.0;0;1;10.0
4957;higher;0;0.0;1;8666.0;55.0;0;1;9.0
4958;higher;0;0.0;0;6718.0;44.0;0;0;14.0
4959;higher;0;0.0;0;9076.0;66.0;0;1;7.0
4960;primary;1;0.0;1;6836.0;60.0;0;1;8.0
4961;secondary;1;0.0;1;8867.0;44.0;0;1;11.0
4962;higher;1;1.0;0;4787.0;57.0;0;0;6.0
4963;primary;0;0.0;1;9323.0;49.0;0;1;3.0
4964;secondary;1;1.0;1;5483.0;;1;1;0.0
4965;primary;0;0.0;0;6651.0;49.0;0;1;8.0
4966;higher;0;0.0;0;9914.0;48.0;0;0;11.0
4967;secondary;1;1.0;0;11251.0;49.0;0;1;4.0
4968;secondary;1;0.0;0;13251.0;60.0;0;0;14.0
4969;primary;0;1.0;0;9569.0;55.0;0;1;7.0
4970;primary;0;1.0;0;6192.0;52.0;0;1;10.0
4971;higher;1;1.0;1;6064.0;43.0;0;1;5.0
4972;higher;1;0.0;0;6138.0;49.0;0;0;7.0
4973;higher;1;1.0;0;8698.0;45.0;0;1;12.0
4974;secondary;0;1.0;1;9582.0;51.0;1;0;4.0
4975;higher;1;1.0;0;7020.0;56.0;1;0;2.0
4976;secondary;1;0.0;0;10083.0;49.0;0;1;4.0
4977;secondary;1;0.0;0;7146.0;;0;1;10.0
4978;secondary;0;0.0;1;6500.0;46.0;0;1;11.0
4979;secondary;1;0.0;0;6548.0;49.0;0;1;5.0
4980;secondary;0;1.0;0;13985.0;55.0;0;0;4.0
4981;higher;0;0.0;1;10049.0;50.0;0;1;6.0
4982;primary;0;1.0;1;7693.0;59.0;0;1;
4983;secondary;0;1.0;1;8531.0;52.0;0;1;8.0
4984;primary;0;1.0;1;6004.0;54.0;0;1;2.0
4985;primary;1;1.0;1;10576.0;46.0;0;1;
4986;primary;0;0.0;1;14323.0;36.0;0;1;3.0
4987;secondary;0;1.0;0;10685.0;51.0;1;0;11.0
4988;higher;1;1.0;0;6328.0;55.0;0;0;
4989;higher;0;1.0;0;9428.0;60.0;0;1;10.0
4990;higher;1;0.0;1;10882.0;54.0;0;1;10.0
4991;secondary;1;1.0;1;10294.0;56.0;0;1;9.0
4992;secondary;1;0.0;0;7277.0;43.0;0;1;9.0
4993;higher;1;0.0;0;10261.0;47.0;0;1;9.0
4994;secondary;1;1.0;1;9033.0;49.0;0;1;7.0
4995;higher;0;0.0;0;12148.0;44.0;0;1;8.0
4996;secondary;1;1.0;0;7417.0;49.0;0;1;8.0
4997;secondary;1;1.0;0;9518.0;53.0;0;1;9.0
4998;secondary;1;1.0;1;5851.0;44.0;0;1;7.0
4999;primary;1;0.0;0;7516.0;45.0;0;1;1.0
5000;higher;1;0.0;1;8204.0;46.0;1;0;8.0
5001;higher;1;1.0;1;10963.0;65.0;0;1;10.0
5002;secondary;1;0.0;0;9474.0;58.0;0;1;7.0
5003;higher;1;0.0;0;8899.0;50.0;0;0;8.0
5004;secondary;1;1.0;1;6185.0;47.0;1;1;9.0
5005;higher;1;0.0;0;11979.0;45.0;0;0;8.0
5006;primary;1;0.0;0;6648.0;58.0;0;1;10.0
5007;higher;1;1.0;1;10678.0;43.0;1;0;12.0
5008;primary;1;1.0;1;6982.0;57.0;0;1;10.0
5009;secondary;0;1.0;0;8011.0;48.0;0;1;9.0
5010;higher;1;1.0;1;7241.0;52.0;0;1;8.0
5011;primary;1;1.0;0;5622.0;55.0;0;1;11.0
5012;higher;1;1.0;1;7307.0;52.0;0;1;13.0
5013;secondary;1;1.0;1;11805.0;52.0;0;1;7.0
5014;secondary;1;1.0;0;9351.0;46.0;1;1;11.0
5015;secondary;1;0.0;0;6560.0;61.0;0;1;9.0
5016;primary;1;1.0;0;7991.0;56.0;0;1;10.0
5017;higher;0;1.0;1;4283.0;29.0;1;0;11.0
5018;primary;1;1.0;0;9955.0;53.0;0;1;12.0
5019;secondary;1;0.0;0;7776.0;51.0;0;1;9.0
5020;higher;0;0.0;0;5248.0;56.0;0;0;19.0
5021;higher;0;1.0;0;6118.0;45.0;0;1;7.0
5022;secondary;1;0.0;0;13382.0;49.0;0;0;5.0
5023;secondary;0;0.0;0;9593.0;55.0;0;1;11.0
5024;higher;0;0.0;1;8374.0;59.0;0;1;9.0
5025;higher;0;0.0;1;11139.0;50.0;0;1;5.0
5026;secondary;1;0.0;0;11768.0;59.0;1;1;14.0
5027;secondary;1;1.0;1;7507.0;57.0;0;1;13.0
5028;secondary;1;1.0;1;7733.0;55.0;0;1;4.0
5029;higher;1;0.0;0;6123.0;48.0;0;1;15.0
5030;secondary;0;0.0;0;6954.0;51.0;0;1;14.0
5031;secondary;1;1.0;0;7675.0;;1;1;22.0
5032;higher;0;1.0;1;10334.0;44.0;0;1;5.0
5033;higher;1;0.0;0;7583.0;53.0;0;0;7.0
5034;higher;0;1.0;0;10157.0;52.0;0;0;3.0
5035;higher;0;0.0;0;7621.0;45.0;0;1;1.0
5036;secondary;1;1.0;0;11348.0;54.0;0;1;8.0
5037;primary;0;1.0;0;9149.0;48.0;0;1;11.0
5038;higher;1;1.0;0;6294.0;42.0;0;1;7.0
5039;secondary;1;0.0;0;11712.0;59.0;0;1;9.0
5040;secondary;1;1.0;1;10009.0;50.0;0;1;8.0
5041;secondary;1;1.0;0;8922.0;53.0;0;1;
5042;primary;0;1.0;0;8397.0;52.0;0;0;13.0
5043;secondary;1;1.0;0;7231.0;54.0;0;1;5.0
5044;primary;1;1.0;0;9487.0;52.0;0;1;
5045;primary;1;0.0;0;8535.0;46.0;0;1;9.0
5046;higher;0;0.0;0;9135.0;51.0;0;1;11.0
5047;secondary;1;0.0;0;5009.0;59.0;0;1;13.0
5048;secondary;1;0.0;1;11375.0;53.0;0;1;1.0
5049;higher;1;1.0;1;7246.0;54.0;0;1;7.0
5050;primary;1;0.0;1;7007.0;54.0;0;1;6.0
5051;primary;0;1.0;0;7676.0;55.0;0;0;8.0
5052;higher;1;0.0;0;6759.0;61.0;0;1;5.0
5053;primary;0;0.0;0;8735.0;57.0;0;1;9.0
5054;secondary;0;1.0;0;8272.0;52.0;0;1;0.0
5055;higher;1;0.0;1;4095.0;44.0;1;1;11.0
5056;higher;1;1.0;0;9159.0;51.0;0;0;15.0
5057;secondary;1;0.0;0;7634.0;65.0;0;1;
5058;higher;1;0.0;0;10213.0;53.0;0;1;15.0
5059;higher;1;0.0;0;6131.0;60.0;0;1;8.0
5060;primary;1;0.0;0;8970.0;57.0;0;1;11.0
5061;higher;0;1.0;0;7461.0;59.0;0;1;9.0
5062;secondary;1;0.0;0;10837.0;53.0;0;0;23.0
5063;secondary;0;1.0;1;4192.0;36.0;1;1;0.0
5064;secondary;1;0.0;0;8293.0;44.0;0;1;13.0
5065;secondary;1;0.0;1;5996.0;55.0;0;0;3.0
5066;secondary;1;1.0;0;8780.0;51.0;0;1;10.0
5067;primary;0;1.0;1;6952.0;42.0;1;1;13.0
5068;primary;1;1.0;1;4125.0;54.0;0;1;0.0
5069;secondary;1;1.0;0;8060.0;47.0;0;0;12.0
5070;primary;0;0.0;0;5471.0;40.0;0;1;2.0
5071;higher;1;0.0;0;5756.0;54.0;0;1;9.0
5072;higher;0;0.0;1;5835.0;46.0;0;1;6.0
5073;primary;0;0.0;0;6720.0;53.0;0;0;0.0
5074;primary;0;0.0;1;4805.0;49.0;0;1;11.0
5075;primary;1;0.0;0;7481.0;49.0;0;1;0.0
5076;primary;1;1.0;1;5756.0;59.0;0;1;8.0
5077;secondary;0;0.0;0;9223.0;54.0;0;1;6.0
5078;primary;1;0.0;0;9268.0;45.0;0;0;5.0
5079;primary;1;1.0;1;6514.0;58.0;0;1;4.0
5080;secondary;1;1.0;0;7561.0;50.0;0;1;11.0
5081;primary;1;0.0;0;10460.0;53.0;0;0;10.0
5082;higher;1;1.0;0;4964.0;43.0;0;1;
5083;higher;1;1.0;1;7847.0;45.0;0;1;11.0
5084;secondary;0;1.0;0;9930.0;52.0;1;1;7.0
5085;higher;1;1.0;0;10177.0;49.0;0;1;
5086;primary;1;1.0;0;9014.0;54.0;0;1;7.0
5087;primary;0;1.0;0;8698.0;53.0;0;0;15.0
5088;primary;0;0.0;0;6467.0;53.0;0;1;
5089;secondary;1;1.0;1;6830.0;58.0;0;1;6.0
5090;primary;1;1.0;0;8003.0;47.0;0;1;4.0
5091;higher;1;0.0;0;12283.0;41.0;0;0;11.0
5092;higher;1;1.0;0;8594.0;45.0;0;1;8.0
5093;secondary;1;1.0;0;10302.0;50.0;0;1;10.0
5094;higher;1;0.0;1;10329.0;47.0;0;0;4.0
5095;higher;1;0.0;0;10569.0;45.0;0;1;10.0
5096;higher;1;0.0;0;6104.0;;0;1;7.0
5097;secondary;1;0.0;0;6740.0;;0;1;7.0
5098;higher;1;1.0;1;9301.0;55.0;0;1;
5099;secondary;1;0.0;0;7917.0;51.0;0;1;7.0
5100;primary;1;0.0;0;6401.0;43.0;0;1;12.0
5101;primary;1;0.0;1;7516.0;51.0;1;1;11.0
5102;secondary;0;0.0;0;8965.0;52.0;0;1;5.0
5103;primary;0;1.0;0;9419.0;47.0;0;1;7.0
5104;higher;1;1.0;0;6767.0;37.0;0;0;2.0
5105;higher;0;0.0;0;6438.0;44.0;0;1;10.0
5106;primary;0;1.0;0;7088.0;46.0;0;1;4.0
5107;primary;1;1.0;0;6563.0;53.0;0;1;14.0
5108;secondary;0;1.0;1;8544.0;48.0;0;1;12.0
5109;secondary;1;0.0;0;7866.0;60.0;0;1;8.0
5110;higher;0;1.0;0;9002.0;50.0;0;0;8.0
5111;secondary;1;1.0;0;4895.0;48.0;0;1;12.0
5112;higher;1;0.0;0;6104.0;43.0;0;0;7.0
5113;higher;1;1.0;0;9630.0;45.0;0;1;3.0
5114;secondary;0;1.0;1;7722.0;54.0;0;0;10.0
5115;primary;1;0.0;0;9720.0;55.0;0;0;3.0
5116;higher;1;1.0;0;6068.0;48.0;1;1;11.0
5117;higher;1;0.0;1;6247.0;53.0;0;0;14.0
5118;higher;1;0.0;1;6413.0;56.0;0;0;
5119;higher;0;0.0;1;6437.0;45.0;0;1;8.0
5120;higher;1;0.0;0;;39.0;1;0;5.0
5121;primary;1;1.0;1;6285.0;45.0;0;1;5.0
5122;secondary;1;1.0;0;7295.0;58.0;0;0;14.0
5123;higher;0;1.0;0;6319.0;51.0;0;0;0.0
5124;higher;0;1.0;1;7777.0;60.0;0;1;36.0
5125;higher;0;1.0;0;11147.0;49.0;0;1;6.0
5126;secondary;0;1.0;1;3447.0;;1;1;0.0
5127;higher;0;0.0;0;8512.0;57.0;0;1;1.0
5128;primary;0;0.0;1;8729.0;54.0;0;1;10.0
5129;secondary;0;1.0;0;10228.0;41.0;0;0;
5130;higher;1;0.0;1;6090.0;50.0;1;1;3.0
5131;secondary;1;0.0;0;6211.0;52.0;0;1;15.0
5132;secondary;1;1.0;0;7616.0;38.0;0;0;10.0
5133;primary;0;0.0;0;4816.0;44.0;1;1;4.0
5134;secondary;1;0.0;0;6749.0;49.0;0;1;7.0
5135;primary;1;1.0;0;7288.0;51.0;0;1;8.0
5136;secondary;0;1.0;0;7064.0;55.0;0;1;15.0
5137;primary;1;1.0;0;9610.0;50.0;1;1;13.0
5138;higher;0;1.0;0;9222.0;59.0;0;0;5.0
5139;secondary;0;0.0;0;8440.0;53.0;0;1;7.0
5140;higher;1;0.0;1;7995.0;54.0;0;1;6.0
5141;primary;0;0.0;1;6879.0;67.0;0;1;14.0
5142;higher;0;0.0;1;6521.0;46.0;0;1;36.0
5143;primary;1;;0;10235.0;46.0;0;1;11.0
5144;higher;1;1.0;1;5523.0;47.0;0;1;12.0
5145;primary;1;1.0;1;7722.0;52.0;0;1;2.0
5146;higher;0;0.0;0;6688.0;40.0;1;1;8.0
5147;higher;1;1.0;1;7393.0;53.0;0;1;3.0
5148;higher;0;0.0;1;7076.0;46.0;1;0;12.0
5149;secondary;0;0.0;0;12062.0;53.0;0;0;
5150;primary;0;1.0;0;6332.0;45.0;0;1;
5151;higher;0;1.0;0;10078.0;53.0;0;1;11.0
5152;higher;1;0.0;0;7910.0;51.0;0;1;9.0
5153;primary;1;0.0;0;9404.0;51.0;0;1;9.0
5154;primary;0;0.0;1;7931.0;61.0;0;1;
5155;primary;0;0.0;0;6397.0;68.0;0;1;5.0
5156;secondary;1;1.0;1;10544.0;44.0;1;0;2.0
5157;higher;0;0.0;0;5328.0;65.0;0;1;7.0
5158;primary;1;1.0;1;10692.0;50.0;0;1;11.0
5159;higher;0;1.0;1;8518.0;54.0;0;1;9.0
5160;higher;1;0.0;0;6027.0;55.0;0;1;9.0
5161;secondary;0;1.0;0;6604.0;44.0;0;1;1.0
5162;higher;0;1.0;0;5928.0;45.0;0;1;9.0
5163;higher;1;1.0;0;7889.0;61.0;1;1;4.0
5164;higher;1;1.0;1;12503.0;47.0;0;1;8.0
5165;secondary;0;0.0;0;8881.0;60.0;0;1;6.0
5166;primary;0;1.0;1;9663.0;56.0;0;1;14.0
5167;primary;1;0.0;1;;66.0;1;1;3.0
5168;secondary;0;0.0;1;7903.0;57.0;0;0;11.0
5169;primary;0;0.0;0;7185.0;41.0;1;0;13.0
5170;primary;1;0.0;1;11642.0;52.0;1;1;12.0
5171;primary;1;1.0;1;9024.0;48.0;0;1;7.0
5172;higher;0;1.0;1;;;1;1;7.0
5173;higher;0;1.0;0;11505.0;46.0;0;1;
5174;secondary;0;1.0;0;6503.0;49.0;0;1;11.0
5175;primary;0;0.0;0;10938.0;51.0;0;1;9.0
5176;secondary;1;0.0;1;5168.0;45.0;1;1;10.0
5177;secondary;1;0.0;0;5118.0;50.0;0;1;10.0
5178;primary;0;0.0;0;10043.0;55.0;0;0;11.0
5179;primary;1;;0;8798.0;51.0;0;1;9.0
5180;secondary;1;1.0;0;9808.0;38.0;1;1;8.0
5181;higher;0;0.0;1;7496.0;57.0;0;0;9.0
5182;primary;1;1.0;1;13172.0;45.0;1;1;5.0
5183;primary;1;1.0;1;5624.0;40.0;0;1;13.0
5184;secondary;0;1.0;1;7304.0;59.0;0;1;10.0
5185;higher;1;0.0;1;11070.0;43.0;0;1;7.0
5186;higher;1;1.0;0;7545.0;54.0;0;1;13.0
5187;secondary;0;;0;8495.0;51.0;0;0;10.0
5188;secondary;1;1.0;0;5312.0;48.0;0;1;8.0
5189;primary;1;0.0;0;8239.0;55.0;0;0;9.0
5190;secondary;1;0.0;0;8897.0;61.0;0;0;1.0
5191;higher;1;0.0;0;6262.0;45.0;0;1;7.0
5192;secondary;1;1.0;0;10574.0;51.0;1;1;11.0
5193;secondary;0;1.0;1;9480.0;56.0;0;1;12.0
5194;higher;1;1.0;0;7185.0;50.0;0;0;8.0
5195;higher;1;1.0;0;9841.0;50.0;0;1;
5196;higher;0;1.0;0;12697.0;43.0;0;0;3.0
5197;higher;1;1.0;1;6177.0;58.0;0;1;9.0
5198;primary;1;1.0;0;8055.0;58.0;1;1;5.0
5199;primary;1;1.0;0;6807.0;37.0;1;1;10.0
5200;secondary;1;0.0;0;7040.0;53.0;1;1;1.0
5201;higher;1;1.0;0;11764.0;57.0;0;1;5.0
5202;higher;1;1.0;1;8430.0;51.0;0;1;11.0
5203;higher;1;0.0;0;7456.0;61.0;1;1;0.0
5204;secondary;1;1.0;0;6512.0;56.0;0;1;7.0
5205;higher;0;1.0;1;8629.0;37.0;1;1;5.0
5206;primary;0;1.0;0;10443.0;51.0;0;1;3.0
5207;secondary;1;1.0;0;12757.0;47.0;0;1;3.0
5208;secondary;0;1.0;0;9137.0;59.0;0;0;5.0
5209;secondary;0;0.0;1;10628.0;53.0;0;1;9.0
5210;secondary;1;0.0;0;9631.0;40.0;0;1;11.0
5211;secondary;1;1.0;1;9735.0;44.0;0;1;12.0
5212;higher;0;1.0;0;7232.0;53.0;0;0;8.0
5213;higher;1;1.0;0;8086.0;;1;0;12.0
5214;higher;1;0.0;0;10768.0;49.0;0;1;9.0
5215;higher;1;1.0;1;7106.0;40.0;1;0;7.0
5216;higher;0;0.0;1;4203.0;56.0;0;1;3.0
5217;primary;1;1.0;1;6217.0;56.0;0;1;15.0
5218;secondary;1;1.0;0;6862.0;62.0;0;1;
5219;higher;0;1.0;0;11733.0;51.0;0;1;13.0
5220;primary;1;0.0;1;13115.0;47.0;0;1;9.0
5221;higher;0;1.0;0;6602.0;54.0;0;1;4.0
5222;primary;0;0.0;1;6735.0;46.0;0;1;0.0
5223;secondary;1;0.0;0;7460.0;53.0;0;0;5.0
5224;higher;0;1.0;0;6042.0;33.0;1;1;14.0
5225;primary;1;0.0;0;5187.0;51.0;0;1;11.0
5226;secondary;1;1.0;1;10939.0;62.0;0;1;6.0
5227;secondary;1;1.0;0;8551.0;52.0;0;1;7.0
5228;secondary;1;1.0;0;8076.0;63.0;1;0;8.0
5229;higher;1;1.0;0;7818.0;47.0;0;1;10.0
5230;primary;0;0.0;0;8811.0;53.0;1;1;5.0
5231;higher;1;1.0;0;10335.0;55.0;1;1;15.0
5232;secondary;0;0.0;0;5615.0;23.0;1;1;6.0
5233;secondary;0;0.0;1;12687.0;39.0;0;0;11.0
5234;primary;1;0.0;0;7265.0;46.0;0;1;19.0
5235;secondary;1;0.0;1;8665.0;51.0;1;1;7.0
5236;secondary;0;1.0;1;6879.0;40.0;1;0;12.0
5237;higher;1;0.0;0;7599.0;55.0;0;1;7.0
5238;secondary;1;1.0;1;11648.0;54.0;0;1;5.0
5239;secondary;1;1.0;0;8356.0;51.0;0;1;11.0
5240;secondary;1;0.0;0;7745.0;44.0;0;1;7.0
5241;primary;1;1.0;1;8377.0;57.0;0;1;14.0
5242;secondary;0;1.0;0;10898.0;50.0;0;0;12.0
5243;primary;1;1.0;1;10059.0;54.0;0;1;14.0
5244;secondary;1;0.0;1;10044.0;39.0;0;1;11.0
5245;primary;1;0.0;1;8310.0;54.0;0;1;11.0
5246;secondary;1;1.0;0;7753.0;53.0;0;1;11.0
5247;secondary;0;1.0;0;7311.0;50.0;0;1;5.0
5248;secondary;0;0.0;0;5871.0;35.0;0;1;4.0
5249;higher;0;1.0;1;6617.0;24.0;1;1;13.0
5250;secondary;0;0.0;0;7162.0;46.0;0;1;4.0
5251;secondary;1;0.0;1;7792.0;55.0;0;1;6.0
5252;higher;1;0.0;0;5606.0;45.0;1;1;6.0
5253;higher;1;1.0;0;5440.0;60.0;0;1;10.0
5254;primary;1;;0;9693.0;49.0;0;1;4.0
5255;primary;0;0.0;0;7327.0;56.0;0;0;6.0
5256;primary;1;1.0;0;8756.0;54.0;0;0;7.0
5257;higher;1;1.0;0;8169.0;45.0;0;1;11.0
5258;secondary;0;0.0;0;7633.0;55.0;0;1;8.0
5259;primary;0;1.0;0;7212.0;47.0;0;1;7.0
5260;higher;1;0.0;0;12358.0;49.0;0;1;5.0
5261;primary;1;0.0;0;8320.0;62.0;0;1;8.0
5262;higher;0;1.0;0;5392.0;55.0;0;1;13.0
5263;primary;1;1.0;0;6596.0;59.0;0;1;5.0
5264;secondary;0;1.0;1;6972.0;63.0;0;1;9.0
5265;higher;0;1.0;0;11526.0;48.0;0;0;31.0
5266;primary;0;1.0;0;6891.0;52.0;0;1;10.0
5267;secondary;1;0.0;1;6780.0;51.0;0;1;1.0
5268;primary;1;1.0;0;7140.0;56.0;0;1;
5269;primary;1;0.0;0;8554.0;51.0;0;0;14.0
5270;secondary;1;0.0;0;7793.0;38.0;0;1;8.0
5271;primary;1;1.0;1;7089.0;64.0;1;0;6.0
5272;higher;1;0.0;1;9563.0;57.0;0;1;6.0
5273;higher;1;0.0;1;10498.0;44.0;0;1;9.0
5274;higher;1;1.0;0;6017.0;48.0;0;0;6.0
5275;secondary;1;0.0;0;6397.0;55.0;0;1;11.0
5276;higher;1;0.0;1;9514.0;51.0;1;0;3.0
5277;secondary;1;0.0;0;8132.0;57.0;0;1;6.0
5278;primary;0;1.0;1;7508.0;41.0;1;1;8.0
5279;primary;1;1.0;1;7109.0;48.0;0;0;12.0
5280;primary;1;0.0;0;8064.0;64.0;0;1;6.0
5281;higher;1;1.0;0;5146.0;62.0;1;1;6.0
5282;higher;1;0.0;1;5425.0;55.0;0;1;7.0
5283;secondary;0;0.0;0;5995.0;61.0;1;0;6.0
5284;primary;1;0.0;1;6984.0;60.0;1;0;5.0
5285;higher;1;0.0;1;8148.0;47.0;0;1;6.0
5286;primary;0;1.0;1;10976.0;49.0;0;0;11.0
5287;higher;0;0.0;0;8064.0;47.0;0;1;8.0
5288;higher;1;0.0;0;9527.0;53.0;0;1;14.0
5289;higher;1;1.0;1;10264.0;54.0;0;0;32.0
5290;higher;1;1.0;0;13062.0;;0;1;7.0
5291;higher;1;0.0;1;7843.0;43.0;0;1;12.0
5292;primary;0;1.0;0;12859.0;54.0;1;1;7.0
5293;primary;1;1.0;0;7820.0;47.0;0;1;8.0
5294;primary;0;1.0;0;6838.0;62.0;0;1;0.0
5295;primary;0;0.0;0;5362.0;45.0;0;1;25.0
5296;secondary;0;0.0;0;6420.0;52.0;0;1;9.0
5297;higher;0;1.0;0;5388.0;52.0;0;1;14.0
5298;secondary;0;1.0;1;9476.0;61.0;0;1;38.0
5299;secondary;0;0.0;0;8941.0;47.0;0;1;
5300;secondary;1;1.0;0;6915.0;62.0;0;0;5.0
5301;secondary;0;1.0;1;7214.0;56.0;0;1;0.0
5302;secondary;1;0.0;1;7012.0;54.0;0;0;10.0
5303;secondary;1;1.0;0;7553.0;56.0;0;0;29.0
5304;secondary;1;1.0;1;5728.0;40.0;1;1;1.0
5305;higher;1;0.0;0;7888.0;47.0;0;1;6.0
5306;secondary;1;1.0;1;7090.0;41.0;1;0;7.0
5307;primary;0;1.0;1;4869.0;57.0;0;1;12.0
5308;primary;0;0.0;0;8596.0;55.0;0;1;9.0
5309;primary;1;1.0;1;7921.0;48.0;0;0;30.0
5310;secondary;1;1.0;0;5182.0;56.0;1;0;11.0
5311;secondary;1;0.0;0;7000.0;36.0;1;1;5.0
5312;secondary;0;1.0;1;9337.0;46.0;1;1;11.0
5313;higher;0;1.0;1;5629.0;38.0;1;1;3.0
5314;secondary;1;0.0;1;8574.0;54.0;0;1;10.0
5315;higher;1;0.0;1;;58.0;0;1;4.0
5316;higher;1;1.0;0;9168.0;46.0;0;1;10.0
5317;primary;1;0.0;0;7110.0;61.0;0;1;23.0
5318;secondary;0;0.0;0;8041.0;50.0;0;1;7.0
5319;higher;1;1.0;1;12654.0;49.0;0;1;10.0
5320;primary;1;0.0;1;8034.0;53.0;0;1;10.0
5321;secondary;0;0.0;0;6551.0;44.0;0;0;
5322;primary;1;1.0;0;8811.0;62.0;1;1;10.0
5323;secondary;1;1.0;0;8064.0;60.0;0;0;
5324;secondary;1;0.0;1;7886.0;43.0;0;0;10.0
5325;secondary;1;1.0;0;6777.0;45.0;0;1;5.0
5326;secondary;1;;0;6895.0;53.0;0;1;9.0
5327;secondary;0;0.0;0;6027.0;63.0;0;1;12.0
5328;higher;1;0.0;0;10136.0;40.0;0;1;
5329;primary;0;1.0;1;8020.0;59.0;0;1;
5330;higher;1;1.0;0;7321.0;57.0;1;1;10.0
5331;higher;0;0.0;0;6060.0;51.0;0;1;5.0
5332;secondary;0;0.0;0;7212.0;48.0;0;1;27.0
5333;secondary;1;1.0;1;7989.0;53.0;0;1;11.0
5334;secondary;1;0.0;0;6645.0;55.0;0;1;10.0
5335;higher;0;1.0;0;7712.0;44.0;0;1;10.0
5336;primary;1;1.0;1;6614.0;54.0;0;1;11.0
5337;higher;0;1.0;0;;;0;0;34.0
5338;secondary;1;0.0;1;7140.0;63.0;0;1;1.0
5339;secondary;1;1.0;0;6265.0;52.0;0;1;13.0
5340;higher;1;1.0;1;;44.0;0;1;11.0
5341;secondary;0;1.0;1;11235.0;41.0;0;1;5.0
5342;higher;1;1.0;1;10794.0;43.0;0;0;8.0
5343;higher;1;1.0;1;10455.0;51.0;0;1;6.0
5344;higher;1;1.0;1;10549.0;51.0;0;1;1.0
5345;higher;1;0.0;0;10262.0;53.0;0;1;8.0
5346;higher;0;1.0;0;6140.0;44.0;0;1;5.0
5347;secondary;1;0.0;0;6377.0;56.0;0;1;8.0
5348;primary;0;0.0;0;7307.0;50.0;1;1;11.0
5349;higher;1;1.0;0;4791.0;48.0;0;1;11.0
5350;higher;0;1.0;0;9119.0;59.0;0;1;5.0
5351;higher;1;1.0;0;6589.0;43.0;0;1;9.0
5352;secondary;1;1.0;1;7103.0;45.0;0;1;4.0
5353;higher;0;1.0;1;7760.0;51.0;1;1;13.0
5354;higher;0;0.0;1;;50.0;0;1;10.0
5355;secondary;1;0.0;0;6632.0;61.0;0;1;2.0
5356;secondary;0;0.0;1;7788.0;64.0;1;0;7.0
5357;secondary;0;1.0;0;7460.0;45.0;0;0;6.0
5358;secondary;1;0.0;0;9113.0;61.0;0;0;14.0
5359;secondary;0;0.0;0;5528.0;60.0;1;1;
5360;higher;0;1.0;0;9239.0;47.0;0;1;6.0
5361;higher;1;1.0;0;11162.0;47.0;0;0;13.0
5362;primary;0;1.0;0;10568.0;42.0;0;1;7.0
5363;primary;1;0.0;1;6191.0;51.0;0;1;8.0
5364;higher;0;0.0;0;9963.0;47.0;0;1;
5365;primary;1;0.0;0;10312.0;47.0;0;0;
5366;higher;1;0.0;0;6738.0;39.0;1;1;2.0
5367;higher;1;1.0;1;8454.0;59.0;1;1;7.0
5368;higher;1;1.0;0;13694.0;;0;1;2.0
5369;higher;0;1.0;0;8240.0;61.0;0;1;3.0
5370;secondary;1;0.0;0;4994.0;50.0;0;0;7.0
5371;primary;1;1.0;1;7501.0;45.0;0;1;12.0
5372;secondary;1;1.0;1;6570.0;50.0;1;1;14.0
5373;primary;1;1.0;0;7022.0;55.0;0;0;1.0
5374;primary;0;0.0;0;7876.0;48.0;0;1;12.0
5375;secondary;0;0.0;0;5869.0;60.0;0;1;15.0
5376;primary;1;1.0;1;7442.0;48.0;0;1;14.0
5377;primary;1;0.0;0;6492.0;60.0;0;1;13.0
5378;primary;1;1.0;1;12884.0;47.0;0;0;1.0
5379;secondary;1;1.0;0;8555.0;62.0;0;1;10.0
5380;higher;1;1.0;0;7183.0;49.0;0;1;
5381;higher;1;0.0;1;9129.0;39.0;1;1;18.0
5382;higher;1;0.0;0;4595.0;53.0;0;0;3.0
5383;higher;1;1.0;0;6443.0;65.0;0;1;7.0
5384;secondary;0;0.0;0;5931.0;50.0;0;1;7.0
5385;primary;1;0.0;1;8338.0;55.0;0;1;13.0
5386;primary;1;1.0;1;8590.0;47.0;0;0;10.0
5387;higher;0;0.0;1;10382.0;44.0;0;1;25.0
5388;secondary;1;1.0;1;11280.0;59.0;1;1;13.0
5389;higher;0;1.0;1;9693.0;44.0;0;0;3.0
5390;primary;1;1.0;0;8021.0;46.0;0;1;9.0
5391;primary;1;1.0;1;5723.0;56.0;0;1;6.0
5392;primary;0;0.0;0;11086.0;62.0;0;1;4.0
5393;primary;1;0.0;1;9961.0;49.0;0;1;15.0
5394;secondary;1;0.0;0;5622.0;68.0;0;1;8.0
5395;higher;0;0.0;0;6408.0;53.0;1;0;7.0
5396;secondary;0;1.0;0;7704.0;51.0;0;1;10.0
5397;higher;1;;0;6639.0;60.0;0;1;4.0
5398;higher;0;1.0;0;6266.0;42.0;0;1;5.0
5399;secondary;1;1.0;0;9114.0;54.0;0;0;13.0
5400;higher;1;1.0;0;5822.0;49.0;0;0;7.0
5401;primary;1;0.0;0;8986.0;56.0;0;1;0.0
5402;primary;1;1.0;0;8722.0;50.0;0;0;7.0
5403;secondary;1;0.0;0;;52.0;0;1;
5404;higher;0;0.0;1;8869.0;56.0;0;1;5.0
5405;higher;0;0.0;0;8471.0;46.0;0;0;10.0
5406;higher;1;1.0;0;8268.0;47.0;0;0;9.0
5407;secondary;1;1.0;0;6914.0;59.0;1;0;9.0
5408;higher;1;0.0;0;6426.0;46.0;0;1;9.0
5409;secondary;1;1.0;0;6796.0;43.0;0;1;9.0
5410;higher;0;0.0;0;14199.0;;0;1;8.0
5411;higher;0;1.0;1;5428.0;44.0;1;1;0.0
5412;higher;1;1.0;0;12665.0;;0;0;9.0
5413;primary;1;0.0;0;5736.0;56.0;0;0;4.0
5414;primary;1;1.0;0;6042.0;47.0;0;1;4.0
5415;secondary;1;0.0;0;6427.0;44.0;1;1;10.0
5416;secondary;0;0.0;0;8724.0;56.0;0;0;11.0
5417;higher;0;0.0;0;8789.0;60.0;0;1;10.0
5418;primary;1;1.0;1;5208.0;49.0;0;0;8.0
5419;secondary;1;1.0;0;10495.0;52.0;0;1;17.0
5420;primary;1;1.0;0;8005.0;59.0;0;1;10.0
5421;secondary;1;0.0;1;7713.0;40.0;1;1;
5422;primary;1;1.0;0;7441.0;37.0;1;1;10.0
5423;secondary;0;1.0;0;8950.0;47.0;0;1;
5424;secondary;0;0.0;0;5280.0;46.0;0;1;
5425;secondary;0;1.0;0;7887.0;50.0;0;1;2.0
5426;primary;1;1.0;1;8958.0;;0;1;10.0
5427;secondary;1;1.0;0;7584.0;51.0;0;1;9.0
5428;primary;1;0.0;0;10597.0;45.0;0;0;10.0
5429;secondary;1;0.0;0;7286.0;44.0;0;0;9.0
5430;higher;1;1.0;1;6507.0;45.0;1;1;9.0
5431;higher;1;1.0;0;8600.0;54.0;0;0;7.0
5432;higher;1;1.0;0;10622.0;52.0;0;1;7.0
5433;higher;1;1.0;0;12722.0;46.0;0;1;24.0
5434;secondary;0;1.0;0;8951.0;56.0;0;1;10.0
5435;higher;1;0.0;0;9735.0;50.0;0;1;12.0
5436;secondary;1;1.0;0;11068.0;52.0;0;0;2.0
5437;secondary;1;1.0;1;5265.0;37.0;1;1;25.0
5438;higher;1;1.0;1;7287.0;44.0;0;1;8.0
5439;secondary;1;0.0;0;6409.0;46.0;0;1;11.0
5440;secondary;1;0.0;0;7152.0;51.0;0;1;
5441;primary;1;1.0;0;7975.0;50.0;0;1;8.0
5442;primary;1;1.0;1;7924.0;56.0;0;1;9.0
5443;primary;0;1.0;0;5297.0;49.0;0;1;10.0
5444;primary;1;1.0;0;7609.0;37.0;1;1;13.0
5445;secondary;0;0.0;1;5402.0;64.0;0;1;8.0
5446;secondary;0;1.0;0;10520.0;40.0;0;0;
5447;secondary;0;0.0;0;8376.0;52.0;0;1;11.0
5448;primary;0;1.0;1;9503.0;52.0;0;1;11.0
5449;higher;1;0.0;0;11962.0;50.0;0;1;9.0
5450;higher;0;0.0;1;7078.0;46.0;1;1;11.0
5451;secondary;0;0.0;0;7496.0;63.0;0;1;11.0
5452;primary;0;1.0;0;6470.0;49.0;0;1;9.0
5453;secondary;0;0.0;0;8620.0;62.0;0;1;13.0
5454;higher;0;0.0;0;11634.0;52.0;0;1;3.0
5455;primary;0;0.0;1;6134.0;48.0;1;0;9.0
5456;secondary;1;0.0;1;7189.0;55.0;0;1;10.0
5457;primary;1;1.0;1;7950.0;62.0;0;1;12.0
5458;higher;1;0.0;0;9011.0;52.0;0;1;9.0
5459;higher;1;0.0;0;6718.0;54.0;0;1;12.0
5460;higher;0;1.0;1;8366.0;37.0;0;1;5.0
5461;secondary;1;0.0;0;7136.0;55.0;0;0;8.0
5462;secondary;1;1.0;1;7861.0;49.0;0;1;
5463;secondary;1;0.0;1;14548.0;52.0;0;1;
5464;primary;1;0.0;1;11139.0;52.0;1;1;12.0
5465;higher;1;0.0;1;2970.0;45.0;0;0;3.0
5466;higher;1;0.0;0;7758.0;51.0;0;0;11.0
5467;higher;1;0.0;1;8083.0;39.0;1;1;10.0
5468;higher;1;0.0;1;9097.0;52.0;0;1;13.0
5469;higher;0;1.0;0;7884.0;56.0;1;1;7.0
5470;higher;0;0.0;0;6841.0;60.0;0;1;7.0
5471;higher;0;0.0;0;8826.0;53.0;0;1;10.0
5472;higher;1;0.0;0;6264.0;55.0;0;0;9.0
5473;secondary;0;0.0;0;;47.0;0;1;6.0
5474;higher;1;0.0;0;7647.0;48.0;0;0;13.0
5475;higher;0;1.0;0;7822.0;53.0;1;0;8.0
5476;higher;1;0.0;1;;61.0;1;0;5.0
5477;secondary;1;0.0;0;11456.0;38.0;0;1;6.0
5478;higher;1;1.0;1;6583.0;33.0;1;1;4.0
5479;secondary;1;0.0;1;6478.0;42.0;0;1;9.0
5480;higher;0;1.0;1;6851.0;41.0;1;1;7.0
5481;higher;0;0.0;0;8496.0;61.0;0;1;5.0
5482;primary;1;0.0;0;11374.0;43.0;0;1;3.0
5483;secondary;1;1.0;0;8297.0;54.0;0;0;10.0
5484;secondary;1;0.0;0;14331.0;55.0;0;0;10.0
5485;secondary;1;1.0;0;;43.0;1;1;6.0
5486;higher;1;0.0;1;12652.0;54.0;0;1;15.0
5487;primary;0;1.0;1;7355.0;48.0;1;1;8.0
5488;higher;0;1.0;1;7429.0;50.0;0;0;2.0
5489;primary;1;0.0;0;7121.0;57.0;1;0;24.0
5490;primary;1;0.0;1;5807.0;53.0;0;1;5.0
5491;higher;1;0.0;0;10118.0;52.0;0;1;
5492;primary;1;0.0;1;12137.0;48.0;0;1;15.0
5493;secondary;0;1.0;1;;47.0;0;1;3.0
5494;higher;0;0.0;0;6406.0;48.0;0;0;5.0
5495;secondary;0;1.0;1;13248.0;46.0;0;1;7.0
5496;higher;1;;1;8331.0;59.0;0;1;8.0
5497;secondary;0;1.0;0;5691.0;60.0;0;1;12.0
5498;primary;1;0.0;0;6417.0;60.0;0;1;26.0
5499;higher;1;0.0;0;7981.0;52.0;0;1;
5500;primary;1;0.0;0;7855.0;55.0;1;1;
5501;higher;1;0.0;1;7694.0;52.0;0;1;3.0
5502;higher;0;1.0;1;5486.0;41.0;0;0;10.0
5503;secondary;0;1.0;0;9105.0;56.0;0;0;10.0
5504;primary;0;1.0;1;7345.0;54.0;0;1;9.0
5505;secondary;0;0.0;0;10452.0;52.0;0;0;8.0
5506;secondary;1;1.0;1;6149.0;51.0;0;0;4.0
5507;primary;0;;0;5486.0;67.0;0;1;10.0
5508;secondary;1;0.0;1;6315.0;67.0;0;1;14.0
5509;primary;1;0.0;0;9583.0;55.0;0;1;30.0
5510;higher;0;1.0;1;7964.0;52.0;0;1;3.0
5511;secondary;1;1.0;0;14278.0;;0;1;7.0
5512;higher;1;0.0;1;9424.0;66.0;0;1;3.0
5513;higher;1;1.0;0;9233.0;45.0;0;1;8.0
5514;primary;1;1.0;1;6768.0;49.0;0;0;11.0
5515;secondary;1;1.0;0;8705.0;46.0;0;1;12.0
5516;secondary;0;0.0;0;6347.0;50.0;0;1;8.0
5517;secondary;1;1.0;0;7074.0;60.0;0;1;10.0
5518;primary;1;1.0;0;10309.0;54.0;0;1;7.0
5519;primary;1;1.0;1;8034.0;50.0;1;1;
5520;secondary;0;0.0;1;6279.0;37.0;1;1;6.0
5521;primary;1;1.0;0;7334.0;54.0;0;1;11.0
5522;higher;0;1.0;1;5848.0;56.0;0;1;8.0
5523;primary;1;1.0;0;10684.0;57.0;0;0;4.0
5524;secondary;0;1.0;1;7233.0;56.0;0;1;10.0
5525;secondary;1;0.0;0;7584.0;55.0;0;1;10.0
5526;secondary;1;1.0;0;6512.0;46.0;0;1;10.0
5527;primary;1;0.0;0;8420.0;59.0;0;1;11.0
5528;secondary;1;0.0;0;7222.0;63.0;0;1;3.0
5529;higher;1;1.0;0;7933.0;50.0;0;1;9.0
5530;secondary;1;1.0;0;8894.0;62.0;0;1;12.0
5531;primary;0;1.0;0;6363.0;53.0;0;1;12.0
5532;higher;1;0.0;0;8030.0;39.0;0;1;7.0
5533;secondary;1;0.0;1;12168.0;49.0;0;1;12.0
5534;primary;1;1.0;1;7914.0;50.0;1;0;13.0
5535;primary;1;1.0;1;6882.0;49.0;1;1;7.0
5536;secondary;1;0.0;0;6041.0;49.0;0;1;6.0
5537;higher;1;1.0;0;11823.0;50.0;0;0;13.0
5538;secondary;1;0.0;0;5579.0;52.0;0;1;4.0
5539;higher;0;0.0;1;7202.0;48.0;0;1;5.0
5540;higher;0;0.0;0;;49.0;0;1;31.0
5541;higher;1;0.0;0;7875.0;53.0;0;1;11.0
5542;primary;0;0.0;1;9115.0;48.0;0;1;12.0
5543;higher;0;0.0;0;5213.0;45.0;1;1;11.0
5544;primary;1;0.0;1;10375.0;56.0;0;0;8.0
5545;secondary;0;1.0;1;6622.0;54.0;0;0;12.0
5546;secondary;1;1.0;0;8488.0;55.0;0;1;11.0
5547;primary;1;0.0;0;9900.0;59.0;0;1;5.0
5548;higher;1;0.0;0;6853.0;51.0;0;1;11.0
5549;secondary;0;1.0;1;6026.0;40.0;1;1;8.0
5550;higher;1;0.0;0;9193.0;56.0;0;0;13.0
5551;higher;0;1.0;1;11224.0;52.0;1;0;16.0
5552;higher;0;0.0;0;7706.0;46.0;0;1;14.0
5553;secondary;0;1.0;0;11179.0;58.0;0;1;0.0
5554;secondary;0;0.0;0;;44.0;0;0;6.0
5555;secondary;0;0.0;0;9383.0;53.0;0;1;11.0
5556;primary;0;1.0;0;7057.0;58.0;1;0;11.0
5557;primary;1;0.0;1;8734.0;49.0;0;0;13.0
5558;secondary;1;1.0;0;6122.0;57.0;0;1;14.0
5559;secondary;0;0.0;0;6220.0;46.0;0;1;4.0
5560;higher;0;0.0;1;8616.0;53.0;1;0;7.0
5561;primary;1;1.0;0;7337.0;55.0;0;1;6.0
5562;secondary;1;1.0;0;8332.0;56.0;0;1;6.0
5563;primary;1;1.0;0;5587.0;49.0;0;1;7.0
5564;primary;1;1.0;0;6229.0;37.0;1;1;3.0
5565;secondary;1;1.0;1;5890.0;48.0;0;1;5.0
5566;higher;1;0.0;0;6530.0;59.0;0;1;27.0
5567;secondary;1;1.0;0;7427.0;46.0;0;1;13.0
5568;secondary;0;0.0;1;5073.0;56.0;0;1;
5569;secondary;1;1.0;0;6198.0;48.0;0;0;
5570;primary;1;1.0;1;12119.0;44.0;1;0;6.0
5571;secondary;1;0.0;0;8008.0;50.0;0;1;
5572;higher;1;1.0;0;8133.0;55.0;0;0;13.0
5573;higher;0;1.0;1;;57.0;0;1;8.0
5574;primary;0;1.0;0;10472.0;49.0;0;1;8.0
5575;secondary;1;0.0;0;7382.0;44.0;0;1;3.0
5576;secondary;0;1.0;1;9078.0;59.0;0;1;1.0
5577;higher;1;1.0;0;7726.0;56.0;0;0;
5578;primary;1;1.0;0;6645.0;55.0;0;1;0.0
5579;higher;1;1.0;1;8613.0;41.0;1;1;19.0
5580;secondary;0;0.0;0;7210.0;51.0;0;1;4.0
5581;primary;1;1.0;0;6251.0;52.0;0;0;11.0
5582;secondary;1;1.0;0;6341.0;47.0;0;1;
5583;secondary;1;0.0;1;9666.0;54.0;0;1;9.0
5584;primary;1;0.0;0;7981.0;50.0;0;1;7.0
5585;secondary;1;1.0;0;7151.0;;0;1;10.0
5586;secondary;1;0.0;0;11543.0;48.0;0;1;8.0
5587;higher;1;1.0;0;6542.0;50.0;0;0;4.0
5588;higher;0;0.0;0;7050.0;46.0;0;1;10.0
5589;higher;0;1.0;1;8269.0;58.0;0;1;10.0
5590;higher;0;0.0;1;7621.0;49.0;0;1;8.0
5591;primary;0;0.0;1;11289.0;54.0;0;1;1.0
5592;secondary;0;1.0;1;6208.0;54.0;1;1;11.0
5593;secondary;1;0.0;0;7893.0;55.0;0;0;5.0
5594;primary;0;0.0;1;13012.0;48.0;0;0;10.0
5595;higher;1;1.0;1;5256.0;48.0;0;0;11.0
5596;secondary;1;0.0;1;6523.0;50.0;0;1;2.0
5597;higher;1;1.0;1;9380.0;55.0;0;1;11.0
5598;higher;0;1.0;0;7070.0;48.0;0;0;13.0
5599;secondary;1;1.0;0;8756.0;60.0;0;1;13.0
5600;secondary;1;1.0;1;6501.0;35.0;1;1;11.0
5601;higher;1;0.0;0;5947.0;43.0;0;1;13.0
5602;primary;1;0.0;0;6621.0;48.0;0;0;5.0
5603;primary;1;0.0;0;6704.0;48.0;0;1;31.0
5604;secondary;1;1.0;0;8942.0;53.0;0;0;5.0
5605;higher;0;0.0;0;5527.0;58.0;0;0;5.0
5606;secondary;0;1.0;1;9233.0;42.0;1;0;
5607;primary;1;1.0;0;7754.0;49.0;0;0;10.0
5608;secondary;0;1.0;1;7847.0;54.0;0;1;6.0
5609;primary;1;1.0;1;7169.0;69.0;1;1;2.0
5610;higher;1;1.0;0;8112.0;53.0;0;1;12.0
5611;secondary;1;1.0;0;7877.0;55.0;0;1;10.0
5612;secondary;0;0.0;1;9942.0;62.0;0;0;0.0
5613;primary;1;1.0;0;12189.0;58.0;0;1;
5614;primary;1;0.0;0;10737.0;46.0;1;1;1.0
5615;secondary;0;0.0;0;7556.0;57.0;0;1;4.0
5616;secondary;1;0.0;0;7251.0;47.0;0;1;4.0
5617;secondary;0;1.0;0;6519.0;59.0;0;0;4.0
5618;primary;1;1.0;0;7983.0;57.0;0;0;7.0
5619;higher;1;0.0;1;11642.0;46.0;0;0;2.0
5620;higher;0;0.0;1;11095.0;48.0;0;1;16.0
5621;secondary;1;1.0;0;9694.0;59.0;0;1;7.0
5622;primary;1;0.0;0;6976.0;57.0;0;1;11.0
5623;secondary;1;0.0;0;14668.0;51.0;0;1;12.0
5624;higher;1;0.0;1;7602.0;51.0;0;1;3.0
5625;primary;0;0.0;1;5943.0;48.0;0;0;0.0
5626;higher;1;1.0;0;9902.0;48.0;0;0;4.0
5627;secondary;1;0.0;1;7653.0;54.0;0;1;
5628;secondary;1;1.0;0;6895.0;51.0;0;1;1.0
5629;primary;0;1.0;0;9673.0;55.0;1;1;
5630;higher;1;0.0;0;9333.0;50.0;0;0;12.0
5631;secondary;0;0.0;1;6152.0;54.0;1;1;10.0
5632;primary;0;1.0;1;5293.0;58.0;1;1;6.0
5633;primary;1;1.0;0;8382.0;46.0;1;1;8.0
5634;higher;0;1.0;0;12327.0;57.0;0;1;13.0
5635;secondary;1;0.0;0;6184.0;62.0;1;1;9.0
5636;higher;1;1.0;0;8457.0;38.0;0;1;10.0
5637;higher;0;1.0;0;8356.0;52.0;0;0;5.0
5638;primary;1;1.0;0;6790.0;52.0;0;1;0.0
5639;secondary;0;1.0;0;9358.0;51.0;0;1;10.0
5640;secondary;1;1.0;0;6752.0;63.0;0;1;0.0
5641;primary;1;1.0;0;9640.0;56.0;0;1;7.0
5642;higher;0;1.0;0;7380.0;55.0;0;1;15.0
5643;primary;1;1.0;0;7067.0;30.0;1;1;
5644;primary;1;1.0;0;5952.0;37.0;0;1;12.0
5645;higher;1;0.0;0;6823.0;54.0;0;1;9.0
5646;secondary;0;1.0;0;6927.0;53.0;0;0;9.0
5647;secondary;1;0.0;0;10450.0;52.0;0;0;9.0
5648;higher;1;1.0;0;6924.0;58.0;0;1;8.0
5649;secondary;1;1.0;0;10357.0;45.0;0;1;32.0
5650;secondary;1;0.0;0;7080.0;51.0;0;1;8.0
5651;primary;0;1.0;1;5731.0;39.0;0;0;33.0
5652;secondary;0;0.0;0;9477.0;50.0;0;1;10.0
5653;primary;0;0.0;0;9511.0;53.0;0;0;6.0
5654;secondary;1;1.0;1;7283.0;55.0;0;1;14.0
5655;primary;1;1.0;0;6477.0;54.0;1;1;6.0
5656;secondary;1;1.0;1;8273.0;55.0;1;1;7.0
5657;primary;1;1.0;0;6743.0;66.0;0;1;
5658;higher;1;0.0;0;8855.0;50.0;0;1;5.0
5659;secondary;0;0.0;0;13509.0;49.0;0;1;9.0
5660;secondary;1;1.0;1;7664.0;38.0;0;0;13.0
5661;higher;1;0.0;1;10520.0;52.0;0;1;5.0
5662;secondary;0;0.0;0;10757.0;52.0;0;0;7.0
5663;higher;1;1.0;0;5164.0;50.0;0;1;11.0
5664;higher;1;1.0;1;7170.0;53.0;0;1;9.0
5665;higher;1;0.0;0;9347.0;57.0;0;1;9.0
5666;secondary;0;1.0;1;7247.0;56.0;1;1;11.0
5667;secondary;0;1.0;0;9368.0;;0;1;
5668;secondary;1;0.0;0;11841.0;40.0;0;1;8.0
5669;secondary;1;0.0;1;6535.0;50.0;1;0;0.0
5670;higher;0;1.0;1;7227.0;46.0;1;1;8.0
5671;higher;1;0.0;1;12214.0;52.0;0;1;11.0
5672;secondary;1;1.0;0;13094.0;52.0;0;1;7.0
5673;higher;0;1.0;0;5763.0;56.0;0;1;0.0
5674;secondary;1;0.0;0;8109.0;54.0;0;1;12.0
5675;secondary;1;1.0;0;5757.0;57.0;0;1;9.0
5676;secondary;1;1.0;0;6111.0;61.0;0;0;5.0
5677;higher;1;0.0;1;8211.0;54.0;0;1;8.0
5678;secondary;0;1.0;0;7723.0;58.0;0;1;12.0
5679;secondary;1;0.0;0;7479.0;52.0;0;0;13.0
5680;higher;1;1.0;1;5438.0;49.0;0;1;2.0
5681;secondary;1;0.0;1;6474.0;58.0;0;1;15.0
5682;primary;1;1.0;0;10719.0;54.0;0;1;2.0
5683;secondary;0;0.0;0;10674.0;52.0;0;1;6.0
5684;higher;1;0.0;0;7714.0;56.0;0;1;0.0
5685;secondary;0;1.0;1;9592.0;55.0;0;1;2.0
5686;primary;1;0.0;0;10031.0;46.0;0;1;7.0
5687;higher;0;1.0;1;5359.0;46.0;1;1;14.0
5688;primary;1;1.0;0;11920.0;37.0;0;1;7.0
5689;higher;1;0.0;1;10959.0;54.0;0;1;
5690;higher;1;1.0;0;7110.0;59.0;0;1;14.0
5691;secondary;1;1.0;0;12848.0;50.0;0;1;2.0
5692;primary;1;0.0;0;10826.0;59.0;0;1;15.0
5693;primary;1;0.0;0;7716.0;69.0;0;1;1.0
5694;higher;1;0.0;0;11636.0;47.0;0;1;4.0
5695;higher;1;0.0;1;7802.0;51.0;0;0;8.0
5696;higher;1;0.0;0;5726.0;32.0;1;1;7.0
5697;primary;1;0.0;0;6599.0;48.0;0;0;6.0
5698;secondary;0;1.0;1;10852.0;55.0;0;1;6.0
5699;secondary;1;1.0;0;8691.0;49.0;0;1;10.0
5700;higher;1;1.0;0;10736.0;43.0;0;1;4.0
5701;higher;1;0.0;0;7742.0;50.0;0;1;27.0
5702;primary;1;1.0;0;8393.0;47.0;0;1;6.0
5703;primary;1;0.0;0;7305.0;50.0;0;1;13.0
5704;higher;1;0.0;1;6378.0;42.0;1;0;12.0
5705;primary;0;0.0;1;5833.0;49.0;0;0;12.0
5706;primary;1;1.0;0;7726.0;49.0;0;1;12.0
5707;secondary;1;0.0;0;9302.0;62.0;0;1;26.0
5708;secondary;1;0.0;0;8067.0;52.0;0;1;8.0
5709;primary;1;1.0;1;7104.0;54.0;0;1;8.0
5710;primary;1;1.0;0;9775.0;57.0;0;1;12.0
5711;primary;0;1.0;0;;50.0;0;0;10.0
5712;secondary;0;0.0;0;10951.0;44.0;0;0;8.0
5713;secondary;0;0.0;1;14956.0;44.0;0;1;8.0
5714;secondary;1;0.0;0;12356.0;54.0;0;1;15.0
5715;higher;1;1.0;1;8115.0;49.0;0;1;1.0
5716;higher;0;0.0;0;7330.0;50.0;0;1;2.0
5717;higher;1;0.0;0;9940.0;52.0;0;0;8.0
5718;higher;1;1.0;0;10304.0;56.0;0;1;10.0
5719;secondary;1;1.0;0;8253.0;38.0;0;1;
5720;primary;1;1.0;0;8719.0;58.0;0;1;
5721;higher;1;1.0;0;7889.0;54.0;0;1;
5722;higher;1;0.0;0;6448.0;;0;1;15.0
5723;primary;0;0.0;0;7383.0;51.0;0;0;29.0
5724;secondary;1;0.0;0;8525.0;62.0;0;1;8.0
5725;secondary;0;1.0;0;;62.0;0;1;6.0
5726;secondary;0;1.0;0;12650.0;50.0;1;1;4.0
5727;primary;0;1.0;0;7990.0;58.0;0;1;1.0
5728;higher;1;1.0;0;7638.0;55.0;0;1;3.0
5729;secondary;1;1.0;1;7833.0;52.0;0;1;4.0
5730;higher;1;;0;7996.0;;0;1;
5731;higher;1;0.0;0;7246.0;60.0;0;1;4.0
5732;secondary;1;1.0;0;6810.0;49.0;0;0;8.0
5733;secondary;0;1.0;0;9040.0;57.0;0;1;9.0
5734;secondary;0;1.0;1;5435.0;42.0;0;0;11.0
5735;primary;0;0.0;1;6666.0;50.0;0;0;10.0
5736;primary;1;1.0;1;7734.0;51.0;0;0;2.0
5737;secondary;0;1.0;0;9533.0;49.0;0;1;10.0
5738;secondary;1;1.0;1;6836.0;60.0;0;1;5.0
5739;primary;1;1.0;0;7211.0;62.0;0;0;11.0
5740;higher;1;1.0;1;9742.0;51.0;0;0;4.0
5741;secondary;1;0.0;0;4772.0;55.0;0;1;0.0
5742;secondary;1;1.0;1;6531.0;47.0;1;0;
5743;higher;1;1.0;1;;52.0;0;1;12.0
5744;primary;1;1.0;1;12145.0;45.0;0;1;13.0
5745;higher;0;1.0;0;7413.0;46.0;0;1;11.0
5746;secondary;0;1.0;0;6620.0;55.0;1;1;8.0
5747;higher;1;1.0;1;10000.0;50.0;0;1;16.0
5748;higher;1;0.0;0;6524.0;48.0;0;0;10.0
5749;secondary;0;1.0;0;9833.0;48.0;0;1;0.0
5750;primary;1;1.0;1;7159.0;54.0;1;1;5.0
5751;primary;0;1.0;0;11132.0;36.0;0;1;15.0
5752;secondary;1;1.0;0;7211.0;38.0;0;1;12.0
5753;higher;0;0.0;0;7719.0;53.0;0;1;13.0
5754;higher;1;0.0;0;11864.0;52.0;0;1;0.0
5755;primary;1;0.0;1;8473.0;52.0;1;0;12.0
5756;secondary;1;0.0;0;10109.0;58.0;0;1;
5757;higher;0;0.0;0;8625.0;52.0;0;1;9.0
5758;primary;0;1.0;1;10439.0;52.0;1;1;11.0
5759;secondary;1;1.0;0;6143.0;46.0;1;0;5.0
5760;higher;1;0.0;1;7622.0;43.0;0;1;7.0
5761;higher;0;1.0;0;8883.0;52.0;1;1;2.0
5762;higher;1;1.0;0;6927.0;43.0;0;0;7.0
5763;higher;1;1.0;1;8794.0;64.0;0;1;27.0
5764;secondary;0;1.0;0;10979.0;58.0;0;1;0.0
5765;secondary;1;1.0;1;10564.0;47.0;0;1;5.0
5766;secondary;1;1.0;1;12628.0;47.0;1;1;5.0
5767;primary;1;1.0;0;9554.0;53.0;0;1;8.0
5768;primary;1;0.0;0;11403.0;49.0;0;1;33.0
5769;primary;1;1.0;1;10080.0;57.0;1;1;9.0
5770;secondary;0;0.0;0;6565.0;57.0;0;1;1.0
5771;secondary;0;1.0;0;7624.0;53.0;1;1;8.0
5772;higher;0;1.0;0;8826.0;50.0;0;0;9.0
5773;higher;0;0.0;0;8986.0;52.0;0;0;10.0
5774;primary;1;0.0;0;8687.0;48.0;0;1;12.0
5775;primary;1;0.0;0;5178.0;47.0;0;1;9.0
5776;higher;0;0.0;1;9125.0;58.0;0;0;12.0
5777;primary;1;1.0;1;6806.0;49.0;1;1;7.0
5778;secondary;1;1.0;0;11071.0;50.0;0;1;13.0
5779;higher;1;0.0;1;11462.0;47.0;0;1;5.0
5780;secondary;1;0.0;0;5702.0;49.0;0;1;7.0
5781;higher;1;1.0;0;11264.0;52.0;0;1;10.0
5782;secondary;1;1.0;0;8931.0;47.0;1;0;12.0
5783;secondary;1;1.0;0;9537.0;59.0;0;0;0.0
5784;secondary;0;0.0;0;6273.0;54.0;0;1;
5785;secondary;1;1.0;0;7321.0;51.0;0;1;12.0
5786;primary;0;1.0;0;7356.0;54.0;0;1;9.0
5787;secondary;1;0.0;0;5288.0;48.0;0;1;3.0
5788;primary;1;0.0;0;8907.0;44.0;0;1;7.0
5789;primary;0;1.0;1;6264.0;47.0;0;1;6.0
5790;primary;1;1.0;1;7691.0;56.0;0;1;13.0
5791;higher;1;0.0;0;6778.0;43.0;0;1;13.0
5792;higher;1;1.0;1;8394.0;37.0;1;1;10.0
5793;primary;1;1.0;1;7154.0;65.0;0;1;0.0
5794;secondary;1;0.0;0;8849.0;62.0;0;1;5.0
5795;higher;1;1.0;0;6471.0;48.0;0;1;7.0
5796;primary;1;1.0;0;10577.0;47.0;0;1;9.0
5797;secondary;1;0.0;1;9897.0;54.0;0;1;13.0
5798;higher;0;0.0;0;8697.0;40.0;0;1;12.0
5799;primary;1;0.0;0;7027.0;45.0;0;1;11.0
5800;secondary;1;0.0;1;11249.0;42.0;0;1;10.0
5801;secondary;1;1.0;1;7410.0;44.0;0;1;5.0
5802;higher;1;1.0;0;6717.0;51.0;1;1;13.0
5803;secondary;0;0.0;1;10343.0;48.0;0;0;4.0
5804;secondary;0;0.0;1;6700.0;46.0;1;0;9.0
5805;higher;1;0.0;0;9268.0;55.0;0;1;8.0
5806;primary;1;1.0;0;4890.0;54.0;0;1;
5807;higher;1;1.0;1;2808.0;30.0;1;1;7.0
5808;secondary;0;1.0;1;7186.0;65.0;1;1;8.0
5809;secondary;0;1.0;1;6344.0;50.0;0;1;12.0
5810;higher;1;1.0;0;8870.0;50.0;1;0;10.0
5811;higher;1;0.0;0;9832.0;42.0;0;0;1.0
5812;primary;1;0.0;0;10517.0;52.0;0;1;11.0
5813;higher;1;0.0;0;11897.0;49.0;0;1;10.0
5814;secondary;0;1.0;0;8107.0;57.0;1;1;17.0
5815;primary;0;1.0;1;10397.0;49.0;1;1;6.0
5816;higher;1;1.0;0;6733.0;53.0;0;1;8.0
5817;secondary;0;0.0;1;10531.0;52.0;0;1;6.0
5818;primary;0;0.0;0;6989.0;59.0;0;1;3.0
5819;secondary;0;0.0;1;7987.0;53.0;0;1;10.0
5820;secondary;1;1.0;0;5751.0;60.0;0;1;4.0
5821;secondary;0;0.0;0;6704.0;58.0;0;1;5.0
5822;higher;1;0.0;0;5482.0;66.0;1;1;14.0
5823;primary;0;1.0;0;;45.0;1;1;8.0
5824;secondary;0;0.0;0;10170.0;46.0;0;0;8.0
5825;higher;1;1.0;0;10460.0;57.0;0;1;8.0
5826;secondary;1;0.0;1;7767.0;59.0;0;1;8.0
5827;secondary;1;1.0;1;5310.0;43.0;0;1;10.0
5828;secondary;0;1.0;0;10906.0;42.0;0;1;11.0
5829;secondary;1;1.0;1;11914.0;42.0;0;1;8.0
5830;primary;0;0.0;0;5342.0;61.0;0;1;13.0
5831;secondary;0;1.0;0;10668.0;54.0;0;0;14.0
5832;secondary;1;0.0;1;7630.0;60.0;0;1;0.0
5833;primary;1;1.0;0;6137.0;58.0;0;0;8.0
5834;primary;0;1.0;1;12785.0;54.0;0;1;
5835;primary;1;0.0;0;9489.0;57.0;0;1;3.0
5836;primary;1;0.0;0;7123.0;55.0;0;1;8.0
5837;higher;1;0.0;0;6986.0;56.0;0;1;8.0
5838;secondary;0;0.0;0;7321.0;59.0;0;1;
5839;primary;1;0.0;0;7682.0;52.0;0;0;11.0
5840;secondary;1;0.0;0;4019.0;62.0;0;0;10.0
5841;higher;1;1.0;0;6622.0;52.0;0;1;
5842;higher;1;0.0;0;5073.0;44.0;0;1;0.0
5843;higher;0;1.0;1;3498.0;49.0;1;1;10.0
5844;secondary;1;0.0;0;8373.0;55.0;0;1;2.0
5845;higher;0;0.0;1;6996.0;53.0;0;1;9.0
5846;secondary;0;0.0;0;7081.0;57.0;0;1;6.0
5847;secondary;1;1.0;0;5102.0;48.0;0;1;6.0
5848;secondary;1;0.0;0;8755.0;46.0;0;1;10.0
5849;primary;1;0.0;0;10349.0;46.0;0;1;6.0
5850;secondary;0;1.0;0;8465.0;58.0;0;1;11.0
5851;secondary;1;1.0;0;5619.0;50.0;1;0;12.0
5852;higher;0;0.0;1;6631.0;;0;0;7.0
5853;secondary;0;1.0;1;6568.0;46.0;1;0;10.0
5854;secondary;0;0.0;1;8456.0;47.0;1;1;8.0
5855;higher;1;;1;9259.0;44.0;0;1;11.0
5856;primary;1;0.0;0;8496.0;54.0;0;1;5.0
5857;higher;0;1.0;1;7052.0;39.0;0;1;5.0
5858;secondary;1;0.0;1;8065.0;55.0;0;0;11.0
5859;higher;1;1.0;0;9849.0;47.0;0;0;10.0
5860;higher;1;0.0;0;10224.0;46.0;1;1;8.0
5861;higher;1;0.0;1;7985.0;49.0;0;1;12.0
5862;secondary;1;1.0;0;7127.0;61.0;0;1;12.0
5863;higher;1;1.0;0;10837.0;38.0;0;1;3.0
5864;higher;1;0.0;1;7409.0;45.0;0;1;4.0
5865;secondary;0;1.0;0;6288.0;48.0;0;1;10.0
5866;secondary;1;1.0;0;7409.0;67.0;0;0;5.0
5867;higher;0;1.0;1;5892.0;40.0;0;1;8.0
5868;higher;1;1.0;0;10491.0;52.0;0;1;3.0
5869;secondary;1;0.0;1;5118.0;46.0;0;1;10.0
5870;primary;0;0.0;0;7533.0;59.0;1;1;5.0
5871;higher;1;0.0;0;7947.0;45.0;0;1;3.0
5872;secondary;1;1.0;0;10994.0;48.0;0;1;8.0
5873;secondary;1;1.0;0;6452.0;43.0;0;1;12.0
5874;higher;1;1.0;0;9907.0;52.0;0;1;9.0
5875;higher;1;0.0;0;11007.0;42.0;0;1;
5876;higher;1;1.0;1;11275.0;;1;1;6.0
5877;secondary;1;0.0;1;4990.0;56.0;0;0;7.0
5878;secondary;0;1.0;0;5860.0;56.0;1;1;8.0
5879;secondary;1;1.0;0;9191.0;49.0;0;0;7.0
5880;higher;1;1.0;1;11143.0;42.0;0;0;10.0
5881;primary;1;0.0;0;8521.0;54.0;1;1;4.0
5882;higher;1;1.0;1;10610.0;52.0;0;0;
5883;primary;1;1.0;0;12796.0;57.0;0;1;11.0
5884;higher;1;0.0;0;11629.0;53.0;0;1;9.0
5885;secondary;0;0.0;0;9276.0;47.0;0;0;5.0
5886;primary;0;0.0;0;5218.0;57.0;0;1;10.0
5887;secondary;0;1.0;0;8429.0;55.0;0;1;3.0
5888;primary;0;1.0;0;9572.0;59.0;0;1;2.0
5889;secondary;0;1.0;1;11437.0;52.0;0;0;12.0
5890;primary;1;0.0;1;8128.0;37.0;0;1;19.0
5891;secondary;1;1.0;0;7439.0;54.0;0;1;2.0
5892;higher;0;0.0;0;7080.0;53.0;0;0;11.0
5893;secondary;1;0.0;0;6020.0;53.0;0;1;7.0
5894;secondary;0;0.0;0;7257.0;62.0;0;1;7.0
5895;primary;1;0.0;1;7227.0;60.0;0;1;9.0
5896;higher;0;1.0;0;13685.0;44.0;0;1;
5897;secondary;1;0.0;1;6748.0;63.0;1;1;12.0
5898;primary;0;0.0;1;7030.0;61.0;0;1;11.0
5899;higher;1;1.0;0;13213.0;50.0;0;0;3.0
5900;secondary;1;1.0;0;13199.0;42.0;0;0;10.0
5901;primary;1;0.0;1;7343.0;57.0;0;1;6.0
5902;secondary;1;0.0;1;10060.0;61.0;0;1;10.0
5903;secondary;1;1.0;0;8919.0;58.0;0;1;
5904;higher;0;1.0;1;7257.0;63.0;0;1;11.0
5905;secondary;0;1.0;0;12778.0;53.0;0;1;8.0
5906;secondary;1;0.0;1;8176.0;57.0;1;1;10.0
5907;primary;1;0.0;1;10373.0;63.0;0;1;14.0
5908;primary;1;1.0;0;8422.0;56.0;0;1;9.0
5909;higher;1;1.0;1;;53.0;1;0;8.0
5910;primary;1;;1;6604.0;65.0;0;1;12.0
5911;higher;1;0.0;0;11237.0;48.0;0;1;8.0
5912;primary;0;;1;12357.0;47.0;1;1;11.0
5913;higher;0;0.0;0;6824.0;45.0;0;0;5.0
5914;higher;1;1.0;1;10521.0;54.0;0;1;7.0
5915;secondary;0;0.0;0;10385.0;52.0;0;0;4.0
5916;primary;1;1.0;0;7274.0;52.0;0;1;10.0
5917;secondary;0;0.0;0;;58.0;0;1;36.0
5918;higher;1;1.0;0;8377.0;43.0;1;1;0.0
5919;higher;1;1.0;0;7334.0;51.0;0;1;5.0
5920;secondary;1;0.0;0;5994.0;51.0;0;1;9.0
5921;secondary;1;1.0;1;6139.0;55.0;1;1;8.0
5922;primary;1;1.0;1;6773.0;47.0;0;1;9.0
5923;primary;1;1.0;0;7945.0;;0;1;
5924;higher;0;1.0;0;6521.0;45.0;0;1;8.0
5925;higher;1;0.0;0;6254.0;40.0;0;0;0.0
5926;higher;1;1.0;0;6579.0;38.0;0;1;13.0
5927;primary;1;0.0;0;11065.0;52.0;0;1;10.0
5928;primary;1;1.0;0;7303.0;;0;1;2.0
5929;secondary;1;1.0;0;10141.0;;0;1;8.0
5930;secondary;1;0.0;0;10093.0;43.0;0;1;12.0
5931;secondary;0;0.0;0;8055.0;51.0;0;1;6.0
5932;secondary;1;1.0;0;8292.0;44.0;0;1;12.0
5933;higher;0;0.0;0;11086.0;43.0;0;1;9.0
5934;higher;1;0.0;1;9643.0;40.0;0;1;9.0
5935;secondary;1;;1;7665.0;48.0;1;1;
5936;secondary;1;1.0;1;6605.0;41.0;0;1;1.0
5937;secondary;1;1.0;1;8705.0;53.0;0;1;6.0
5938;secondary;0;0.0;0;7830.0;55.0;0;1;11.0
5939;primary;1;0.0;1;11525.0;55.0;1;0;8.0
5940;secondary;1;1.0;1;5826.0;63.0;0;1;10.0
5941;primary;1;0.0;0;6413.0;57.0;0;1;11.0
5942;primary;0;0.0;0;;48.0;0;1;
5943;higher;0;1.0;0;8859.0;55.0;0;1;6.0
5944;higher;1;0.0;0;5698.0;44.0;0;0;14.0
5945;higher;0;0.0;1;5154.0;38.0;1;1;6.0
5946;secondary;1;0.0;0;6423.0;52.0;0;0;0.0
5947;primary;1;1.0;0;6472.0;46.0;0;1;1.0
5948;secondary;1;1.0;1;6950.0;43.0;0;1;3.0
5949;secondary;0;1.0;1;5972.0;49.0;1;1;7.0
5950;secondary;1;0.0;1;7266.0;62.0;0;1;
5951;higher;1;0.0;1;7389.0;45.0;0;1;8.0
5952;secondary;1;1.0;0;4997.0;52.0;1;1;2.0
5953;secondary;1;0.0;1;8127.0;48.0;0;0;13.0
5954;secondary;1;0.0;1;9809.0;49.0;0;1;2.0
5955;secondary;1;1.0;1;9727.0;48.0;0;1;11.0
5956;primary;1;0.0;0;5561.0;67.0;1;1;8.0
5957;secondary;1;0.0;1;7002.0;21.0;1;0;32.0
5958;higher;1;1.0;0;12739.0;54.0;0;0;0.0
5959;higher;0;1.0;0;11606.0;48.0;0;0;7.0
5960;secondary;1;1.0;0;14727.0;51.0;0;1;12.0
5961;higher;1;1.0;1;;40.0;1;1;7.0
5962;higher;0;0.0;0;7358.0;56.0;0;1;10.0
5963;higher;1;1.0;0;9782.0;50.0;0;1;9.0
5964;primary;1;1.0;1;6467.0;46.0;1;1;8.0
5965;secondary;0;0.0;0;6675.0;49.0;0;1;5.0
5966;primary;1;1.0;1;8927.0;47.0;0;1;13.0
5967;secondary;1;1.0;1;7173.0;51.0;0;0;4.0
5968;primary;1;0.0;0;6018.0;59.0;0;0;2.0
5969;secondary;1;0.0;0;7871.0;58.0;0;1;9.0
5970;primary;1;1.0;0;8159.0;52.0;0;1;13.0
5971;secondary;0;0.0;0;10790.0;43.0;1;1;10.0
5972;secondary;0;1.0;0;15048.0;35.0;0;1;15.0
5973;higher;1;1.0;0;12625.0;47.0;0;1;12.0
5974;higher;1;1.0;1;10051.0;56.0;1;0;10.0
5975;higher;0;0.0;0;7444.0;43.0;0;0;7.0
5976;higher;0;0.0;0;8422.0;61.0;0;1;13.0
5977;higher;1;1.0;0;6335.0;54.0;0;1;9.0
5978;higher;1;0.0;0;5467.0;47.0;0;0;37.0
5979;secondary;1;1.0;1;12147.0;;0;0;10.0
5980;higher;0;0.0;1;9154.0;52.0;0;1;8.0
5981;higher;0;1.0;1;7133.0;49.0;1;1;6.0
5982;primary;1;1.0;1;6767.0;50.0;0;1;12.0
5983;primary;1;1.0;0;7467.0;51.0;0;1;7.0
5984;secondary;1;0.0;1;12045.0;;0;1;11.0
5985;secondary;1;1.0;0;10149.0;56.0;0;1;5.0
5986;primary;1;0.0;0;7108.0;52.0;0;1;
5987;higher;1;1.0;0;7259.0;45.0;0;1;10.0
5988;higher;1;0.0;1;4622.0;51.0;0;0;13.0
5989;primary;1;0.0;0;11031.0;48.0;0;1;4.0
5990;higher;1;0.0;0;11912.0;53.0;0;0;9.0
5991;secondary;0;1.0;0;;63.0;0;1;6.0
5992;primary;1;0.0;0;8520.0;42.0;0;0;10.0
5993;primary;1;0.0;0;7677.0;60.0;0;1;10.0
5994;secondary;1;0.0;0;8680.0;48.0;0;1;10.0
5995;primary;0;0.0;0;4972.0;53.0;1;1;5.0
5996;higher;1;0.0;1;7395.0;47.0;0;1;13.0
5997;secondary;1;0.0;0;11936.0;55.0;0;1;2.0
5998;secondary;0;0.0;0;8511.0;48.0;0;1;13.0
5999;secondary;1;0.0;1;6513.0;54.0;0;1;